ulpin,compensation_gap_index,compensation_gap_band,compensation_gap_reason,litigation_propensity_score,litigation_propensity_band,litigation_propensity_reason,heir_claim_count,undocumented_claims,contested_claims,share_total_pct,succession_risk_band,succession_reason
09-002-004-284613,56.81,Medium,Compensation sanctioned is 28% below the circle-rate benchmark,23.6,Low,"Clear title, no live litigation on record",0,0,0,0.0,Not Applicable,No heirship claim on file for this parcel
09-002-004-500329,22.72,Low,Compensation is close to the circle-rate benchmark and largely disbursed,43.19,Medium,Dispute at Under Hearing with 1 matter(s) on file,4,0,1,99.7,High,Competing heirship claims over the same parcel
09-002-005-820092,77.64,High,Compensation sanctioned is 65% below the circle-rate benchmark,34.25,Medium,Dispute at Filed with 1 matter(s) on file,4,2,1,100.0,High,Competing heirship claims over the same parcel
09-002-006-374336,51.07,Medium,Only 13% of the sanctioned award has actually been disbursed,45.63,Medium,Dispute at Filed with 1 matter(s) on file,4,3,0,99.5,Medium,3 heir claim(s) without documentary proof — mutation not established
09-002-006-963241,61.95,Medium,Compensation sanctioned is 26% below the circle-rate benchmark,71.6,High,Dispute at Under Hearing with 4 matter(s) on file,0,0,0,0.0,Not Applicable,No heirship claim on file for this parcel
09-002-007-267190,43.76,Medium,Only 49% of the sanctioned award has actually been disbursed,45.05,Medium,A court stay is in force — the acquisition cannot proceed until it is vacated,0,0,0,0.0,Not Applicable,No heirship claim on file for this parcel
09-002-007-366292,62.07,Medium,Compensation sanctioned is 27% below the circle-rate benchmark,38.92,Medium,Title is partial over fragmented holdings — objection risk at award,0,0,0,0.0,Not Applicable,No heirship claim on file for this parcel
09-002-007-873989,31.03,Low,Only 46% of the sanctioned award has actually been disbursed,36.25,Medium,Title is partial over fragmented holdings — objection risk at award,0,0,0,0.0,Not Applicable,No heirship claim on file for this parcel
09-002-008-247131,65.22,Medium,Compensation sanctioned is 48% below the circle-rate benchmark,44.14,Medium,A court stay is in force — the acquisition cannot proceed until it is vacated,2,0,1,100.0,High,Competing heirship claims over the same parcel
09-002-009-306050,17.12,Low,Compensation is close to the circle-rate benchmark and largely disbursed,41.98,Medium,A court stay is in force — the acquisition cannot proceed until it is vacated,0,0,0,0.0,Not Applicable,No heirship claim on file for this parcel
09-002-012-069721,56.17,Medium,Compensation sanctioned is 29% below the circle-rate benchmark,48.2,Medium,A court stay is in force — the acquisition cannot proceed until it is vacated,3,0,2,94.6,High,Competing heirship claims over the same parcel
09-002-012-096995,32.5,Low,Only 41% of the sanctioned award has actually been disbursed,48.73,Medium,Dispute at Filed with 3 matter(s) on file,0,0,0,0.0,Not Applicable,No heirship claim on file for this parcel
09-002-012-287289,39.65,Medium,Compensation sanctioned is 29% below the circle-rate benchmark,7.72,Low,"Clear title, no live litigation on record",3,1,1,96.5,High,Competing heirship claims over the same parcel
09-002-014-978881,33.6,Medium,Only 49% of the sanctioned award has actually been disbursed,53.46,Medium,Dispute at Under Hearing with 2 matter(s) on file,4,1,1,100.0,High,Competing heirship claims over the same parcel
09-002-018-066783,57.08,Medium,Compensation sanctioned is 32% below the circle-rate benchmark,48.3,Medium,Dispute at Under Hearing with 3 matter(s) on file,3,2,0,98.9,Medium,2 heir claim(s) without documentary proof — mutation not established
09-002-018-433132,43.72,Medium,Compensation sanctioned is 26% below the circle-rate benchmark,32.61,Low,Dispute at Under Hearing with 1 matter(s) on file,0,0,0,0.0,Not Applicable,No heirship claim on file for this parcel
09-002-018-699715,67.12,High,Compensation sanctioned is 41% below the circle-rate benchmark,31.87,Low,Dispute at Filed with 2 matter(s) on file,0,0,0,0.0,Not Applicable,No heirship claim on file for this parcel
09-002-018-837892,41.67,Medium,Compensation sanctioned is 26% below the circle-rate benchmark,48.66,Medium,Dispute at Under Hearing with 2 matter(s) on file,4,1,0,100.0,Medium,1 heir claim(s) without documentary proof — mutation not established
09-002-019-319626,19.9,Low,Compensation is close to the circle-rate benchmark and largely disbursed,64.28,Medium,Dispute at Under Hearing with 3 matter(s) on file,4,1,0,97.0,Medium,1 heir claim(s) without documentary proof — mutation not established
09-002-019-518833,13.83,Low,Compensation is close to the circle-rate benchmark and largely disbursed,57.56,Medium,A court stay is in force — the acquisition cannot proceed until it is vacated,2,0,0,100.0,Low,All heirship claims documented
09-002-022-794672,59.89,Medium,Compensation sanctioned is 47% below the circle-rate benchmark,6.05,Low,"Clear title, no live litigation on record",0,0,0,0.0,Not Applicable,No heirship claim on file for this parcel
09-002-024-838219,48.38,Medium,Compensation sanctioned is 31% below the circle-rate benchmark,41.89,Medium,Dispute at Under Hearing with 4 matter(s) on file,0,0,0,0.0,Not Applicable,No heirship claim on file for this parcel
09-002-024-994533,87.78,High,Compensation sanctioned is 65% below the circle-rate benchmark,25.74,Low,Dispute at Filed with 2 matter(s) on file,4,1,1,100.0,High,Competing heirship claims over the same parcel
09-015-003-087671,39.4,Medium,Only 31% of the sanctioned award has actually been disbursed,60.36,Medium,Dispute at Under Hearing with 6 matter(s) on file,3,2,0,100.0,Medium,2 heir claim(s) without documentary proof — mutation not established
09-015-005-300589,83.36,High,Compensation sanctioned is 50% below the circle-rate benchmark,70.56,High,Dispute at Under Hearing with 5 matter(s) on file,0,0,0,0.0,Not Applicable,No heirship claim on file for this parcel
09-015-005-629643,76.04,High,Compensation sanctioned is 65% below the circle-rate benchmark,35.6,Medium,Title is partial over fragmented holdings — objection risk at award,4,2,0,97.3,Medium,2 heir claim(s) without documentary proof — mutation not established
09-015-007-459474,31.37,Low,Compensation is close to the circle-rate benchmark and largely disbursed,41.06,Medium,Title is partial over fragmented holdings — objection risk at award,1,1,0,100.0,Medium,1 heir claim(s) without documentary proof — mutation not established
09-015-007-970801,84.88,High,Compensation sanctioned is 65% below the circle-rate benchmark,45.83,Medium,Dispute at Under Hearing with 2 matter(s) on file,3,0,2,100.0,High,Competing heirship claims over the same parcel
09-015-009-180643,32.13,Low,Only 37% of the sanctioned award has actually been disbursed,65.89,Medium,Dispute at Filed with 3 matter(s) on file,2,0,0,100.0,Low,All heirship claims documented
09-015-009-345447,67.05,High,Compensation sanctioned is 32% below the circle-rate benchmark,53.09,Medium,Title is partial over fragmented holdings — objection risk at award,0,0,0,0.0,Not Applicable,No heirship claim on file for this parcel
09-015-010-415617,17.38,Low,Compensation is close to the circle-rate benchmark and largely disbursed,33.25,Medium,Dispute at Under Hearing with 2 matter(s) on file,0,0,0,0.0,Not Applicable,No heirship claim on file for this parcel
09-015-010-940913,84.38,High,Compensation sanctioned is 54% below the circle-rate benchmark,6.45,Low,"Clear title, no live litigation on record",0,0,0,0.0,Not Applicable,No heirship claim on file for this parcel
09-015-012-869466,42.57,Medium,Only 18% of the sanctioned award has actually been disbursed,9.1,Low,"Clear title, no live litigation on record",0,0,0,0.0,Not Applicable,No heirship claim on file for this parcel
09-015-013-453498,59.96,Medium,Compensation sanctioned is 37% below the circle-rate benchmark,42.69,Medium,Dispute at Under Hearing with 5 matter(s) on file,0,0,0,0.0,Not Applicable,No heirship claim on file for this parcel
09-015-013-630484,67.88,High,Compensation sanctioned is 57% below the circle-rate benchmark,49.74,Medium,Dispute at Filed with 6 matter(s) on file,3,1,0,95.6,Medium,1 heir claim(s) without documentary proof — mutation not established
09-015-013-819804,59.63,Medium,Compensation sanctioned is 43% below the circle-rate benchmark,73.8,High,Dispute at Under Hearing with 8 matter(s) on file,0,0,0,0.0,Not Applicable,No heirship claim on file for this parcel
09-015-015-268798,45.59,Medium,Compensation sanctioned is 27% below the circle-rate benchmark,42.97,Medium,A court stay is in force — the acquisition cannot proceed until it is vacated,0,0,0,0.0,Not Applicable,No heirship claim on file for this parcel
09-015-015-720181,20.71,Low,Only 43% of the sanctioned award has actually been disbursed,13.25,Low,"Clear title, no live litigation on record",0,0,0,0.0,Not Applicable,No heirship claim on file for this parcel
09-015-015-984880,41.3,Medium,Compensation sanctioned is 35% below the circle-rate benchmark,30.46,Low,Dispute at Under Hearing with 2 matter(s) on file,3,1,0,100.0,Medium,1 heir claim(s) without documentary proof — mutation not established
09-015-017-116286,48.94,Medium,Only 20% of the sanctioned award has actually been disbursed,5.66,Low,"Clear title, no live litigation on record",0,0,0,0.0,Not Applicable,No heirship claim on file for this parcel
09-015-017-846324,42.74,Medium,Only 45% of the sanctioned award has actually been disbursed,15.8,Low,"Clear title, no live litigation on record",0,0,0,0.0,Not Applicable,No heirship claim on file for this parcel
09-015-018-017810,52.37,Medium,Compensation sanctioned is 38% below the circle-rate benchmark,49.91,Medium,Title is disputed over fragmented holdings — objection risk at award,3,1,0,100.0,Medium,1 heir claim(s) without documentary proof — mutation not established
09-015-018-040011,40.72,Medium,Compensation sanctioned is 26% below the circle-rate benchmark,77.68,High,A court stay is in force — the acquisition cannot proceed until it is vacated,3,2,1,95.9,High,Competing heirship claims over the same parcel
09-015-018-258288,58.74,Medium,Compensation sanctioned is 35% below the circle-rate benchmark,64.48,Medium,Dispute at Filed with 7 matter(s) on file,3,0,0,95.1,Medium,3 heirs on one parcel — consent risk at award
09-015-019-290559,35.32,Medium,Only 36% of the sanctioned award has actually been disbursed,40.78,Medium,Dispute at Under Hearing with 3 matter(s) on file,0,0,0,0.0,Not Applicable,No heirship claim on file for this parcel
09-015-020-499467,67.81,High,Compensation sanctioned is 51% below the circle-rate benchmark,48.27,Medium,Dispute at Under Hearing with 1 matter(s) on file,0,0,0,0.0,Not Applicable,No heirship claim on file for this parcel
09-015-020-941039,16.84,Low,Compensation is close to the circle-rate benchmark and largely disbursed,54.47,Medium,A court stay is in force — the acquisition cannot proceed until it is vacated,4,2,1,100.0,High,Competing heirship claims over the same parcel
09-015-021-965587,29.6,Low,Compensation is close to the circle-rate benchmark and largely disbursed,3.21,Low,"Clear title, no live litigation on record",2,0,0,91.1,Low,All heirship claims documented
09-015-022-331393,17.84,Low,Compensation is close to the circle-rate benchmark and largely disbursed,23.59,Low,Dispute at Filed with 2 matter(s) on file,4,1,1,100.0,High,Competing heirship claims over the same parcel
09-015-022-486717,43.81,Medium,Compensation sanctioned is 27% below the circle-rate benchmark,54.18,Medium,Dispute at Filed with 4 matter(s) on file,0,0,0,0.0,Not Applicable,No heirship claim on file for this parcel
09-015-023-422636,47.26,Medium,Only 29% of the sanctioned award has actually been disbursed,48.66,Medium,Dispute at Under Hearing with 3 matter(s) on file,4,1,0,94.2,Medium,1 heir claim(s) without documentary proof — mutation not established
09-015-023-594924,75.94,High,Compensation sanctioned is 55% below the circle-rate benchmark,39.43,Medium,Title is disputed over fragmented holdings — objection risk at award,0,0,0,0.0,Not Applicable,No heirship claim on file for this parcel
09-015-024-187536,35.83,Medium,Compensation is close to the circle-rate benchmark and largely disbursed,7.28,Low,"Clear title, no live litigation on record",4,0,2,95.2,High,Competing heirship claims over the same parcel
09-015-024-684741,22.66,Low,Compensation is close to the circle-rate benchmark and largely disbursed,4.94,Low,"Clear title, no live litigation on record",2,0,1,100.0,High,Competing heirship claims over the same parcel
09-031-003-212773,39.55,Medium,Compensation is close to the circle-rate benchmark and largely disbursed,14.26,Low,"Clear title, no live litigation on record",0,0,0,0.0,Not Applicable,No heirship claim on file for this parcel
09-031-004-338225,48.17,Medium,Only 5% of the sanctioned award has actually been disbursed,37.45,Medium,Dispute at Filed with 2 matter(s) on file,0,0,0,0.0,Not Applicable,No heirship claim on file for this parcel
09-031-004-549123,69.66,High,Compensation sanctioned is 42% below the circle-rate benchmark,39.88,Medium,Dispute at Under Hearing with 1 matter(s) on file,4,0,2,100.0,High,Competing heirship claims over the same parcel
09-031-005-205615,22.53,Low,Compensation is close to the circle-rate benchmark and largely disbursed,13.83,Low,"Clear title, no live litigation on record",0,0,0,0.0,Not Applicable,No heirship claim on file for this parcel
09-031-006-277677,53.77,Medium,Compensation sanctioned is 32% below the circle-rate benchmark,7.52,Low,"Clear title, no live litigation on record",0,0,0,0.0,Not Applicable,No heirship claim on file for this parcel
09-031-006-321237,45.5,Medium,Compensation sanctioned is 32% below the circle-rate benchmark,38.79,Medium,Dispute at Under Hearing with 4 matter(s) on file,1,0,0,73.6,Low,All heirship claims documented
09-031-006-348412,71.36,High,Compensation sanctioned is 47% below the circle-rate benchmark,34.37,Medium,Dispute at Under Hearing with 1 matter(s) on file,0,0,0,0.0,Not Applicable,No heirship claim on file for this parcel
09-031-006-779473,70.02,High,Compensation sanctioned is 35% below the circle-rate benchmark,46.0,Medium,Dispute at Under Hearing with 7 matter(s) on file,0,0,0,0.0,Not Applicable,No heirship claim on file for this parcel
09-031-007-719117,53.06,Medium,Only 10% of the sanctioned award has actually been disbursed,3.07,Low,"Clear title, no live litigation on record",3,0,1,100.0,High,Competing heirship claims over the same parcel
09-031-007-727656,46.6,Medium,Compensation sanctioned is 32% below the circle-rate benchmark,40.28,Medium,Dispute at Under Hearing with 1 matter(s) on file,0,0,0,0.0,Not Applicable,No heirship claim on file for this parcel
09-031-008-581607,25.14,Low,Only 48% of the sanctioned award has actually been disbursed,71.6,High,Dispute at Under Hearing with 9 matter(s) on file,1,0,1,71.6,High,Competing heirship claims over the same parcel
09-031-008-739700,34.92,Medium,Only 48% of the sanctioned award has actually been disbursed,5.6,Low,"Clear title, no live litigation on record",0,0,0,0.0,Not Applicable,No heirship claim on file for this parcel
09-031-009-301397,67.98,High,Compensation sanctioned is 36% below the circle-rate benchmark,31.75,Low,Dispute at Under Hearing with 1 matter(s) on file,1,0,1,78.0,High,Competing heirship claims over the same parcel
09-031-009-999808,70.1,High,Compensation sanctioned is 48% below the circle-rate benchmark,23.04,Low,Dispute at Filed with 1 matter(s) on file,0,0,0,0.0,Not Applicable,No heirship claim on file for this parcel
09-031-010-245314,37.02,Medium,Only 46% of the sanctioned award has actually been disbursed,7.72,Low,"Clear title, no live litigation on record",0,0,0,0.0,Not Applicable,No heirship claim on file for this parcel
09-031-010-551779,50.03,Medium,Compensation sanctioned is 26% below the circle-rate benchmark,25.95,Low,Title is partial over fragmented holdings — objection risk at award,1,0,0,100.0,Low,All heirship claims documented
09-031-010-811785,60.55,Medium,Compensation sanctioned is 33% below the circle-rate benchmark,6.26,Low,"Clear title, no live litigation on record",0,0,0,0.0,Not Applicable,No heirship claim on file for this parcel
09-031-010-951761,66.44,High,Compensation sanctioned is 42% below the circle-rate benchmark,56.05,Medium,Dispute at Under Hearing with 3 matter(s) on file,3,2,0,100.0,Medium,2 heir claim(s) without documentary proof — mutation not established
09-031-011-403676,39.0,Medium,Only 47% of the sanctioned award has actually been disbursed,7.63,Low,"Clear title, no live litigation on record",0,0,0,0.0,Not Applicable,No heirship claim on file for this parcel
09-031-011-782923,62.87,Medium,Compensation sanctioned is 58% below the circle-rate benchmark,32.18,Low,Dispute at Filed with 4 matter(s) on file,2,0,1,98.3,High,Competing heirship claims over the same parcel
09-031-011-974744,36.41,Medium,Only 38% of the sanctioned award has actually been disbursed,9.0,Low,"Clear title, no live litigation on record",0,0,0,0.0,Not Applicable,No heirship claim on file for this parcel
09-031-012-013572,26.89,Low,Compensation is close to the circle-rate benchmark and largely disbursed,9.97,Low,"Clear title, no live litigation on record",0,0,0,0.0,Not Applicable,No heirship claim on file for this parcel
09-031-012-968801,32.95,Low,Compensation is close to the circle-rate benchmark and largely disbursed,27.76,Low,Title is partial over fragmented holdings — objection risk at award,0,0,0,0.0,Not Applicable,No heirship claim on file for this parcel
09-031-014-618305,46.15,Medium,Compensation sanctioned is 28% below the circle-rate benchmark,34.54,Medium,Title is partial over fragmented holdings — objection risk at award,4,0,2,100.0,High,Competing heirship claims over the same parcel
09-031-015-251640,85.35,High,Compensation sanctioned is 59% below the circle-rate benchmark,36.77,Medium,Dispute at Under Hearing with 3 matter(s) on file,0,0,0,0.0,Not Applicable,No heirship claim on file for this parcel
09-031-016-995048,40.8,Medium,Compensation is close to the circle-rate benchmark and largely disbursed,44.74,Medium,Dispute at Filed with 2 matter(s) on file,0,0,0,0.0,Not Applicable,No heirship claim on file for this parcel
09-031-018-325979,46.28,Medium,Only 39% of the sanctioned award has actually been disbursed,29.59,Low,Dispute at Under Hearing with 1 matter(s) on file,0,0,0,0.0,Not Applicable,No heirship claim on file for this parcel
09-031-019-872573,71.02,High,Compensation sanctioned is 43% below the circle-rate benchmark,35.59,Medium,Dispute at Under Hearing with 3 matter(s) on file,0,0,0,0.0,Not Applicable,No heirship claim on file for this parcel
09-031-020-450629,61.18,Medium,Compensation sanctioned is 41% below the circle-rate benchmark,36.69,Medium,Dispute at Under Hearing with 1 matter(s) on file,0,0,0,0.0,Not Applicable,No heirship claim on file for this parcel
09-031-022-184217,21.19,Low,Compensation is close to the circle-rate benchmark and largely disbursed,18.88,Low,"Clear title, no live litigation on record",0,0,0,0.0,Not Applicable,No heirship claim on file for this parcel
09-031-023-654734,34.89,Medium,Compensation is close to the circle-rate benchmark and largely disbursed,72.03,High,A court stay is in force — the acquisition cannot proceed until it is vacated,0,0,0,0.0,Not Applicable,No heirship claim on file for this parcel
09-031-023-935005,70.61,High,Compensation sanctioned is 54% below the circle-rate benchmark,30.69,Low,Title is partial over fragmented holdings — objection risk at award,0,0,0,0.0,Not Applicable,No heirship claim on file for this parcel
09-031-024-799118,40.42,Medium,Only 30% of the sanctioned award has actually been disbursed,3.8,Low,"Clear title, no live litigation on record",4,1,0,100.0,Medium,1 heir claim(s) without documentary proof — mutation not established
09-044-002-147956,46.74,Medium,Compensation sanctioned is 31% below the circle-rate benchmark,25.93,Low,Dispute at Filed with 2 matter(s) on file,0,0,0,0.0,Not Applicable,No heirship claim on file for this parcel
09-044-003-334004,68.78,High,Compensation sanctioned is 46% below the circle-rate benchmark,30.9,Low,Dispute at Filed with 3 matter(s) on file,0,0,0,0.0,Not Applicable,No heirship claim on file for this parcel
09-044-006-085636,8.96,Low,Compensation is close to the circle-rate benchmark and largely disbursed,34.28,Medium,Dispute at Under Hearing with 2 matter(s) on file,0,0,0,0.0,Not Applicable,No heirship claim on file for this parcel
09-044-006-290384,37.31,Medium,Only 26% of the sanctioned award has actually been disbursed,10.42,Low,"Clear title, no live litigation on record",0,0,0,0.0,Not Applicable,No heirship claim on file for this parcel
09-044-007-769720,33.14,Medium,Compensation is close to the circle-rate benchmark and largely disbursed,74.81,High,A court stay is in force — the acquisition cannot proceed until it is vacated,0,0,0,0.0,Not Applicable,No heirship claim on file for this parcel
09-044-007-958966,34.75,Medium,Only 18% of the sanctioned award has actually been disbursed,22.62,Low,Dispute at Filed with 1 matter(s) on file,0,0,0,0.0,Not Applicable,No heirship claim on file for this parcel
09-044-008-240799,64.28,Medium,Compensation sanctioned is 50% below the circle-rate benchmark,5.73,Low,"Clear title, no live litigation on record",0,0,0,0.0,Not Applicable,No heirship claim on file for this parcel
09-044-008-926898,44.95,Medium,Compensation is close to the circle-rate benchmark and largely disbursed,11.76,Low,"Clear title, no live litigation on record",0,0,0,0.0,Not Applicable,No heirship claim on file for this parcel
09-044-010-180479,33.42,Medium,Compensation sanctioned is 29% below the circle-rate benchmark,64.26,Medium,A court stay is in force — the acquisition cannot proceed until it is vacated,4,0,3,89.1,High,Competing heirship claims over the same parcel
09-044-010-399385,33.06,Medium,Compensation is close to the circle-rate benchmark and largely disbursed,12.68,Low,"Clear title, no live litigation on record",4,1,0,98.2,Medium,1 heir claim(s) without documentary proof — mutation not established
09-044-011-678937,42.73,Medium,Compensation is close to the circle-rate benchmark and largely disbursed,19.49,Low,Title is partial over fragmented holdings — objection risk at award,4,1,2,100.0,High,Competing heirship claims over the same parcel
09-044-011-783326,50.48,Medium,Compensation sanctioned is 25% below the circle-rate benchmark,18.68,Low,"Clear title, no live litigation on record",1,1,0,100.0,Medium,1 heir claim(s) without documentary proof — mutation not established
09-044-012-825329,73.3,High,Compensation sanctioned is 42% below the circle-rate benchmark,18.22,Low,"Clear title, no live litigation on record",0,0,0,0.0,Not Applicable,No heirship claim on file for this parcel
09-044-013-404185,53.84,Medium,Compensation sanctioned is 35% below the circle-rate benchmark,35.2,Medium,A court stay is in force — the acquisition cannot proceed until it is vacated,1,1,0,100.0,Medium,1 heir claim(s) without documentary proof — mutation not established
09-044-014-641225,68.41,High,Compensation sanctioned is 40% below the circle-rate benchmark,21.32,Low,"Clear title, no live litigation on record",3,1,0,100.0,Medium,1 heir claim(s) without documentary proof — mutation not established
09-044-014-664609,26.02,Low,Compensation is close to the circle-rate benchmark and largely disbursed,37.58,Medium,Title is partial over fragmented holdings — objection risk at award,0,0,0,0.0,Not Applicable,No heirship claim on file for this parcel
09-044-015-501491,21.68,Low,Compensation is close to the circle-rate benchmark and largely disbursed,76.84,High,A court stay is in force — the acquisition cannot proceed until it is vacated,4,3,0,100.0,Medium,3 heir claim(s) without documentary proof — mutation not established
09-044-016-349452,46.88,Medium,Compensation sanctioned is 31% below the circle-rate benchmark,41.5,Medium,A court stay is in force — the acquisition cannot proceed until it is vacated,0,0,0,0.0,Not Applicable,No heirship claim on file for this parcel
09-044-016-605257,51.42,Medium,Only 24% of the sanctioned award has actually been disbursed,53.82,Medium,Dispute at Filed with 5 matter(s) on file,0,0,0,0.0,Not Applicable,No heirship claim on file for this parcel
09-044-016-721787,44.34,Medium,Only 23% of the sanctioned award has actually been disbursed,42.68,Medium,Dispute at Under Hearing with 1 matter(s) on file,0,0,0,0.0,Not Applicable,No heirship claim on file for this parcel
09-044-017-574913,35.85,Medium,Only 33% of the sanctioned award has actually been disbursed,39.88,Medium,Dispute at Under Hearing with 1 matter(s) on file,0,0,0,0.0,Not Applicable,No heirship claim on file for this parcel
09-044-017-935530,14.42,Low,Compensation is close to the circle-rate benchmark and largely disbursed,64.01,Medium,Dispute at Filed with 5 matter(s) on file,0,0,0,0.0,Not Applicable,No heirship claim on file for this parcel
09-044-018-641015,51.05,Medium,Only 27% of the sanctioned award has actually been disbursed,32.79,Low,Dispute at Filed with 1 matter(s) on file,4,2,1,100.0,High,Competing heirship claims over the same parcel
09-044-018-871523,33.46,Medium,Compensation sanctioned is 33% below the circle-rate benchmark,39.48,Medium,Dispute at Filed with 2 matter(s) on file,3,2,0,100.0,Medium,2 heir claim(s) without documentary proof — mutation not established
09-044-019-875747,60.48,Medium,Compensation sanctioned is 53% below the circle-rate benchmark,43.54,Medium,A court stay is in force — the acquisition cannot proceed until it is vacated,0,0,0,0.0,Not Applicable,No heirship claim on file for this parcel
09-044-020-405265,36.51,Medium,Compensation is close to the circle-rate benchmark and largely disbursed,45.46,Medium,A court stay is in force — the acquisition cannot proceed until it is vacated,0,0,0,0.0,Not Applicable,No heirship claim on file for this parcel
09-044-020-626400,70.72,High,Compensation sanctioned is 42% below the circle-rate benchmark,46.72,Medium,Title is disputed over fragmented holdings — objection risk at award,0,0,0,0.0,Not Applicable,No heirship claim on file for this parcel
09-044-023-942817,47.54,Medium,Only 32% of the sanctioned award has actually been disbursed,10.12,Low,"Clear title, no live litigation on record",0,0,0,0.0,Not Applicable,No heirship claim on file for this parcel
09-044-024-422247,41.71,Medium,Compensation sanctioned is 37% below the circle-rate benchmark,33.34,Medium,Dispute at Under Hearing with 1 matter(s) on file,0,0,0,0.0,Not Applicable,No heirship claim on file for this parcel
21-005-001-250927,64.7,Medium,Compensation sanctioned is 44% below the circle-rate benchmark,40.08,Medium,Dispute at Filed with 1 matter(s) on file,3,1,1,100.0,High,Competing heirship claims over the same parcel
21-005-003-657654,60.11,Medium,Compensation sanctioned is 49% below the circle-rate benchmark,61.91,Medium,A court stay is in force — the acquisition cannot proceed until it is vacated,1,1,0,91.9,Medium,1 heir claim(s) without documentary proof — mutation not established
21-005-006-988546,65.97,Medium,Compensation sanctioned is 40% below the circle-rate benchmark,48.2,Medium,A court stay is in force — the acquisition cannot proceed until it is vacated,0,0,0,0.0,Not Applicable,No heirship claim on file for this parcel
21-005-007-105539,29.78,Low,Compensation is close to the circle-rate benchmark and largely disbursed,26.76,Low,Dispute at Under Hearing with 1 matter(s) on file,0,0,0,0.0,Not Applicable,No heirship claim on file for this parcel
21-005-007-293405,42.4,Medium,Compensation sanctioned is 30% below the circle-rate benchmark,39.06,Medium,Dispute at Under Hearing with 3 matter(s) on file,0,0,0,0.0,Not Applicable,No heirship claim on file for this parcel
21-005-008-420826,34.74,Medium,Compensation is close to the circle-rate benchmark and largely disbursed,47.1,Medium,Dispute at Filed with 3 matter(s) on file,2,1,0,100.0,Medium,1 heir claim(s) without documentary proof — mutation not established
21-005-009-621265,47.59,Medium,Compensation sanctioned is 25% below the circle-rate benchmark,7.88,Low,"Clear title, no live litigation on record",0,0,0,0.0,Not Applicable,No heirship claim on file for this parcel
21-005-009-683504,38.66,Medium,Only 49% of the sanctioned award has actually been disbursed,38.24,Medium,Dispute at Filed with 4 matter(s) on file,2,0,1,92.2,High,Competing heirship claims over the same parcel
21-005-011-147025,29.93,Low,Compensation is close to the circle-rate benchmark and largely disbursed,35.03,Medium,Title is partial over fragmented holdings — objection risk at award,0,0,0,0.0,Not Applicable,No heirship claim on file for this parcel
21-005-011-786728,14.95,Low,Compensation is close to the circle-rate benchmark and largely disbursed,31.97,Low,Dispute at Filed with 1 matter(s) on file,4,1,2,100.0,High,Competing heirship claims over the same parcel
21-005-012-204869,26.68,Low,Compensation is close to the circle-rate benchmark and largely disbursed,6.73,Low,"Clear title, no live litigation on record",0,0,0,0.0,Not Applicable,No heirship claim on file for this parcel
21-005-012-977271,29.71,Low,Compensation is close to the circle-rate benchmark and largely disbursed,40.15,Medium,A court stay is in force — the acquisition cannot proceed until it is vacated,0,0,0,0.0,Not Applicable,No heirship claim on file for this parcel
21-005-013-007041,26.61,Low,Compensation is close to the circle-rate benchmark and largely disbursed,30.86,Low,Dispute at Under Hearing with 1 matter(s) on file,0,0,0,0.0,Not Applicable,No heirship claim on file for this parcel
21-005-015-592807,29.08,Low,Compensation is close to the circle-rate benchmark and largely disbursed,22.94,Low,"Clear title, no live litigation on record",0,0,0,0.0,Not Applicable,No heirship claim on file for this parcel
21-005-015-892443,74.96,High,Compensation sanctioned is 65% below the circle-rate benchmark,28.64,Low,Dispute at Under Hearing with 1 matter(s) on file,0,0,0,0.0,Not Applicable,No heirship claim on file for this parcel
21-005-016-212873,54.22,Medium,Compensation sanctioned is 41% below the circle-rate benchmark,29.46,Low,Dispute at Under Hearing with 2 matter(s) on file,3,2,0,95.8,Medium,2 heir claim(s) without documentary proof — mutation not established
21-005-017-021538,31.73,Low,Only 20% of the sanctioned award has actually been disbursed,7.12,Low,"Clear title, no live litigation on record",0,0,0,0.0,Not Applicable,No heirship claim on file for this parcel
21-005-017-162591,37.53,Medium,Compensation is close to the circle-rate benchmark and largely disbursed,5.5,Low,"Clear title, no live litigation on record",0,0,0,0.0,Not Applicable,No heirship claim on file for this parcel
21-005-019-903819,53.72,Medium,Compensation sanctioned is 32% below the circle-rate benchmark,28.53,Low,Dispute at Under Hearing with 1 matter(s) on file,0,0,0,0.0,Not Applicable,No heirship claim on file for this parcel
21-005-020-076194,19.78,Low,Compensation is close to the circle-rate benchmark and largely disbursed,81.89,High,A court stay is in force — the acquisition cannot proceed until it is vacated,0,0,0,0.0,Not Applicable,No heirship claim on file for this parcel
21-005-020-459268,38.51,Medium,Compensation sanctioned is 28% below the circle-rate benchmark,40.55,Medium,Dispute at Under Hearing with 1 matter(s) on file,1,0,1,100.0,High,Competing heirship claims over the same parcel
21-005-022-175155,53.14,Medium,Compensation sanctioned is 27% below the circle-rate benchmark,6.07,Low,"Clear title, no live litigation on record",0,0,0,0.0,Not Applicable,No heirship claim on file for this parcel
21-005-022-199357,40.45,Medium,Only 26% of the sanctioned award has actually been disbursed,8.04,Low,"Clear title, no live litigation on record",0,0,0,0.0,Not Applicable,No heirship claim on file for this parcel
21-005-023-666269,41.38,Medium,Compensation sanctioned is 30% below the circle-rate benchmark,11.06,Low,"Clear title, no live litigation on record",0,0,0,0.0,Not Applicable,No heirship claim on file for this parcel
21-005-024-337424,37.87,Medium,Compensation is close to the circle-rate benchmark and largely disbursed,46.14,Medium,Dispute at Filed with 3 matter(s) on file,2,1,0,100.0,Medium,1 heir claim(s) without documentary proof — mutation not established
21-005-024-424589,64.94,Medium,Compensation sanctioned is 56% below the circle-rate benchmark,66.05,High,Dispute at Under Hearing with 3 matter(s) on file,0,0,0,0.0,Not Applicable,No heirship claim on file for this parcel
21-012-001-738565,33.51,Medium,Compensation is close to the circle-rate benchmark and largely disbursed,43.77,Medium,Dispute at Under Hearing with 2 matter(s) on file,0,0,0,0.0,Not Applicable,No heirship claim on file for this parcel
21-012-004-001947,39.11,Medium,Compensation sanctioned is 37% below the circle-rate benchmark,25.88,Low,Dispute at Filed with 1 matter(s) on file,2,0,1,89.7,High,Competing heirship claims over the same parcel
21-012-004-030336,91.42,High,Compensation sanctioned is 65% below the circle-rate benchmark,38.13,Medium,Dispute at Under Hearing with 4 matter(s) on file,0,0,0,0.0,Not Applicable,No heirship claim on file for this parcel
21-012-007-521759,46.98,Medium,Compensation sanctioned is 30% below the circle-rate benchmark,74.62,High,A court stay is in force — the acquisition cannot proceed until it is vacated,0,0,0,0.0,Not Applicable,No heirship claim on file for this parcel
21-012-007-712206,42.28,Medium,Compensation sanctioned is 29% below the circle-rate benchmark,36.56,Medium,Dispute at Under Hearing with 1 matter(s) on file,0,0,0,0.0,Not Applicable,No heirship claim on file for this parcel
21-012-010-442084,42.65,Medium,Compensation sanctioned is 31% below the circle-rate benchmark,51.46,Medium,Dispute at Under Hearing with 3 matter(s) on file,3,1,0,93.9,Medium,1 heir claim(s) without documentary proof — mutation not established
21-012-011-039271,44.46,Medium,Compensation sanctioned is 29% below the circle-rate benchmark,59.13,Medium,Dispute at Filed with 4 matter(s) on file,1,1,0,100.0,Medium,1 heir claim(s) without documentary proof — mutation not established
21-012-011-176514,34.87,Medium,Compensation is close to the circle-rate benchmark and largely disbursed,17.22,Low,Title is partial over fragmented holdings — objection risk at award,1,0,0,67.3,Low,All heirship claims documented
21-012-011-872921,58.73,Medium,Compensation sanctioned is 38% below the circle-rate benchmark,41.31,Medium,A court stay is in force — the acquisition cannot proceed until it is vacated,0,0,0,0.0,Not Applicable,No heirship claim on file for this parcel
21-012-012-264754,46.17,Medium,Compensation sanctioned is 37% below the circle-rate benchmark,43.18,Medium,A court stay is in force — the acquisition cannot proceed until it is vacated,4,3,1,100.0,High,Competing heirship claims over the same parcel
21-012-014-065558,60.38,Medium,Compensation sanctioned is 29% below the circle-rate benchmark,38.67,Medium,Dispute at Under Hearing with 3 matter(s) on file,0,0,0,0.0,Not Applicable,No heirship claim on file for this parcel
21-012-016-573987,23.55,Low,Only 49% of the sanctioned award has actually been disbursed,14.51,Low,Title is partial over fragmented holdings — objection risk at award,3,0,0,100.0,Medium,3 heirs on one parcel — consent risk at award
21-012-016-832029,36.19,Medium,Compensation is close to the circle-rate benchmark and largely disbursed,26.32,Low,Dispute at Under Hearing with 1 matter(s) on file,0,0,0,0.0,Not Applicable,No heirship claim on file for this parcel
21-012-017-308238,47.18,Medium,Only 34% of the sanctioned award has actually been disbursed,37.12,Medium,Dispute at Under Hearing with 2 matter(s) on file,3,1,0,93.3,Medium,1 heir claim(s) without documentary proof — mutation not established
21-012-017-655235,29.64,Low,Compensation sanctioned is 28% below the circle-rate benchmark,66.04,High,Dispute at Under Hearing with 6 matter(s) on file,4,0,1,100.0,High,Competing heirship claims over the same parcel
21-012-018-340012,22.13,Low,Compensation is close to the circle-rate benchmark and largely disbursed,5.98,Low,"Clear title, no live litigation on record",4,0,2,100.0,High,Competing heirship claims over the same parcel
21-012-018-603940,48.29,Medium,Compensation sanctioned is 37% below the circle-rate benchmark,39.62,Medium,Dispute at Under Hearing with 1 matter(s) on file,4,1,2,100.0,High,Competing heirship claims over the same parcel
21-012-021-517164,86.3,High,Compensation sanctioned is 58% below the circle-rate benchmark,43.08,Medium,Dispute at Under Hearing with 2 matter(s) on file,1,0,0,100.0,Low,All heirship claims documented
21-012-022-367262,52.55,Medium,Compensation sanctioned is 35% below the circle-rate benchmark,16.5,Low,"Clear title, no live litigation on record",0,0,0,0.0,Not Applicable,No heirship claim on file for this parcel
21-012-022-745758,39.52,Medium,Compensation is close to the circle-rate benchmark and largely disbursed,6.14,Low,"Clear title, no live litigation on record",0,0,0,0.0,Not Applicable,No heirship claim on file for this parcel
21-012-024-149588,30.45,Low,Compensation is close to the circle-rate benchmark and largely disbursed,46.48,Medium,A court stay is in force — the acquisition cannot proceed until it is vacated,3,1,1,94.2,High,Competing heirship claims over the same parcel
21-012-024-199195,29.96,Low,Only 37% of the sanctioned award has actually been disbursed,6.36,Low,"Clear title, no live litigation on record",0,0,0,0.0,Not Applicable,No heirship claim on file for this parcel
21-012-024-341332,86.16,High,Compensation sanctioned is 58% below the circle-rate benchmark,60.97,Medium,Dispute at Under Hearing with 5 matter(s) on file,0,0,0,0.0,Not Applicable,No heirship claim on file for this parcel
21-012-024-553314,48.34,Medium,Only 20% of the sanctioned award has actually been disbursed,10.73,Low,"Clear title, no live litigation on record",0,0,0,0.0,Not Applicable,No heirship claim on file for this parcel
21-019-001-138089,36.78,Medium,Only 50% of the sanctioned award has actually been disbursed,8.76,Low,"Clear title, no live litigation on record",0,0,0,0.0,Not Applicable,No heirship claim on file for this parcel
21-019-001-187413,70.74,High,Compensation sanctioned is 44% below the circle-rate benchmark,30.54,Low,Dispute at Under Hearing with 2 matter(s) on file,0,0,0,0.0,Not Applicable,No heirship claim on file for this parcel
21-019-002-291996,29.48,Low,Compensation is close to the circle-rate benchmark and largely disbursed,5.72,Low,"Clear title, no live litigation on record",0,0,0,0.0,Not Applicable,No heirship claim on file for this parcel
21-019-002-373494,72.56,High,Compensation sanctioned is 61% below the circle-rate benchmark,23.57,Low,Dispute at Filed with 2 matter(s) on file,0,0,0,0.0,Not Applicable,No heirship claim on file for this parcel
21-019-002-659698,44.26,Medium,Compensation sanctioned is 25% below the circle-rate benchmark,73.38,High,A court stay is in force — the acquisition cannot proceed until it is vacated,0,0,0,0.0,Not Applicable,No heirship claim on file for this parcel
21-019-003-645108,22.08,Low,Only 50% of the sanctioned award has actually been disbursed,35.94,Medium,Dispute at Filed with 1 matter(s) on file,0,0,0,0.0,Not Applicable,No heirship claim on file for this parcel
21-019-004-813179,30.83,Low,Only 47% of the sanctioned award has actually been disbursed,62.58,Medium,Dispute at Under Hearing with 2 matter(s) on file,0,0,0,0.0,Not Applicable,No heirship claim on file for this parcel
21-019-006-257378,60.53,Medium,Compensation sanctioned is 50% below the circle-rate benchmark,46.12,Medium,Dispute at Filed with 4 matter(s) on file,1,1,0,100.0,Medium,1 heir claim(s) without documentary proof — mutation not established
21-019-007-297332,35.87,Medium,Compensation is close to the circle-rate benchmark and largely disbursed,68.31,High,A court stay is in force — the acquisition cannot proceed until it is vacated,0,0,0,0.0,Not Applicable,No heirship claim on file for this parcel
21-019-007-966961,36.03,Medium,Only 28% of the sanctioned award has actually been disbursed,2.86,Low,"Clear title, no live litigation on record",0,0,0,0.0,Not Applicable,No heirship claim on file for this parcel
21-019-008-698182,42.77,Medium,Compensation sanctioned is 30% below the circle-rate benchmark,11.54,Low,"Clear title, no live litigation on record",0,0,0,0.0,Not Applicable,No heirship claim on file for this parcel
21-019-009-226590,9.72,Low,Compensation is close to the circle-rate benchmark and largely disbursed,38.86,Medium,A court stay is in force — the acquisition cannot proceed until it is vacated,0,0,0,0.0,Not Applicable,No heirship claim on file for this parcel
21-019-009-996875,42.36,Medium,Compensation is close to the circle-rate benchmark and largely disbursed,1.98,Low,"Clear title, no live litigation on record",0,0,0,0.0,Not Applicable,No heirship claim on file for this parcel
21-019-010-250365,29.71,Low,Compensation is close to the circle-rate benchmark and largely disbursed,37.23,Medium,Dispute at Filed with 1 matter(s) on file,2,0,0,93.8,Low,All heirship claims documented
21-019-011-899752,58.62,Medium,Compensation sanctioned is 55% below the circle-rate benchmark,26.44,Low,Dispute at Filed with 2 matter(s) on file,1,1,0,100.0,Medium,1 heir claim(s) without documentary proof — mutation not established
21-019-012-187124,40.15,Medium,Only 22% of the sanctioned award has actually been disbursed,34.02,Medium,Title is disputed over fragmented holdings — objection risk at award,4,1,0,91.6,Medium,1 heir claim(s) without documentary proof — mutation not established
21-019-013-773037,33.84,Medium,Only 36% of the sanctioned award has actually been disbursed,5.26,Low,"Clear title, no live litigation on record",0,0,0,0.0,Not Applicable,No heirship claim on file for this parcel
21-019-013-994290,16.95,Low,Compensation is close to the circle-rate benchmark and largely disbursed,33.11,Medium,Dispute at Filed with 1 matter(s) on file,0,0,0,0.0,Not Applicable,No heirship claim on file for this parcel
21-019-014-988271,51.33,Medium,Compensation sanctioned is 30% below the circle-rate benchmark,18.43,Low,"Clear title, no live litigation on record",0,0,0,0.0,Not Applicable,No heirship claim on file for this parcel
21-019-016-998853,47.63,Medium,Compensation sanctioned is 34% below the circle-rate benchmark,20.6,Low,Title is partial over fragmented holdings — objection risk at award,4,0,0,98.0,Medium,4 heirs on one parcel — consent risk at award
21-019-018-312999,44.72,Medium,Compensation sanctioned is 33% below the circle-rate benchmark,67.89,High,A court stay is in force — the acquisition cannot proceed until it is vacated,0,0,0,0.0,Not Applicable,No heirship claim on file for this parcel
21-019-018-511650,52.99,Medium,Compensation sanctioned is 38% below the circle-rate benchmark,42.03,Medium,Dispute at Under Hearing with 2 matter(s) on file,3,1,1,100.0,High,Competing heirship claims over the same parcel
21-019-019-099733,34.15,Medium,Only 42% of the sanctioned award has actually been disbursed,32.35,Low,Dispute at Filed with 2 matter(s) on file,0,0,0,0.0,Not Applicable,No heirship claim on file for this parcel
21-019-019-960921,78.94,High,Compensation sanctioned is 55% below the circle-rate benchmark,71.54,High,Dispute at Under Hearing with 5 matter(s) on file,0,0,0,0.0,Not Applicable,No heirship claim on file for this parcel
21-019-021-832932,68.62,High,Compensation sanctioned is 46% below the circle-rate benchmark,38.65,Medium,Dispute at Filed with 1 matter(s) on file,0,0,0,0.0,Not Applicable,No heirship claim on file for this parcel
21-019-023-451112,43.13,Medium,Compensation is close to the circle-rate benchmark and largely disbursed,15.45,Low,Title is partial over fragmented holdings — objection risk at award,0,0,0,0.0,Not Applicable,No heirship claim on file for this parcel
21-019-024-331631,48.43,Medium,Only 43% of the sanctioned award has actually been disbursed,56.87,Medium,Dispute at Under Hearing with 7 matter(s) on file,3,0,0,79.1,Medium,3 heirs on one parcel — consent risk at award
21-019-024-663726,55.31,Medium,Compensation sanctioned is 32% below the circle-rate benchmark,47.58,Medium,A court stay is in force — the acquisition cannot proceed until it is vacated,0,0,0,0.0,Not Applicable,No heirship claim on file for this parcel
21-026-001-033765,76.78,High,Compensation sanctioned is 50% below the circle-rate benchmark,27.96,Low,Dispute at Under Hearing with 2 matter(s) on file,1,0,0,81.4,Low,All heirship claims documented
21-026-001-357052,17.7,Low,Compensation is close to the circle-rate benchmark and largely disbursed,9.6,Low,"Clear title, no live litigation on record",0,0,0,0.0,Not Applicable,No heirship claim on file for this parcel
21-026-001-457850,61.48,Medium,Compensation sanctioned is 26% below the circle-rate benchmark,28.62,Low,Dispute at Filed with 2 matter(s) on file,0,0,0,0.0,Not Applicable,No heirship claim on file for this parcel
21-026-001-694145,19.0,Low,Compensation is close to the circle-rate benchmark and largely disbursed,10.97,Low,"Clear title, no live litigation on record",0,0,0,0.0,Not Applicable,No heirship claim on file for this parcel
21-026-002-958256,27.93,Low,Compensation is close to the circle-rate benchmark and largely disbursed,41.49,Medium,A court stay is in force — the acquisition cannot proceed until it is vacated,0,0,0,0.0,Not Applicable,No heirship claim on file for this parcel
21-026-003-542903,57.88,Medium,Compensation sanctioned is 28% below the circle-rate benchmark,4.29,Low,"Clear title, no live litigation on record",2,0,1,91.4,High,Competing heirship claims over the same parcel
21-026-004-937999,37.12,Medium,Compensation is close to the circle-rate benchmark and largely disbursed,66.22,High,Dispute at Filed with 5 matter(s) on file,3,0,1,100.0,High,Competing heirship claims over the same parcel
21-026-005-770237,46.08,Medium,Compensation sanctioned is 37% below the circle-rate benchmark,57.08,Medium,Title is disputed over fragmented holdings — objection risk at award,0,0,0,0.0,Not Applicable,No heirship claim on file for this parcel
21-026-005-799576,18.37,Low,Compensation is close to the circle-rate benchmark and largely disbursed,20.32,Low,"Clear title, no live litigation on record",0,0,0,0.0,Not Applicable,No heirship claim on file for this parcel
21-026-006-273094,64.44,Medium,Compensation sanctioned is 30% below the circle-rate benchmark,28.34,Low,Dispute at Filed with 3 matter(s) on file,0,0,0,0.0,Not Applicable,No heirship claim on file for this parcel
21-026-006-801004,41.86,Medium,Compensation sanctioned is 25% below the circle-rate benchmark,28.37,Low,Title is partial over fragmented holdings — objection risk at award,0,0,0,0.0,Not Applicable,No heirship claim on file for this parcel
21-026-008-513213,58.23,Medium,Compensation sanctioned is 35% below the circle-rate benchmark,6.79,Low,"Clear title, no live litigation on record",0,0,0,0.0,Not Applicable,No heirship claim on file for this parcel
21-026-008-652571,50.83,Medium,Only 35% of the sanctioned award has actually been disbursed,51.68,Medium,Dispute at Filed with 5 matter(s) on file,3,1,1,99.3,High,Competing heirship claims over the same parcel
21-026-009-098076,60.54,Medium,Compensation sanctioned is 34% below the circle-rate benchmark,44.82,Medium,Dispute at Filed with 4 matter(s) on file,0,0,0,0.0,Not Applicable,No heirship claim on file for this parcel
21-026-009-694289,66.42,High,Compensation sanctioned is 40% below the circle-rate benchmark,79.87,High,A court stay is in force — the acquisition cannot proceed until it is vacated,4,1,0,100.0,Medium,1 heir claim(s) without documentary proof — mutation not established
21-026-009-986885,40.52,Medium,Only 48% of the sanctioned award has actually been disbursed,33.52,Medium,Title is partial over fragmented holdings — objection risk at award,0,0,0,0.0,Not Applicable,No heirship claim on file for this parcel
21-026-010-001443,28.35,Low,Compensation is close to the circle-rate benchmark and largely disbursed,33.83,Medium,Dispute at Filed with 1 matter(s) on file,3,1,0,100.0,Medium,1 heir claim(s) without documentary proof — mutation not established
21-026-010-849923,43.84,Medium,Compensation is close to the circle-rate benchmark and largely disbursed,10.6,Low,"Clear title, no live litigation on record",0,0,0,0.0,Not Applicable,No heirship claim on file for this parcel
21-026-011-280692,47.18,Medium,Compensation sanctioned is 34% below the circle-rate benchmark,53.91,Medium,Dispute at Under Hearing with 4 matter(s) on file,0,0,0,0.0,Not Applicable,No heirship claim on file for this parcel
21-026-014-370727,52.61,Medium,Compensation sanctioned is 27% below the circle-rate benchmark,60.62,Medium,Dispute at Filed with 4 matter(s) on file,1,0,0,88.0,Low,All heirship claims documented
21-026-015-050123,37.46,Medium,Compensation sanctioned is 34% below the circle-rate benchmark,15.78,Low,"Clear title, no live litigation on record",1,0,0,78.1,Low,All heirship claims documented
21-026-015-668150,51.45,Medium,Compensation sanctioned is 30% below the circle-rate benchmark,47.8,Medium,Dispute at Under Hearing with 2 matter(s) on file,0,0,0,0.0,Not Applicable,No heirship claim on file for this parcel
21-026-015-965730,57.8,Medium,Compensation sanctioned is 35% below the circle-rate benchmark,44.07,Medium,A court stay is in force — the acquisition cannot proceed until it is vacated,0,0,0,0.0,Not Applicable,No heirship claim on file for this parcel
21-026-018-182337,31.15,Low,Compensation is close to the circle-rate benchmark and largely disbursed,78.77,High,A court stay is in force — the acquisition cannot proceed until it is vacated,3,1,0,100.0,Medium,1 heir claim(s) without documentary proof — mutation not established
21-026-019-095000,67.11,High,Compensation sanctioned is 52% below the circle-rate benchmark,34.84,Medium,Dispute at Filed with 3 matter(s) on file,2,2,0,88.2,Medium,2 heir claim(s) without documentary proof — mutation not established
21-026-019-308724,54.22,Medium,Compensation sanctioned is 45% below the circle-rate benchmark,11.15,Low,"Clear title, no live litigation on record",0,0,0,0.0,Not Applicable,No heirship claim on file for this parcel
21-026-020-567288,32.68,Low,Only 45% of the sanctioned award has actually been disbursed,37.84,Medium,Dispute at Filed with 1 matter(s) on file,0,0,0,0.0,Not Applicable,No heirship claim on file for this parcel
21-026-023-607277,35.46,Medium,Compensation is close to the circle-rate benchmark and largely disbursed,23.33,Low,Dispute at Filed with 1 matter(s) on file,0,0,0,0.0,Not Applicable,No heirship claim on file for this parcel
22-002-001-361870,85.45,High,Compensation sanctioned is 52% below the circle-rate benchmark,11.26,Low,"Clear title, no live litigation on record",0,0,0,0.0,Not Applicable,No heirship claim on file for this parcel
22-002-001-831933,32.15,Low,Compensation sanctioned is 29% below the circle-rate benchmark,52.98,Medium,Title is disputed over fragmented holdings — objection risk at award,2,0,0,100.0,Low,All heirship claims documented
22-002-003-642583,63.19,Medium,Only 11% of the sanctioned award has actually been disbursed,36.84,Medium,Dispute at Under Hearing with 3 matter(s) on file,4,2,1,100.0,High,Competing heirship claims over the same parcel
22-002-003-644798,58.47,Medium,Compensation sanctioned is 49% below the circle-rate benchmark,23.59,Low,Dispute at Filed with 1 matter(s) on file,0,0,0,0.0,Not Applicable,No heirship claim on file for this parcel
22-002-003-731451,45.45,Medium,Compensation sanctioned is 40% below the circle-rate benchmark,26.94,Low,Dispute at Under Hearing with 1 matter(s) on file,4,2,0,95.7,Medium,2 heir claim(s) without documentary proof — mutation not established
22-002-004-192320,27.69,Low,Compensation is close to the circle-rate benchmark and largely disbursed,37.32,Medium,Dispute at Under Hearing with 3 matter(s) on file,0,0,0,0.0,Not Applicable,No heirship claim on file for this parcel
22-002-004-231516,56.86,Medium,Compensation sanctioned is 37% below the circle-rate benchmark,11.0,Low,"Clear title, no live litigation on record",0,0,0,0.0,Not Applicable,No heirship claim on file for this parcel
22-002-005-605965,34.38,Medium,Compensation is close to the circle-rate benchmark and largely disbursed,74.82,High,A court stay is in force — the acquisition cannot proceed until it is vacated,0,0,0,0.0,Not Applicable,No heirship claim on file for this parcel
22-002-006-583299,33.63,Medium,Only 14% of the sanctioned award has actually been disbursed,48.44,Medium,Dispute at Under Hearing with 2 matter(s) on file,2,0,2,100.0,High,Competing heirship claims over the same parcel
22-002-007-199555,36.48,Medium,Only 23% of the sanctioned award has actually been disbursed,41.35,Medium,Dispute at Filed with 1 matter(s) on file,0,0,0,0.0,Not Applicable,No heirship claim on file for this parcel
22-002-007-592318,53.97,Medium,Compensation sanctioned is 33% below the circle-rate benchmark,21.81,Low,Dispute at Filed with 1 matter(s) on file,0,0,0,0.0,Not Applicable,No heirship claim on file for this parcel
22-002-008-335658,52.78,Medium,Compensation sanctioned is 34% below the circle-rate benchmark,4.21,Low,"Clear title, no live litigation on record",3,0,0,100.0,Medium,3 heirs on one parcel — consent risk at award
22-002-008-923294,32.21,Low,Compensation is close to the circle-rate benchmark and largely disbursed,28.08,Low,Dispute at Filed with 3 matter(s) on file,3,0,1,100.0,High,Competing heirship claims over the same parcel
22-002-009-216421,64.45,Medium,Compensation sanctioned is 42% below the circle-rate benchmark,46.11,Medium,A court stay is in force — the acquisition cannot proceed until it is vacated,4,2,2,100.0,High,Competing heirship claims over the same parcel
22-002-009-541227,46.41,Medium,Only 20% of the sanctioned award has actually been disbursed,43.95,Medium,Dispute at Under Hearing with 1 matter(s) on file,0,0,0,0.0,Not Applicable,No heirship claim on file for this parcel
22-002-010-292044,49.15,Medium,Only 12% of the sanctioned award has actually been disbursed,26.87,Low,Dispute at Filed with 1 matter(s) on file,0,0,0,0.0,Not Applicable,No heirship claim on file for this parcel
22-002-010-326081,53.35,Medium,Compensation sanctioned is 46% below the circle-rate benchmark,49.12,Medium,Dispute at Under Hearing with 6 matter(s) on file,0,0,0,0.0,Not Applicable,No heirship claim on file for this parcel
22-002-010-708428,35.18,Medium,Compensation is close to the circle-rate benchmark and largely disbursed,22.32,Low,Dispute at Filed with 1 matter(s) on file,0,0,0,0.0,Not Applicable,No heirship claim on file for this parcel
22-002-010-780310,57.38,Medium,Compensation sanctioned is 47% below the circle-rate benchmark,3.75,Low,"Clear title, no live litigation on record",0,0,0,0.0,Not Applicable,No heirship claim on file for this parcel
22-002-013-975593,64.67,Medium,Compensation sanctioned is 41% below the circle-rate benchmark,68.52,High,Dispute at Filed with 7 matter(s) on file,1,1,0,80.4,Medium,1 heir claim(s) without documentary proof — mutation not established
22-002-014-342105,42.71,Medium,Only 41% of the sanctioned award has actually been disbursed,56.14,Medium,Dispute at Filed with 4 matter(s) on file,2,0,0,97.3,Low,All heirship claims documented
22-002-014-783176,41.88,Medium,Compensation sanctioned is 30% below the circle-rate benchmark,31.32,Low,Dispute at Under Hearing with 1 matter(s) on file,3,1,1,100.0,High,Competing heirship claims over the same parcel
22-002-014-968638,51.15,Medium,Only 32% of the sanctioned award has actually been disbursed,41.27,Medium,A court stay is in force — the acquisition cannot proceed until it is vacated,0,0,0,0.0,Not Applicable,No heirship claim on file for this parcel
22-002-016-709031,36.23,Medium,Compensation is close to the circle-rate benchmark and largely disbursed,38.41,Medium,Dispute at Under Hearing with 2 matter(s) on file,0,0,0,0.0,Not Applicable,No heirship claim on file for this parcel
22-002-016-810586,9.7,Low,Compensation is close to the circle-rate benchmark and largely disbursed,28.76,Low,Dispute at Under Hearing with 1 matter(s) on file,2,0,0,100.0,Low,All heirship claims documented
22-002-017-463019,61.97,Medium,Compensation sanctioned is 45% below the circle-rate benchmark,39.65,Medium,Title is partial over fragmented holdings — objection risk at award,1,1,0,86.5,Medium,1 heir claim(s) without documentary proof — mutation not established
22-002-018-182753,35.03,Medium,Only 17% of the sanctioned award has actually been disbursed,40.03,Medium,Dispute at Under Hearing with 1 matter(s) on file,3,0,1,91.0,High,Competing heirship claims over the same parcel
22-002-019-299770,53.53,Medium,Only 40% of the sanctioned award has actually been disbursed,42.17,Medium,Dispute at Filed with 3 matter(s) on file,3,0,0,100.0,Medium,3 heirs on one parcel — consent risk at award
22-002-019-640682,57.32,Medium,Compensation sanctioned is 41% below the circle-rate benchmark,32.87,Low,Dispute at Under Hearing with 1 matter(s) on file,3,1,1,91.9,High,Competing heirship claims over the same parcel
22-002-022-310918,62.6,Medium,Compensation sanctioned is 41% below the circle-rate benchmark,61.23,Medium,A court stay is in force — the acquisition cannot proceed until it is vacated,4,0,2,100.0,High,Competing heirship claims over the same parcel
22-002-022-348266,18.31,Low,Compensation is close to the circle-rate benchmark and largely disbursed,58.73,Medium,Dispute at Filed with 2 matter(s) on file,0,0,0,0.0,Not Applicable,No heirship claim on file for this parcel
22-002-022-420389,28.04,Low,Compensation is close to the circle-rate benchmark and largely disbursed,43.54,Medium,Dispute at Under Hearing with 1 matter(s) on file,2,2,0,100.0,Medium,2 heir claim(s) without documentary proof — mutation not established
22-002-023-768360,94.8,High,Compensation sanctioned is 56% below the circle-rate benchmark,45.92,Medium,A court stay is in force — the acquisition cannot proceed until it is vacated,2,1,0,100.0,Medium,1 heir claim(s) without documentary proof — mutation not established
22-002-023-912116,45.14,Medium,Only 26% of the sanctioned award has actually been disbursed,5.65,Low,"Clear title, no live litigation on record",0,0,0,0.0,Not Applicable,No heirship claim on file for this parcel
22-002-024-084926,46.82,Medium,Compensation sanctioned is 26% below the circle-rate benchmark,4.88,Low,"Clear title, no live litigation on record",0,0,0,0.0,Not Applicable,No heirship claim on file for this parcel
22-009-001-772885,58.5,Medium,Compensation sanctioned is 27% below the circle-rate benchmark,29.18,Low,Dispute at Filed with 2 matter(s) on file,0,0,0,0.0,Not Applicable,No heirship claim on file for this parcel
22-009-001-966349,18.18,Low,Compensation is close to the circle-rate benchmark and largely disbursed,31.71,Low,Dispute at Filed with 3 matter(s) on file,0,0,0,0.0,Not Applicable,No heirship claim on file for this parcel
22-009-002-176327,23.72,Low,Only 49% of the sanctioned award has actually been disbursed,5.84,Low,"Clear title, no live litigation on record",0,0,0,0.0,Not Applicable,No heirship claim on file for this parcel
22-009-002-219883,17.92,Low,Compensation is close to the circle-rate benchmark and largely disbursed,57.58,Medium,A court stay is in force — the acquisition cannot proceed until it is vacated,1,0,1,94.5,High,Competing heirship claims over the same parcel
22-009-002-243259,59.12,Medium,Only 15% of the sanctioned award has actually been disbursed,44.57,Medium,Dispute at Under Hearing with 2 matter(s) on file,0,0,0,0.0,Not Applicable,No heirship claim on file for this parcel
22-009-003-212798,44.51,Medium,Compensation sanctioned is 38% below the circle-rate benchmark,34.43,Medium,Dispute at Under Hearing with 2 matter(s) on file,0,0,0,0.0,Not Applicable,No heirship claim on file for this parcel
22-009-003-276112,75.75,High,Compensation sanctioned is 53% below the circle-rate benchmark,27.87,Low,Dispute at Filed with 2 matter(s) on file,2,1,0,86.2,Medium,1 heir claim(s) without documentary proof — mutation not established
22-009-004-262101,25.1,Low,Compensation is close to the circle-rate benchmark and largely disbursed,6.95,Low,"Clear title, no live litigation on record",0,0,0,0.0,Not Applicable,No heirship claim on file for this parcel
22-009-004-500684,82.24,High,Compensation sanctioned is 48% below the circle-rate benchmark,24.43,Low,Dispute at Under Hearing with 1 matter(s) on file,0,0,0,0.0,Not Applicable,No heirship claim on file for this parcel
22-009-004-522374,50.49,Medium,Compensation sanctioned is 41% below the circle-rate benchmark,33.57,Medium,Dispute at Under Hearing with 2 matter(s) on file,0,0,0,0.0,Not Applicable,No heirship claim on file for this parcel
22-009-007-337564,67.44,High,Compensation sanctioned is 32% below the circle-rate benchmark,30.74,Low,Dispute at Under Hearing with 2 matter(s) on file,0,0,0,0.0,Not Applicable,No heirship claim on file for this parcel
22-009-007-960071,19.09,Low,Only 49% of the sanctioned award has actually been disbursed,6.24,Low,"Clear title, no live litigation on record",0,0,0,0.0,Not Applicable,No heirship claim on file for this parcel
22-009-008-472058,41.0,Medium,Compensation sanctioned is 33% below the circle-rate benchmark,44.13,Medium,A court stay is in force — the acquisition cannot proceed until it is vacated,0,0,0,0.0,Not Applicable,No heirship claim on file for this parcel
22-009-010-139561,62.88,Medium,Compensation sanctioned is 33% below the circle-rate benchmark,36.44,Medium,Dispute at Under Hearing with 3 matter(s) on file,0,0,0,0.0,Not Applicable,No heirship claim on file for this parcel
22-009-011-853396,38.46,Medium,Only 8% of the sanctioned award has actually been disbursed,23.31,Low,Dispute at Filed with 1 matter(s) on file,0,0,0,0.0,Not Applicable,No heirship claim on file for this parcel
22-009-012-513964,45.47,Medium,Compensation sanctioned is 34% below the circle-rate benchmark,7.18,Low,"Clear title, no live litigation on record",0,0,0,0.0,Not Applicable,No heirship claim on file for this parcel
22-009-013-311291,79.54,High,Compensation sanctioned is 58% below the circle-rate benchmark,46.3,Medium,Dispute at Filed with 7 matter(s) on file,0,0,0,0.0,Not Applicable,No heirship claim on file for this parcel
22-009-013-481454,69.35,High,Compensation sanctioned is 49% below the circle-rate benchmark,50.86,Medium,Dispute at Filed with 5 matter(s) on file,0,0,0,0.0,Not Applicable,No heirship claim on file for this parcel
22-009-014-008304,32.83,Low,Compensation is close to the circle-rate benchmark and largely disbursed,62.16,Medium,Dispute at Under Hearing with 2 matter(s) on file,0,0,0,0.0,Not Applicable,No heirship claim on file for this parcel
22-009-014-331358,27.76,Low,Compensation is close to the circle-rate benchmark and largely disbursed,3.63,Low,"Clear title, no live litigation on record",0,0,0,0.0,Not Applicable,No heirship claim on file for this parcel
22-009-015-710252,54.23,Medium,Compensation sanctioned is 39% below the circle-rate benchmark,5.28,Low,"Clear title, no live litigation on record",0,0,0,0.0,Not Applicable,No heirship claim on file for this parcel
22-009-018-967292,46.95,Medium,Compensation sanctioned is 40% below the circle-rate benchmark,28.08,Low,Dispute at Filed with 2 matter(s) on file,4,3,0,93.5,Medium,3 heir claim(s) without documentary proof — mutation not established
22-009-020-067439,40.94,Medium,Only 40% of the sanctioned award has actually been disbursed,37.7,Medium,Dispute at Under Hearing with 3 matter(s) on file,0,0,0,0.0,Not Applicable,No heirship claim on file for this parcel
22-009-020-203958,56.36,Medium,Compensation sanctioned is 35% below the circle-rate benchmark,63.63,Medium,A court stay is in force — the acquisition cannot proceed until it is vacated,2,2,0,94.7,Medium,2 heir claim(s) without documentary proof — mutation not established
22-009-021-025825,36.15,Medium,Only 36% of the sanctioned award has actually been disbursed,54.66,Medium,A court stay is in force — the acquisition cannot proceed until it is vacated,0,0,0,0.0,Not Applicable,No heirship claim on file for this parcel
22-009-021-420306,51.14,Medium,Compensation sanctioned is 35% below the circle-rate benchmark,62.31,Medium,Dispute at Filed with 4 matter(s) on file,1,1,0,100.0,Medium,1 heir claim(s) without documentary proof — mutation not established
22-009-021-451815,62.7,Medium,Compensation sanctioned is 45% below the circle-rate benchmark,48.55,Medium,Dispute at Under Hearing with 3 matter(s) on file,1,0,0,100.0,Low,All heirship claims documented
22-009-021-927813,45.78,Medium,Compensation sanctioned is 28% below the circle-rate benchmark,6.42,Low,"Clear title, no live litigation on record",0,0,0,0.0,Not Applicable,No heirship claim on file for this parcel
22-009-022-705887,71.19,High,Compensation sanctioned is 55% below the circle-rate benchmark,36.83,Medium,Dispute at Under Hearing with 2 matter(s) on file,0,0,0,0.0,Not Applicable,No heirship claim on file for this parcel
22-009-023-040045,28.14,Low,Compensation is close to the circle-rate benchmark and largely disbursed,0.0,Low,"Clear title, no live litigation on record",0,0,0,0.0,Not Applicable,No heirship claim on file for this parcel
22-014-003-019606,16.3,Low,Compensation is close to the circle-rate benchmark and largely disbursed,59.19,Medium,Dispute at Under Hearing with 5 matter(s) on file,2,0,0,100.0,Low,All heirship claims documented
22-014-003-088548,58.31,Medium,Compensation sanctioned is 46% below the circle-rate benchmark,26.58,Low,Dispute at Filed with 1 matter(s) on file,0,0,0,0.0,Not Applicable,No heirship claim on file for this parcel
22-014-003-242905,57.82,Medium,Compensation sanctioned is 38% below the circle-rate benchmark,61.05,Medium,Dispute at Filed with 4 matter(s) on file,0,0,0,0.0,Not Applicable,No heirship claim on file for this parcel
22-014-003-570750,34.72,Medium,Compensation sanctioned is 28% below the circle-rate benchmark,24.76,Low,Dispute at Filed with 1 matter(s) on file,0,0,0,0.0,Not Applicable,No heirship claim on file for this parcel
22-014-004-452829,47.21,Medium,Compensation sanctioned is 30% below the circle-rate benchmark,40.84,Medium,A court stay is in force — the acquisition cannot proceed until it is vacated,3,0,1,92.8,High,Competing heirship claims over the same parcel
22-014-005-537148,22.15,Low,Only 45% of the sanctioned award has actually been disbursed,6.32,Low,"Clear title, no live litigation on record",0,0,0,0.0,Not Applicable,No heirship claim on file for this parcel
22-014-006-813946,47.44,Medium,Only 23% of the sanctioned award has actually been disbursed,70.67,High,Dispute at Under Hearing with 4 matter(s) on file,0,0,0,0.0,Not Applicable,No heirship claim on file for this parcel
22-014-007-664694,38.83,Medium,Only 24% of the sanctioned award has actually been disbursed,64.91,Medium,Dispute at Under Hearing with 8 matter(s) on file,4,1,1,100.0,High,Competing heirship claims over the same parcel
22-014-008-482155,65.77,Medium,Compensation sanctioned is 50% below the circle-rate benchmark,12.79,Low,"Clear title, no live litigation on record",0,0,0,0.0,Not Applicable,No heirship claim on file for this parcel
22-014-009-112459,43.38,Medium,Only 40% of the sanctioned award has actually been disbursed,47.07,Medium,Title is disputed over fragmented holdings — objection risk at award,3,3,0,97.1,Medium,3 heir claim(s) without documentary proof — mutation not established
22-014-009-741647,32.62,Low,Compensation sanctioned is 30% below the circle-rate benchmark,42.89,Medium,A court stay is in force — the acquisition cannot proceed until it is vacated,2,0,1,100.0,High,Competing heirship claims over the same parcel
22-014-011-342646,40.72,Medium,Compensation sanctioned is 31% below the circle-rate benchmark,11.98,Low,"Clear title, no live litigation on record",4,1,0,95.5,Medium,1 heir claim(s) without documentary proof — mutation not established
22-014-011-799681,16.41,Low,Compensation is close to the circle-rate benchmark and largely disbursed,61.5,Medium,Dispute at Under Hearing with 5 matter(s) on file,1,0,0,100.0,Low,All heirship claims documented
22-014-011-945886,31.8,Low,Compensation is close to the circle-rate benchmark and largely disbursed,34.28,Medium,Dispute at Under Hearing with 1 matter(s) on file,3,0,2,96.5,High,Competing heirship claims over the same parcel
22-014-012-594344,36.64,Medium,Compensation sanctioned is 31% below the circle-rate benchmark,34.59,Medium,Dispute at Under Hearing with 2 matter(s) on file,0,0,0,0.0,Not Applicable,No heirship claim on file for this parcel
22-014-012-813733,41.52,Medium,Only 32% of the sanctioned award has actually been disbursed,32.09,Low,Dispute at Under Hearing with 1 matter(s) on file,0,0,0,0.0,Not Applicable,No heirship claim on file for this parcel
22-014-013-660569,38.56,Medium,Only 32% of the sanctioned award has actually been disbursed,18.97,Low,Dispute at Filed with 1 matter(s) on file,1,0,0,63.1,Low,All heirship claims documented
22-014-013-719914,76.27,High,Compensation sanctioned is 45% below the circle-rate benchmark,61.35,Medium,Dispute at Filed with 3 matter(s) on file,3,1,0,100.0,Medium,1 heir claim(s) without documentary proof — mutation not established
22-014-013-822415,35.94,Medium,Only 22% of the sanctioned award has actually been disbursed,48.23,Medium,Dispute at Under Hearing with 4 matter(s) on file,0,0,0,0.0,Not Applicable,No heirship claim on file for this parcel
22-014-014-138282,56.58,Medium,Only 37% of the sanctioned award has actually been disbursed,32.54,Low,Dispute at Filed with 1 matter(s) on file,3,1,0,100.0,Medium,1 heir claim(s) without documentary proof — mutation not established
22-014-016-234546,46.38,Medium,Only 23% of the sanctioned award has actually been disbursed,62.37,Medium,Dispute at Under Hearing with 5 matter(s) on file,3,1,1,100.0,High,Competing heirship claims over the same parcel
22-014-017-221878,68.19,High,Compensation sanctioned is 30% below the circle-rate benchmark,56.16,Medium,Dispute at Under Hearing with 8 matter(s) on file,0,0,0,0.0,Not Applicable,No heirship claim on file for this parcel
22-014-017-781394,39.37,Medium,Compensation sanctioned is 25% below the circle-rate benchmark,29.93,Low,Title is partial over fragmented holdings — objection risk at award,4,3,1,100.0,High,Competing heirship claims over the same parcel
22-014-017-793907,50.57,Medium,Compensation sanctioned is 31% below the circle-rate benchmark,5.23,Low,"Clear title, no live litigation on record",4,2,1,100.0,High,Competing heirship claims over the same parcel
22-014-018-128587,67.24,High,Compensation sanctioned is 62% below the circle-rate benchmark,38.62,Medium,Dispute at Filed with 2 matter(s) on file,0,0,0,0.0,Not Applicable,No heirship claim on file for this parcel
22-014-019-874264,65.28,Medium,Compensation sanctioned is 49% below the circle-rate benchmark,23.49,Low,Dispute at Filed with 1 matter(s) on file,0,0,0,0.0,Not Applicable,No heirship claim on file for this parcel
22-014-019-915871,34.26,Medium,Only 21% of the sanctioned award has actually been disbursed,62.32,Medium,Dispute at Under Hearing with 3 matter(s) on file,0,0,0,0.0,Not Applicable,No heirship claim on file for this parcel
22-014-020-275962,30.54,Low,Only 31% of the sanctioned award has actually been disbursed,25.7,Low,Dispute at Under Hearing with 1 matter(s) on file,0,0,0,0.0,Not Applicable,No heirship claim on file for this parcel
22-014-021-856754,61.36,Medium,Compensation sanctioned is 34% below the circle-rate benchmark,4.59,Low,"Clear title, no live litigation on record",0,0,0,0.0,Not Applicable,No heirship claim on file for this parcel
22-014-023-503989,48.72,Medium,Only 28% of the sanctioned award has actually been disbursed,56.82,Medium,A court stay is in force — the acquisition cannot proceed until it is vacated,2,1,0,100.0,Medium,1 heir claim(s) without documentary proof — mutation not established
22-018-001-023764,34.76,Medium,Compensation is close to the circle-rate benchmark and largely disbursed,26.86,Low,Dispute at Filed with 2 matter(s) on file,2,2,0,100.0,Medium,2 heir claim(s) without documentary proof — mutation not established
22-018-001-545491,51.97,Medium,Compensation sanctioned is 28% below the circle-rate benchmark,63.86,Medium,A court stay is in force — the acquisition cannot proceed until it is vacated,0,0,0,0.0,Not Applicable,No heirship claim on file for this parcel
22-018-001-716122,45.64,Medium,Compensation sanctioned is 38% below the circle-rate benchmark,5.08,Low,"Clear title, no live litigation on record",0,0,0,0.0,Not Applicable,No heirship claim on file for this parcel
22-018-002-476787,40.86,Medium,Only 48% of the sanctioned award has actually been disbursed,59.93,Medium,A court stay is in force — the acquisition cannot proceed until it is vacated,2,0,1,88.7,High,Competing heirship claims over the same parcel
22-018-003-186466,42.82,Medium,Only 47% of the sanctioned award has actually been disbursed,9.56,Low,"Clear title, no live litigation on record",0,0,0,0.0,Not Applicable,No heirship claim on file for this parcel
22-018-003-316142,25.52,Low,Compensation is close to the circle-rate benchmark and largely disbursed,14.07,Low,"Clear title, no live litigation on record",1,1,0,100.0,Medium,1 heir claim(s) without documentary proof — mutation not established
22-018-003-425514,41.97,Medium,Only 25% of the sanctioned award has actually been disbursed,11.29,Low,"Clear title, no live litigation on record",0,0,0,0.0,Not Applicable,No heirship claim on file for this parcel
22-018-005-566774,16.12,Low,Compensation is close to the circle-rate benchmark and largely disbursed,48.22,Medium,Dispute at Filed with 4 matter(s) on file,2,1,0,98.8,Medium,1 heir claim(s) without documentary proof — mutation not established
22-018-006-970351,20.66,Low,Compensation is close to the circle-rate benchmark and largely disbursed,67.36,High,Dispute at Under Hearing with 3 matter(s) on file,0,0,0,0.0,Not Applicable,No heirship claim on file for this parcel
22-018-007-031791,54.39,Medium,Only 9% of the sanctioned award has actually been disbursed,55.64,Medium,Dispute at Filed with 5 matter(s) on file,1,0,0,67.5,Low,All heirship claims documented
22-018-007-427108,30.91,Low,Compensation is close to the circle-rate benchmark and largely disbursed,61.32,Medium,Dispute at Filed with 4 matter(s) on file,1,0,0,100.0,Low,All heirship claims documented
22-018-009-028179,58.68,Medium,Compensation sanctioned is 51% below the circle-rate benchmark,26.82,Low,Dispute at Filed with 2 matter(s) on file,0,0,0,0.0,Not Applicable,No heirship claim on file for this parcel
22-018-012-901195,38.68,Medium,Only 46% of the sanctioned award has actually been disbursed,24.06,Low,Dispute at Filed with 2 matter(s) on file,0,0,0,0.0,Not Applicable,No heirship claim on file for this parcel
22-018-013-296622,46.25,Medium,Only 21% of the sanctioned award has actually been disbursed,49.54,Medium,A court stay is in force — the acquisition cannot proceed until it is vacated,0,0,0,0.0,Not Applicable,No heirship claim on file for this parcel
22-018-014-152454,76.78,High,Compensation sanctioned is 44% below the circle-rate benchmark,33.36,Medium,Dispute at Filed with 4 matter(s) on file,0,0,0,0.0,Not Applicable,No heirship claim on file for this parcel
22-018-014-243421,7.02,Low,Compensation is close to the circle-rate benchmark and largely disbursed,8.42,Low,"Clear title, no live litigation on record",0,0,0,0.0,Not Applicable,No heirship claim on file for this parcel
22-018-015-281782,34.18,Medium,Compensation is close to the circle-rate benchmark and largely disbursed,29.7,Low,Title is partial over fragmented holdings — objection risk at award,4,1,0,100.0,Medium,1 heir claim(s) without documentary proof — mutation not established
22-018-015-420983,64.29,Medium,Compensation sanctioned is 38% below the circle-rate benchmark,55.09,Medium,Title is disputed over fragmented holdings — objection risk at award,2,1,0,90.0,Medium,1 heir claim(s) without documentary proof — mutation not established
22-018-016-513419,45.17,Medium,Compensation is close to the circle-rate benchmark and largely disbursed,42.82,Medium,Dispute at Filed with 1 matter(s) on file,0,0,0,0.0,Not Applicable,No heirship claim on file for this parcel
22-018-016-820400,51.74,Medium,Only 10% of the sanctioned award has actually been disbursed,4.74,Low,"Clear title, no live litigation on record",0,0,0,0.0,Not Applicable,No heirship claim on file for this parcel
22-018-016-872581,68.59,High,Compensation sanctioned is 50% below the circle-rate benchmark,60.57,Medium,Dispute at Filed with 5 matter(s) on file,1,0,1,74.9,High,Competing heirship claims over the same parcel
22-018-017-394037,43.7,Medium,Only 39% of the sanctioned award has actually been disbursed,10.12,Low,"Clear title, no live litigation on record",0,0,0,0.0,Not Applicable,No heirship claim on file for this parcel
22-018-017-780109,53.88,Medium,Compensation sanctioned is 28% below the circle-rate benchmark,33.93,Medium,Title is partial over fragmented holdings — objection risk at award,1,0,1,98.9,High,Competing heirship claims over the same parcel
22-018-019-687038,59.24,Medium,Only 25% of the sanctioned award has actually been disbursed,28.1,Low,Dispute at Under Hearing with 1 matter(s) on file,4,0,1,100.0,High,Competing heirship claims over the same parcel
22-018-020-948330,37.68,Medium,Compensation is close to the circle-rate benchmark and largely disbursed,39.19,Medium,Dispute at Filed with 1 matter(s) on file,0,0,0,0.0,Not Applicable,No heirship claim on file for this parcel
22-018-021-025320,31.45,Low,Compensation sanctioned is 25% below the circle-rate benchmark,18.7,Low,Title is partial over fragmented holdings — objection risk at award,0,0,0,0.0,Not Applicable,No heirship claim on file for this parcel
22-018-021-350278,45.73,Medium,Compensation sanctioned is 30% below the circle-rate benchmark,41.83,Medium,Dispute at Filed with 3 matter(s) on file,0,0,0,0.0,Not Applicable,No heirship claim on file for this parcel
22-018-021-586883,49.39,Medium,Compensation sanctioned is 37% below the circle-rate benchmark,25.95,Low,Dispute at Filed with 2 matter(s) on file,0,0,0,0.0,Not Applicable,No heirship claim on file for this parcel
22-018-021-691048,43.56,Medium,Compensation sanctioned is 28% below the circle-rate benchmark,56.56,Medium,A court stay is in force — the acquisition cannot proceed until it is vacated,2,0,0,100.0,Low,All heirship claims documented
22-018-021-968127,48.09,Medium,Only 33% of the sanctioned award has actually been disbursed,49.26,Medium,Dispute at Filed with 1 matter(s) on file,0,0,0,0.0,Not Applicable,No heirship claim on file for this parcel
22-018-024-418496,46.8,Medium,Compensation sanctioned is 27% below the circle-rate benchmark,45.95,Medium,A court stay is in force — the acquisition cannot proceed until it is vacated,0,0,0,0.0,Not Applicable,No heirship claim on file for this parcel
22-018-024-885603,34.74,Medium,Only 27% of the sanctioned award has actually been disbursed,16.15,Low,Title is partial over fragmented holdings — objection risk at award,4,1,2,93.2,High,Competing heirship claims over the same parcel
22-018-024-953394,46.04,Medium,Only 14% of the sanctioned award has actually been disbursed,39.53,Medium,A court stay is in force — the acquisition cannot proceed until it is vacated,0,0,0,0.0,Not Applicable,No heirship claim on file for this parcel
23-004-001-197598,38.13,Medium,Compensation sanctioned is 25% below the circle-rate benchmark,28.55,Low,Title is partial over fragmented holdings — objection risk at award,3,1,1,92.0,High,Competing heirship claims over the same parcel
23-004-002-021181,46.69,Medium,Compensation sanctioned is 26% below the circle-rate benchmark,59.14,Medium,Dispute at Under Hearing with 2 matter(s) on file,2,0,1,91.7,High,Competing heirship claims over the same parcel
23-004-003-065678,29.37,Low,Compensation is close to the circle-rate benchmark and largely disbursed,38.57,Medium,A court stay is in force — the acquisition cannot proceed until it is vacated,0,0,0,0.0,Not Applicable,No heirship claim on file for this parcel
23-004-004-590038,47.08,Medium,Compensation sanctioned is 42% below the circle-rate benchmark,47.69,Medium,A court stay is in force — the acquisition cannot proceed until it is vacated,2,0,1,91.0,High,Competing heirship claims over the same parcel
23-004-005-150803,50.47,Medium,Only 27% of the sanctioned award has actually been disbursed,21.66,Low,Dispute at Filed with 1 matter(s) on file,1,1,0,75.1,Medium,1 heir claim(s) without documentary proof — mutation not established
23-004-005-460454,67.71,High,Compensation sanctioned is 51% below the circle-rate benchmark,64.34,Medium,A court stay is in force — the acquisition cannot proceed until it is vacated,3,1,1,100.0,High,Competing heirship claims over the same parcel
23-004-006-093855,31.74,Low,Compensation is close to the circle-rate benchmark and largely disbursed,7.61,Low,"Clear title, no live litigation on record",0,0,0,0.0,Not Applicable,No heirship claim on file for this parcel
23-004-009-955041,53.5,Medium,Compensation sanctioned is 27% below the circle-rate benchmark,38.96,Medium,Dispute at Under Hearing with 3 matter(s) on file,0,0,0,0.0,Not Applicable,No heirship claim on file for this parcel
23-004-010-095966,56.03,Medium,Compensation sanctioned is 34% below the circle-rate benchmark,8.86,Low,"Clear title, no live litigation on record",0,0,0,0.0,Not Applicable,No heirship claim on file for this parcel
23-004-010-714020,31.25,Low,Compensation is close to the circle-rate benchmark and largely disbursed,70.86,High,Dispute at Under Hearing with 9 matter(s) on file,0,0,0,0.0,Not Applicable,No heirship claim on file for this parcel
23-004-011-004994,44.49,Medium,Only 41% of the sanctioned award has actually been disbursed,66.73,High,Dispute at Under Hearing with 4 matter(s) on file,4,1,0,100.0,Medium,1 heir claim(s) without documentary proof — mutation not established
23-004-011-299727,41.7,Medium,Compensation sanctioned is 33% below the circle-rate benchmark,32.06,Low,Dispute at Under Hearing with 2 matter(s) on file,0,0,0,0.0,Not Applicable,No heirship claim on file for this parcel
23-004-012-503573,19.76,Low,Compensation is close to the circle-rate benchmark and largely disbursed,43.33,Medium,Dispute at Under Hearing with 2 matter(s) on file,0,0,0,0.0,Not Applicable,No heirship claim on file for this parcel
23-004-013-037075,18.3,Low,Compensation is close to the circle-rate benchmark and largely disbursed,65.32,Medium,A court stay is in force — the acquisition cannot proceed until it is vacated,0,0,0,0.0,Not Applicable,No heirship claim on file for this parcel
23-004-013-849153,44.28,Medium,Compensation sanctioned is 33% below the circle-rate benchmark,16.23,Low,"Clear title, no live litigation on record",0,0,0,0.0,Not Applicable,No heirship claim on file for this parcel
23-004-017-758244,36.1,Medium,Only 38% of the sanctioned award has actually been disbursed,5.38,Low,"Clear title, no live litigation on record",0,0,0,0.0,Not Applicable,No heirship claim on file for this parcel
23-004-018-841296,56.19,Medium,Compensation sanctioned is 39% below the circle-rate benchmark,26.09,Low,Dispute at Filed with 1 matter(s) on file,0,0,0,0.0,Not Applicable,No heirship claim on file for this parcel
23-004-019-012227,39.38,Medium,Compensation sanctioned is 27% below the circle-rate benchmark,24.08,Low,Dispute at Filed with 1 matter(s) on file,0,0,0,0.0,Not Applicable,No heirship claim on file for this parcel
23-004-019-847768,39.49,Medium,Only 37% of the sanctioned award has actually been disbursed,46.35,Medium,A court stay is in force — the acquisition cannot proceed until it is vacated,0,0,0,0.0,Not Applicable,No heirship claim on file for this parcel
23-004-020-557776,38.98,Medium,Only 20% of the sanctioned award has actually been disbursed,41.25,Medium,Dispute at Filed with 3 matter(s) on file,0,0,0,0.0,Not Applicable,No heirship claim on file for this parcel
23-004-021-604729,42.12,Medium,Compensation is close to the circle-rate benchmark and largely disbursed,24.38,Low,Title is partial over fragmented holdings — objection risk at award,0,0,0,0.0,Not Applicable,No heirship claim on file for this parcel
23-016-002-431793,58.92,Medium,Compensation sanctioned is 36% below the circle-rate benchmark,23.46,Low,Title is partial over fragmented holdings — objection risk at award,0,0,0,0.0,Not Applicable,No heirship claim on file for this parcel
23-016-005-294751,50.7,Medium,Compensation sanctioned is 25% below the circle-rate benchmark,42.82,Medium,Dispute at Under Hearing with 1 matter(s) on file,0,0,0,0.0,Not Applicable,No heirship claim on file for this parcel
23-016-005-952491,22.53,Low,Only 37% of the sanctioned award has actually been disbursed,13.56,Low,Title is partial over fragmented holdings — objection risk at award,0,0,0,0.0,Not Applicable,No heirship claim on file for this parcel
23-016-008-480112,15.23,Low,Compensation is close to the circle-rate benchmark and largely disbursed,27.67,Low,Dispute at Under Hearing with 1 matter(s) on file,0,0,0,0.0,Not Applicable,No heirship claim on file for this parcel
23-016-010-263519,52.8,Medium,Only 3% of the sanctioned award has actually been disbursed,72.81,High,A court stay is in force — the acquisition cannot proceed until it is vacated,0,0,0,0.0,Not Applicable,No heirship claim on file for this parcel
23-016-010-298309,55.61,Medium,Compensation sanctioned is 26% below the circle-rate benchmark,43.82,Medium,A court stay is in force — the acquisition cannot proceed until it is vacated,4,0,1,100.0,High,Competing heirship claims over the same parcel
23-016-010-430888,84.88,High,Compensation sanctioned is 52% below the circle-rate benchmark,48.98,Medium,Dispute at Under Hearing with 3 matter(s) on file,0,0,0,0.0,Not Applicable,No heirship claim on file for this parcel
23-016-011-215124,51.38,Medium,Compensation sanctioned is 35% below the circle-rate benchmark,28.55,Low,Title is partial over fragmented holdings — objection risk at award,1,0,0,100.0,Low,All heirship claims documented
23-016-018-510973,60.46,Medium,Compensation sanctioned is 26% below the circle-rate benchmark,7.34,Low,"Clear title, no live litigation on record",0,0,0,0.0,Not Applicable,No heirship claim on file for this parcel
23-016-019-487040,68.62,High,Compensation sanctioned is 37% below the circle-rate benchmark,21.59,Low,Dispute at Filed with 1 matter(s) on file,3,1,2,100.0,High,Competing heirship claims over the same parcel
23-016-020-768275,15.7,Low,Compensation is close to the circle-rate benchmark and largely disbursed,7.86,Low,"Clear title, no live litigation on record",1,0,1,100.0,High,Competing heirship claims over the same parcel
23-016-021-062988,43.1,Medium,Compensation sanctioned is 29% below the circle-rate benchmark,9.93,Low,"Clear title, no live litigation on record",0,0,0,0.0,Not Applicable,No heirship claim on file for this parcel
23-016-021-366099,20.39,Low,Compensation is close to the circle-rate benchmark and largely disbursed,2.8,Low,"Clear title, no live litigation on record",0,0,0,0.0,Not Applicable,No heirship claim on file for this parcel
23-016-021-561047,44.03,Medium,Compensation sanctioned is 29% below the circle-rate benchmark,7.81,Low,"Clear title, no live litigation on record",0,0,0,0.0,Not Applicable,No heirship claim on file for this parcel
23-016-022-297348,64.4,Medium,Compensation sanctioned is 42% below the circle-rate benchmark,27.15,Low,Dispute at Filed with 1 matter(s) on file,0,0,0,0.0,Not Applicable,No heirship claim on file for this parcel
23-016-022-614297,33.14,Medium,Only 37% of the sanctioned award has actually been disbursed,40.0,Medium,A court stay is in force — the acquisition cannot proceed until it is vacated,0,0,0,0.0,Not Applicable,No heirship claim on file for this parcel
23-016-022-952940,63.66,Medium,Compensation sanctioned is 48% below the circle-rate benchmark,29.18,Low,Dispute at Under Hearing with 1 matter(s) on file,0,0,0,0.0,Not Applicable,No heirship claim on file for this parcel
23-016-023-315833,47.65,Medium,Compensation sanctioned is 31% below the circle-rate benchmark,17.72,Low,"Clear title, no live litigation on record",1,0,0,85.7,Low,All heirship claims documented
23-016-024-215387,37.36,Medium,Only 44% of the sanctioned award has actually been disbursed,15.62,Low,"Clear title, no live litigation on record",0,0,0,0.0,Not Applicable,No heirship claim on file for this parcel
23-028-003-517002,58.79,Medium,Compensation sanctioned is 27% below the circle-rate benchmark,28.25,Low,Dispute at Filed with 1 matter(s) on file,3,0,0,100.0,Medium,3 heirs on one parcel — consent risk at award
23-028-003-529604,71.15,High,Compensation sanctioned is 52% below the circle-rate benchmark,42.76,Medium,Dispute at Filed with 3 matter(s) on file,4,1,0,99.3,Medium,1 heir claim(s) without documentary proof — mutation not established
23-028-003-670909,62.5,Medium,Compensation sanctioned is 37% below the circle-rate benchmark,35.58,Medium,Dispute at Under Hearing with 1 matter(s) on file,0,0,0,0.0,Not Applicable,No heirship claim on file for this parcel
23-028-004-042521,49.71,Medium,Compensation sanctioned is 27% below the circle-rate benchmark,28.59,Low,Dispute at Under Hearing with 1 matter(s) on file,2,1,0,90.7,Medium,1 heir claim(s) without documentary proof — mutation not established
23-028-004-804705,39.13,Medium,Compensation sanctioned is 33% below the circle-rate benchmark,25.08,Low,Title is partial over fragmented holdings — objection risk at award,3,2,1,100.0,High,Competing heirship claims over the same parcel
23-028-005-493813,54.0,Medium,Compensation sanctioned is 42% below the circle-rate benchmark,55.08,Medium,A court stay is in force — the acquisition cannot proceed until it is vacated,0,0,0,0.0,Not Applicable,No heirship claim on file for this parcel
23-028-006-428938,17.2,Low,Compensation is close to the circle-rate benchmark and largely disbursed,44.37,Medium,Dispute at Filed with 4 matter(s) on file,2,1,1,100.0,High,Competing heirship claims over the same parcel
23-028-006-699935,32.92,Low,Only 17% of the sanctioned award has actually been disbursed,58.54,Medium,Dispute at Under Hearing with 4 matter(s) on file,2,1,1,100.0,High,Competing heirship claims over the same parcel
23-028-009-350448,20.45,Low,Compensation is close to the circle-rate benchmark and largely disbursed,39.54,Medium,Title is partial over fragmented holdings — objection risk at award,3,1,1,100.0,High,Competing heirship claims over the same parcel
23-028-009-366887,16.52,Low,Compensation is close to the circle-rate benchmark and largely disbursed,48.83,Medium,Dispute at Under Hearing with 1 matter(s) on file,1,0,0,100.0,Low,All heirship claims documented
23-028-009-648235,42.06,Medium,Compensation sanctioned is 26% below the circle-rate benchmark,56.83,Medium,Dispute at Filed with 3 matter(s) on file,1,0,0,100.0,Low,All heirship claims documented
23-028-011-237736,46.93,Medium,Compensation sanctioned is 42% below the circle-rate benchmark,34.27,Medium,Dispute at Under Hearing with 2 matter(s) on file,0,0,0,0.0,Not Applicable,No heirship claim on file for this parcel
23-028-013-717386,38.33,Medium,Compensation is close to the circle-rate benchmark and largely disbursed,27.93,Low,Dispute at Filed with 2 matter(s) on file,0,0,0,0.0,Not Applicable,No heirship claim on file for this parcel
23-028-014-466935,41.18,Medium,Only 24% of the sanctioned award has actually been disbursed,10.69,Low,"Clear title, no live litigation on record",1,0,0,63.6,Low,All heirship claims documented
23-028-014-694966,37.29,Medium,Compensation sanctioned is 25% below the circle-rate benchmark,57.92,Medium,Dispute at Under Hearing with 3 matter(s) on file,4,1,0,100.0,Medium,1 heir claim(s) without documentary proof — mutation not established
23-028-015-262626,47.38,Medium,Compensation sanctioned is 34% below the circle-rate benchmark,5.37,Low,"Clear title, no live litigation on record",0,0,0,0.0,Not Applicable,No heirship claim on file for this parcel
23-028-017-616704,71.73,High,Compensation sanctioned is 65% below the circle-rate benchmark,54.61,Medium,A court stay is in force — the acquisition cannot proceed until it is vacated,0,0,0,0.0,Not Applicable,No heirship claim on file for this parcel
23-028-018-084890,55.88,Medium,Compensation sanctioned is 30% below the circle-rate benchmark,29.43,Low,Dispute at Under Hearing with 1 matter(s) on file,2,0,0,100.0,Low,All heirship claims documented
23-028-018-298105,36.99,Medium,Only 47% of the sanctioned award has actually been disbursed,39.24,Medium,A court stay is in force — the acquisition cannot proceed until it is vacated,0,0,0,0.0,Not Applicable,No heirship claim on file for this parcel
23-028-018-479015,32.33,Low,Compensation is close to the circle-rate benchmark and largely disbursed,7.26,Low,"Clear title, no live litigation on record",0,0,0,0.0,Not Applicable,No heirship claim on file for this parcel
23-028-018-538523,37.45,Medium,Only 49% of the sanctioned award has actually been disbursed,57.19,Medium,A court stay is in force — the acquisition cannot proceed until it is vacated,0,0,0,0.0,Not Applicable,No heirship claim on file for this parcel
23-028-018-777122,36.88,Medium,Compensation is close to the circle-rate benchmark and largely disbursed,5.88,Low,"Clear title, no live litigation on record",0,0,0,0.0,Not Applicable,No heirship claim on file for this parcel
23-028-021-103247,26.36,Low,Compensation is close to the circle-rate benchmark and largely disbursed,44.44,Medium,A court stay is in force — the acquisition cannot proceed until it is vacated,0,0,0,0.0,Not Applicable,No heirship claim on file for this parcel
23-028-021-863404,45.23,Medium,Only 34% of the sanctioned award has actually been disbursed,49.49,Medium,Dispute at Filed with 4 matter(s) on file,0,0,0,0.0,Not Applicable,No heirship claim on file for this parcel
23-028-021-892002,42.64,Medium,Only 24% of the sanctioned award has actually been disbursed,41.15,Medium,Dispute at Filed with 2 matter(s) on file,0,0,0,0.0,Not Applicable,No heirship claim on file for this parcel
23-028-022-544680,47.36,Medium,Compensation sanctioned is 27% below the circle-rate benchmark,22.72,Low,Dispute at Filed with 1 matter(s) on file,0,0,0,0.0,Not Applicable,No heirship claim on file for this parcel
23-028-024-197282,28.92,Low,Compensation is close to the circle-rate benchmark and largely disbursed,43.62,Medium,A court stay is in force — the acquisition cannot proceed until it is vacated,0,0,0,0.0,Not Applicable,No heirship claim on file for this parcel
23-033-002-472071,45.85,Medium,Only 14% of the sanctioned award has actually been disbursed,51.65,Medium,Dispute at Under Hearing with 3 matter(s) on file,3,1,1,98.8,High,Competing heirship claims over the same parcel
23-033-003-670128,75.47,High,Compensation sanctioned is 65% below the circle-rate benchmark,43.19,Medium,Dispute at Under Hearing with 4 matter(s) on file,0,0,0,0.0,Not Applicable,No heirship claim on file for this parcel
23-033-004-337896,70.9,High,Compensation sanctioned is 41% below the circle-rate benchmark,28.15,Low,Dispute at Filed with 2 matter(s) on file,2,1,0,86.6,Medium,1 heir claim(s) without documentary proof — mutation not established
23-033-005-677236,49.57,Medium,Only 38% of the sanctioned award has actually been disbursed,6.19,Low,"Clear title, no live litigation on record",0,0,0,0.0,Not Applicable,No heirship claim on file for this parcel
23-033-007-742467,30.87,Low,Compensation is close to the circle-rate benchmark and largely disbursed,35.05,Medium,Dispute at Filed with 3 matter(s) on file,0,0,0,0.0,Not Applicable,No heirship claim on file for this parcel
23-033-008-121651,45.94,Medium,Compensation sanctioned is 29% below the circle-rate benchmark,34.28,Medium,Dispute at Under Hearing with 3 matter(s) on file,0,0,0,0.0,Not Applicable,No heirship claim on file for this parcel
23-033-009-619375,61.02,Medium,Compensation sanctioned is 26% below the circle-rate benchmark,28.6,Low,Dispute at Filed with 3 matter(s) on file,0,0,0,0.0,Not Applicable,No heirship claim on file for this parcel
23-033-010-217866,58.74,Medium,Compensation sanctioned is 46% below the circle-rate benchmark,71.45,High,Dispute at Under Hearing with 9 matter(s) on file,1,0,0,79.0,Low,All heirship claims documented
23-033-011-737585,51.99,Medium,Only 14% of the sanctioned award has actually been disbursed,41.56,Medium,A court stay is in force — the acquisition cannot proceed until it is vacated,0,0,0,0.0,Not Applicable,No heirship claim on file for this parcel
23-033-012-331638,38.65,Medium,Compensation sanctioned is 32% below the circle-rate benchmark,46.17,Medium,Dispute at Filed with 1 matter(s) on file,0,0,0,0.0,Not Applicable,No heirship claim on file for this parcel
23-033-012-909547,49.64,Medium,Only 33% of the sanctioned award has actually been disbursed,64.38,Medium,Dispute at Filed with 4 matter(s) on file,2,0,1,90.5,High,Competing heirship claims over the same parcel
23-033-014-835539,53.92,Medium,Compensation sanctioned is 29% below the circle-rate benchmark,22.82,Low,"Clear title, no live litigation on record",2,0,1,88.4,High,Competing heirship claims over the same parcel
23-033-015-841738,41.86,Medium,Only 12% of the sanctioned award has actually been disbursed,26.17,Low,Dispute at Filed with 1 matter(s) on file,3,1,0,85.2,Medium,1 heir claim(s) without documentary proof — mutation not established
23-033-016-644629,24.92,Low,Compensation is close to the circle-rate benchmark and largely disbursed,48.0,Medium,Dispute at Under Hearing with 3 matter(s) on file,3,0,1,100.0,High,Competing heirship claims over the same parcel
23-033-017-079894,82.01,High,Compensation sanctioned is 61% below the circle-rate benchmark,57.34,Medium,Dispute at Under Hearing with 6 matter(s) on file,0,0,0,0.0,Not Applicable,No heirship claim on file for this parcel
23-033-018-663495,34.49,Medium,Only 48% of the sanctioned award has actually been disbursed,59.94,Medium,A court stay is in force — the acquisition cannot proceed until it is vacated,0,0,0,0.0,Not Applicable,No heirship claim on file for this parcel
23-033-018-810137,42.93,Medium,Compensation sanctioned is 25% below the circle-rate benchmark,35.76,Medium,Dispute at Under Hearing with 1 matter(s) on file,0,0,0,0.0,Not Applicable,No heirship claim on file for this parcel
23-033-019-156498,69.29,High,Compensation sanctioned is 30% below the circle-rate benchmark,31.56,Low,Dispute at Under Hearing with 1 matter(s) on file,3,0,1,100.0,High,Competing heirship claims over the same parcel
23-033-020-446058,37.19,Medium,Compensation sanctioned is 28% below the circle-rate benchmark,28.9,Low,Dispute at Filed with 2 matter(s) on file,0,0,0,0.0,Not Applicable,No heirship claim on file for this parcel
23-033-020-797383,22.87,Low,Compensation is close to the circle-rate benchmark and largely disbursed,7.98,Low,"Clear title, no live litigation on record",0,0,0,0.0,Not Applicable,No heirship claim on file for this parcel
23-033-022-948550,58.96,Medium,Only 15% of the sanctioned award has actually been disbursed,31.16,Low,Title is partial over fragmented holdings — objection risk at award,1,0,1,92.1,High,Competing heirship claims over the same parcel
23-033-023-979338,32.3,Low,Only 45% of the sanctioned award has actually been disbursed,58.68,Medium,Dispute at Under Hearing with 5 matter(s) on file,0,0,0,0.0,Not Applicable,No heirship claim on file for this parcel
27-001-002-033233,22.75,Low,Compensation is close to the circle-rate benchmark and largely disbursed,46.42,Medium,Dispute at Under Hearing with 1 matter(s) on file,0,0,0,0.0,Not Applicable,No heirship claim on file for this parcel
27-001-002-170453,25.32,Low,Compensation is close to the circle-rate benchmark and largely disbursed,19.71,Low,Title is partial over fragmented holdings — objection risk at award,1,1,0,83.8,Medium,1 heir claim(s) without documentary proof — mutation not established
27-001-002-554599,36.85,Medium,Only 40% of the sanctioned award has actually been disbursed,59.89,Medium,A court stay is in force — the acquisition cannot proceed until it is vacated,4,1,0,100.0,Medium,1 heir claim(s) without documentary proof — mutation not established
27-001-003-373557,40.76,Medium,Only 43% of the sanctioned award has actually been disbursed,25.7,Low,Dispute at Filed with 2 matter(s) on file,0,0,0,0.0,Not Applicable,No heirship claim on file for this parcel
27-001-003-822573,36.58,Medium,Compensation is close to the circle-rate benchmark and largely disbursed,23.08,Low,Dispute at Filed with 1 matter(s) on file,3,2,0,95.8,Medium,2 heir claim(s) without documentary proof — mutation not established
27-001-004-922750,44.95,Medium,Only 50% of the sanctioned award has actually been disbursed,8.35,Low,"Clear title, no live litigation on record",4,2,1,100.0,High,Competing heirship claims over the same parcel
27-001-007-996044,40.78,Medium,Compensation sanctioned is 33% below the circle-rate benchmark,24.04,Low,Dispute at Filed with 1 matter(s) on file,0,0,0,0.0,Not Applicable,No heirship claim on file for this parcel
27-001-009-036876,17.2,Low,Compensation is close to the circle-rate benchmark and largely disbursed,8.96,Low,"Clear title, no live litigation on record",0,0,0,0.0,Not Applicable,No heirship claim on file for this parcel
27-001-009-050185,20.78,Low,Compensation is close to the circle-rate benchmark and largely disbursed,45.16,Medium,A court stay is in force — the acquisition cannot proceed until it is vacated,0,0,0,0.0,Not Applicable,No heirship claim on file for this parcel
27-001-009-170912,60.44,Medium,Compensation sanctioned is 31% below the circle-rate benchmark,70.24,High,Dispute at Under Hearing with 8 matter(s) on file,0,0,0,0.0,Not Applicable,No heirship claim on file for this parcel
27-001-009-520920,38.17,Medium,Only 5% of the sanctioned award has actually been disbursed,60.48,Medium,Dispute at Under Hearing with 2 matter(s) on file,0,0,0,0.0,Not Applicable,No heirship claim on file for this parcel
27-001-012-918143,23.28,Low,Only 49% of the sanctioned award has actually been disbursed,2.4,Low,"Clear title, no live litigation on record",0,0,0,0.0,Not Applicable,No heirship claim on file for this parcel
27-001-013-406899,83.44,High,Compensation sanctioned is 53% below the circle-rate benchmark,54.56,Medium,A court stay is in force — the acquisition cannot proceed until it is vacated,2,1,1,88.6,High,Competing heirship claims over the same parcel
27-001-013-421750,44.24,Medium,Compensation sanctioned is 28% below the circle-rate benchmark,46.33,Medium,Dispute at Filed with 2 matter(s) on file,0,0,0,0.0,Not Applicable,No heirship claim on file for this parcel
27-001-013-521331,22.68,Low,Only 47% of the sanctioned award has actually been disbursed,58.46,Medium,Dispute at Filed with 4 matter(s) on file,2,0,0,100.0,Low,All heirship claims documented
27-001-014-085914,65.57,Medium,Compensation sanctioned is 34% below the circle-rate benchmark,67.91,High,Dispute at Filed with 11 matter(s) on file,2,0,1,89.2,High,Competing heirship claims over the same parcel
27-001-015-405987,35.43,Medium,Compensation is close to the circle-rate benchmark and largely disbursed,60.51,Medium,A court stay is in force — the acquisition cannot proceed until it is vacated,2,0,1,100.0,High,Competing heirship claims over the same parcel
27-001-016-928452,53.92,Medium,Compensation sanctioned is 31% below the circle-rate benchmark,26.82,Low,Dispute at Under Hearing with 1 matter(s) on file,0,0,0,0.0,Not Applicable,No heirship claim on file for this parcel
27-001-017-023647,32.76,Low,Compensation is close to the circle-rate benchmark and largely disbursed,42.66,Medium,A court stay is in force — the acquisition cannot proceed until it is vacated,0,0,0,0.0,Not Applicable,No heirship claim on file for this parcel
27-001-017-532116,46.76,Medium,Compensation sanctioned is 36% below the circle-rate benchmark,30.05,Low,Dispute at Filed with 2 matter(s) on file,0,0,0,0.0,Not Applicable,No heirship claim on file for this parcel
27-001-017-880105,32.98,Low,Only 20% of the sanctioned award has actually been disbursed,37.98,Medium,A court stay is in force — the acquisition cannot proceed until it is vacated,1,1,0,100.0,Medium,1 heir claim(s) without documentary proof — mutation not established
27-001-018-953474,57.62,Medium,Compensation sanctioned is 26% below the circle-rate benchmark,40.67,Medium,Dispute at Filed with 3 matter(s) on file,0,0,0,0.0,Not Applicable,No heirship claim on file for this parcel
27-001-019-044121,58.74,Medium,Compensation sanctioned is 29% below the circle-rate benchmark,40.3,Medium,A court stay is in force — the acquisition cannot proceed until it is vacated,0,0,0,0.0,Not Applicable,No heirship claim on file for this parcel
27-001-019-123169,49.9,Medium,Only 18% of the sanctioned award has actually been disbursed,44.36,Medium,A court stay is in force — the acquisition cannot proceed until it is vacated,3,0,0,92.0,Medium,3 heirs on one parcel — consent risk at award
27-001-019-688441,49.96,Medium,Only 20% of the sanctioned award has actually been disbursed,9.29,Low,"Clear title, no live litigation on record",0,0,0,0.0,Not Applicable,No heirship claim on file for this parcel
27-001-019-900824,64.7,Medium,Compensation sanctioned is 43% below the circle-rate benchmark,51.2,Medium,Dispute at Filed with 4 matter(s) on file,2,0,0,99.3,Low,All heirship claims documented
27-001-021-201524,74.39,High,Compensation sanctioned is 47% below the circle-rate benchmark,32.17,Low,Dispute at Under Hearing with 2 matter(s) on file,0,0,0,0.0,Not Applicable,No heirship claim on file for this parcel
27-001-021-354655,50.72,Medium,Compensation sanctioned is 29% below the circle-rate benchmark,73.56,High,Dispute at Under Hearing with 5 matter(s) on file,4,1,0,99.2,Medium,1 heir claim(s) without documentary proof — mutation not established
27-001-022-863752,42.86,Medium,Compensation sanctioned is 33% below the circle-rate benchmark,61.29,Medium,A court stay is in force — the acquisition cannot proceed until it is vacated,2,0,0,85.8,Low,All heirship claims documented
27-001-023-118983,19.0,Low,Compensation is close to the circle-rate benchmark and largely disbursed,48.25,Medium,A court stay is in force — the acquisition cannot proceed until it is vacated,4,2,0,90.8,Medium,2 heir claim(s) without documentary proof — mutation not established
27-001-023-324558,20.96,Low,Compensation is close to the circle-rate benchmark and largely disbursed,43.71,Medium,Dispute at Filed with 2 matter(s) on file,3,0,0,100.0,Medium,3 heirs on one parcel — consent risk at award
27-001-024-213539,42.21,Medium,Compensation is close to the circle-rate benchmark and largely disbursed,63.67,Medium,Dispute at Filed with 5 matter(s) on file,2,0,1,99.8,High,Competing heirship claims over the same parcel
27-001-024-519408,41.8,Medium,Compensation sanctioned is 25% below the circle-rate benchmark,21.46,Low,"Clear title, no live litigation on record",0,0,0,0.0,Not Applicable,No heirship claim on file for this parcel
27-013-001-641445,34.78,Medium,Only 36% of the sanctioned award has actually been disbursed,40.18,Medium,Dispute at Filed with 2 matter(s) on file,2,1,0,100.0,Medium,1 heir claim(s) without documentary proof — mutation not established
27-013-002-146772,43.42,Medium,Compensation sanctioned is 30% below the circle-rate benchmark,70.38,High,A court stay is in force — the acquisition cannot proceed until it is vacated,4,1,0,100.0,Medium,1 heir claim(s) without documentary proof — mutation not established
27-013-003-437163,61.61,Medium,Compensation sanctioned is 45% below the circle-rate benchmark,65.33,Medium,Dispute at Filed with 5 matter(s) on file,4,2,0,100.0,Medium,2 heir claim(s) without documentary proof — mutation not established
27-013-003-816162,45.86,Medium,Only 5% of the sanctioned award has actually been disbursed,27.22,Low,Dispute at Under Hearing with 1 matter(s) on file,0,0,0,0.0,Not Applicable,No heirship claim on file for this parcel
27-013-004-547768,56.34,Medium,Compensation sanctioned is 45% below the circle-rate benchmark,26.28,Low,Dispute at Filed with 1 matter(s) on file,0,0,0,0.0,Not Applicable,No heirship claim on file for this parcel
27-013-004-846230,49.64,Medium,Compensation sanctioned is 30% below the circle-rate benchmark,52.13,Medium,A court stay is in force — the acquisition cannot proceed until it is vacated,0,0,0,0.0,Not Applicable,No heirship claim on file for this parcel
27-013-006-432571,66.32,High,Compensation sanctioned is 53% below the circle-rate benchmark,31.65,Low,Dispute at Filed with 4 matter(s) on file,0,0,0,0.0,Not Applicable,No heirship claim on file for this parcel
27-013-007-293988,31.04,Low,Compensation is close to the circle-rate benchmark and largely disbursed,34.17,Medium,Dispute at Under Hearing with 2 matter(s) on file,0,0,0,0.0,Not Applicable,No heirship claim on file for this parcel
27-013-008-093589,72.88,High,Compensation sanctioned is 50% below the circle-rate benchmark,24.53,Low,"Clear title, no live litigation on record",0,0,0,0.0,Not Applicable,No heirship claim on file for this parcel
27-013-008-236445,42.71,Medium,Only 23% of the sanctioned award has actually been disbursed,32.84,Low,Dispute at Under Hearing with 1 matter(s) on file,0,0,0,0.0,Not Applicable,No heirship claim on file for this parcel
27-013-008-442347,29.99,Low,Compensation is close to the circle-rate benchmark and largely disbursed,52.49,Medium,Dispute at Under Hearing with 4 matter(s) on file,0,0,0,0.0,Not Applicable,No heirship claim on file for this parcel
27-013-010-520668,22.95,Low,Only 38% of the sanctioned award has actually been disbursed,72.03,High,Dispute at Filed with 4 matter(s) on file,0,0,0,0.0,Not Applicable,No heirship claim on file for this parcel
27-013-011-919993,36.81,Medium,Compensation is close to the circle-rate benchmark and largely disbursed,46.98,Medium,A court stay is in force — the acquisition cannot proceed until it is vacated,0,0,0,0.0,Not Applicable,No heirship claim on file for this parcel
27-013-012-943884,53.31,Medium,Compensation sanctioned is 41% below the circle-rate benchmark,60.23,Medium,Dispute at Under Hearing with 4 matter(s) on file,4,1,0,92.5,Medium,1 heir claim(s) without documentary proof — mutation not established
27-013-015-433170,23.26,Low,Compensation is close to the circle-rate benchmark and largely disbursed,45.33,Medium,Dispute at Under Hearing with 3 matter(s) on file,4,2,1,99.5,High,Competing heirship claims over the same parcel
27-013-017-224465,33.91,Medium,Compensation is close to the circle-rate benchmark and largely disbursed,30.72,Low,Dispute at Filed with 2 matter(s) on file,0,0,0,0.0,Not Applicable,No heirship claim on file for this parcel
27-013-018-313330,31.31,Low,Compensation is close to the circle-rate benchmark and largely disbursed,2.3,Low,"Clear title, no live litigation on record",4,0,1,100.0,High,Competing heirship claims over the same parcel
27-013-020-089628,41.89,Medium,Only 37% of the sanctioned award has actually been disbursed,78.83,High,A court stay is in force — the acquisition cannot proceed until it is vacated,2,0,0,100.0,Low,All heirship claims documented
27-013-021-503316,42.09,Medium,Compensation is close to the circle-rate benchmark and largely disbursed,58.41,Medium,Dispute at Under Hearing with 1 matter(s) on file,2,0,2,86.1,High,Competing heirship claims over the same parcel
27-013-022-499024,83.32,High,Compensation sanctioned is 58% below the circle-rate benchmark,63.23,Medium,A court stay is in force — the acquisition cannot proceed until it is vacated,0,0,0,0.0,Not Applicable,No heirship claim on file for this parcel
27-013-023-059045,79.36,High,Compensation sanctioned is 45% below the circle-rate benchmark,42.01,Medium,Dispute at Filed with 2 matter(s) on file,0,0,0,0.0,Not Applicable,No heirship claim on file for this parcel
27-013-023-243010,41.07,Medium,Compensation sanctioned is 26% below the circle-rate benchmark,50.77,Medium,Dispute at Under Hearing with 4 matter(s) on file,4,1,1,93.2,High,Competing heirship claims over the same parcel
27-013-023-565388,73.19,High,Compensation sanctioned is 50% below the circle-rate benchmark,85.19,High,A court stay is in force — the acquisition cannot proceed until it is vacated,0,0,0,0.0,Not Applicable,No heirship claim on file for this parcel
27-013-023-822545,27.58,Low,Only 48% of the sanctioned award has actually been disbursed,8.48,Low,"Clear title, no live litigation on record",0,0,0,0.0,Not Applicable,No heirship claim on file for this parcel
27-025-001-660303,19.14,Low,Compensation is close to the circle-rate benchmark and largely disbursed,29.26,Low,Dispute at Under Hearing with 1 matter(s) on file,1,1,0,100.0,Medium,1 heir claim(s) without documentary proof — mutation not established
27-025-002-719139,55.17,Medium,Compensation sanctioned is 29% below the circle-rate benchmark,51.15,Medium,Dispute at Filed with 3 matter(s) on file,2,1,1,100.0,High,Competing heirship claims over the same parcel
27-025-002-922498,73.52,High,Compensation sanctioned is 38% below the circle-rate benchmark,40.27,Medium,Dispute at Under Hearing with 1 matter(s) on file,1,0,1,100.0,High,Competing heirship claims over the same parcel
27-025-003-817740,44.44,Medium,Compensation sanctioned is 29% below the circle-rate benchmark,16.63,Low,Title is partial over fragmented holdings — objection risk at award,0,0,0,0.0,Not Applicable,No heirship claim on file for this parcel
27-025-006-055986,54.11,Medium,Compensation sanctioned is 44% below the circle-rate benchmark,29.91,Low,Dispute at Filed with 2 matter(s) on file,0,0,0,0.0,Not Applicable,No heirship claim on file for this parcel
27-025-006-340067,41.84,Medium,Compensation sanctioned is 35% below the circle-rate benchmark,49.06,Medium,Dispute at Under Hearing with 4 matter(s) on file,2,0,0,100.0,Low,All heirship claims documented
27-025-008-576012,32.46,Low,Only 42% of the sanctioned award has actually been disbursed,52.97,Medium,Dispute at Under Hearing with 3 matter(s) on file,4,1,0,100.0,Medium,1 heir claim(s) without documentary proof — mutation not established
27-025-008-676027,24.26,Low,Compensation is close to the circle-rate benchmark and largely disbursed,36.66,Medium,Dispute at Filed with 2 matter(s) on file,3,0,0,100.0,Medium,3 heirs on one parcel — consent risk at award
27-025-009-655747,41.09,Medium,Only 27% of the sanctioned award has actually been disbursed,34.7,Medium,Dispute at Filed with 2 matter(s) on file,4,2,1,98.4,High,Competing heirship claims over the same parcel
27-025-010-264070,40.7,Medium,Compensation sanctioned is 33% below the circle-rate benchmark,47.43,Medium,A court stay is in force — the acquisition cannot proceed until it is vacated,0,0,0,0.0,Not Applicable,No heirship claim on file for this parcel
27-025-010-633548,71.46,High,Compensation sanctioned is 45% below the circle-rate benchmark,47.41,Medium,Dispute at Under Hearing with 3 matter(s) on file,0,0,0,0.0,Not Applicable,No heirship claim on file for this parcel
27-025-012-427552,25.7,Low,Only 48% of the sanctioned award has actually been disbursed,2.98,Low,"Clear title, no live litigation on record",0,0,0,0.0,Not Applicable,No heirship claim on file for this parcel
27-025-014-520805,37.09,Medium,Compensation is close to the circle-rate benchmark and largely disbursed,8.7,Low,"Clear title, no live litigation on record",0,0,0,0.0,Not Applicable,No heirship claim on file for this parcel
27-025-015-665882,43.01,Medium,Compensation sanctioned is 28% below the circle-rate benchmark,26.19,Low,Dispute at Filed with 2 matter(s) on file,0,0,0,0.0,Not Applicable,No heirship claim on file for this parcel
27-025-016-374850,27.84,Low,Only 40% of the sanctioned award has actually been disbursed,7.26,Low,"Clear title, no live litigation on record",0,0,0,0.0,Not Applicable,No heirship claim on file for this parcel
27-025-016-963898,59.67,Medium,Compensation sanctioned is 36% below the circle-rate benchmark,7.94,Low,"Clear title, no live litigation on record",0,0,0,0.0,Not Applicable,No heirship claim on file for this parcel
27-025-017-599201,32.76,Low,Compensation is close to the circle-rate benchmark and largely disbursed,29.62,Low,Dispute at Filed with 2 matter(s) on file,3,1,1,100.0,High,Competing heirship claims over the same parcel
27-025-017-830802,73.62,High,Compensation sanctioned is 33% below the circle-rate benchmark,24.12,Low,Dispute at Filed with 1 matter(s) on file,0,0,0,0.0,Not Applicable,No heirship claim on file for this parcel
27-025-019-655829,84.44,High,Compensation sanctioned is 57% below the circle-rate benchmark,37.42,Medium,Dispute at Under Hearing with 2 matter(s) on file,0,0,0,0.0,Not Applicable,No heirship claim on file for this parcel
27-025-020-420336,25.72,Low,Compensation is close to the circle-rate benchmark and largely disbursed,8.65,Low,"Clear title, no live litigation on record",0,0,0,0.0,Not Applicable,No heirship claim on file for this parcel
27-025-021-006424,25.01,Low,Compensation is close to the circle-rate benchmark and largely disbursed,47.79,Medium,Dispute at Filed with 4 matter(s) on file,4,1,1,100.0,High,Competing heirship claims over the same parcel
27-025-022-382533,65.69,Medium,Compensation sanctioned is 49% below the circle-rate benchmark,51.92,Medium,Dispute at Filed with 6 matter(s) on file,3,1,0,100.0,Medium,1 heir claim(s) without documentary proof — mutation not established
27-025-022-646157,41.09,Medium,Only 31% of the sanctioned award has actually been disbursed,33.07,Medium,Dispute at Filed with 2 matter(s) on file,0,0,0,0.0,Not Applicable,No heirship claim on file for this parcel
27-025-022-944620,58.08,Medium,Compensation sanctioned is 42% below the circle-rate benchmark,44.42,Medium,Title is partial over fragmented holdings — objection risk at award,0,0,0,0.0,Not Applicable,No heirship claim on file for this parcel
27-025-024-358473,28.23,Low,Compensation is close to the circle-rate benchmark and largely disbursed,51.79,Medium,Dispute at Under Hearing with 2 matter(s) on file,0,0,0,0.0,Not Applicable,No heirship claim on file for this parcel
27-037-002-254678,22.96,Low,Compensation is close to the circle-rate benchmark and largely disbursed,5.87,Low,"Clear title, no live litigation on record",0,0,0,0.0,Not Applicable,No heirship claim on file for this parcel
27-037-002-577568,59.07,Medium,Compensation sanctioned is 38% below the circle-rate benchmark,1.74,Low,"Clear title, no live litigation on record",0,0,0,0.0,Not Applicable,No heirship claim on file for this parcel
27-037-004-566073,23.92,Low,Only 48% of the sanctioned award has actually been disbursed,3.66,Low,"Clear title, no live litigation on record",2,0,1,100.0,High,Competing heirship claims over the same parcel
27-037-005-386916,56.77,Medium,Compensation sanctioned is 27% below the circle-rate benchmark,49.13,Medium,A court stay is in force — the acquisition cannot proceed until it is vacated,0,0,0,0.0,Not Applicable,No heirship claim on file for this parcel
27-037-005-932752,31.1,Low,Compensation is close to the circle-rate benchmark and largely disbursed,22.63,Low,Dispute at Filed with 1 matter(s) on file,0,0,0,0.0,Not Applicable,No heirship claim on file for this parcel
27-037-006-607466,60.57,Medium,Compensation sanctioned is 47% below the circle-rate benchmark,21.65,Low,Title is partial over fragmented holdings — objection risk at award,0,0,0,0.0,Not Applicable,No heirship claim on file for this parcel
27-037-006-611238,31.52,Low,Compensation is close to the circle-rate benchmark and largely disbursed,64.78,Medium,Dispute at Under Hearing with 4 matter(s) on file,2,1,0,100.0,Medium,1 heir claim(s) without documentary proof — mutation not established
27-037-008-686288,46.06,Medium,Only 25% of the sanctioned award has actually been disbursed,33.05,Medium,Dispute at Under Hearing with 2 matter(s) on file,4,0,2,99.7,High,Competing heirship claims over the same parcel
27-037-010-996219,26.66,Low,Compensation is close to the circle-rate benchmark and largely disbursed,9.13,Low,"Clear title, no live litigation on record",0,0,0,0.0,Not Applicable,No heirship claim on file for this parcel
27-037-013-390322,52.64,Medium,Compensation sanctioned is 29% below the circle-rate benchmark,49.36,Medium,Dispute at Under Hearing with 2 matter(s) on file,0,0,0,0.0,Not Applicable,No heirship claim on file for this parcel
27-037-013-834361,52.78,Medium,Compensation sanctioned is 34% below the circle-rate benchmark,0.0,Low,"Clear title, no live litigation on record",4,0,1,99.9,High,Competing heirship claims over the same parcel
27-037-015-156208,38.78,Medium,Compensation sanctioned is 34% below the circle-rate benchmark,63.73,Medium,A court stay is in force — the acquisition cannot proceed until it is vacated,0,0,0,0.0,Not Applicable,No heirship claim on file for this parcel
27-037-015-638180,27.67,Low,Only 48% of the sanctioned award has actually been disbursed,45.91,Medium,Dispute at Under Hearing with 2 matter(s) on file,4,3,0,100.0,Medium,3 heir claim(s) without documentary proof — mutation not established
27-037-015-915936,67.6,High,Compensation sanctioned is 47% below the circle-rate benchmark,44.2,Medium,Dispute at Under Hearing with 1 matter(s) on file,0,0,0,0.0,Not Applicable,No heirship claim on file for this parcel
27-037-016-583331,39.96,Medium,Only 14% of the sanctioned award has actually been disbursed,8.96,Low,"Clear title, no live litigation on record",0,0,0,0.0,Not Applicable,No heirship claim on file for this parcel
27-037-017-071976,78.32,High,Compensation sanctioned is 39% below the circle-rate benchmark,19.06,Low,"Clear title, no live litigation on record",1,0,1,100.0,High,Competing heirship claims over the same parcel
27-037-017-162212,30.1,Low,Compensation is close to the circle-rate benchmark and largely disbursed,2.97,Low,"Clear title, no live litigation on record",0,0,0,0.0,Not Applicable,No heirship claim on file for this parcel
27-037-017-497474,31.22,Low,Only 33% of the sanctioned award has actually been disbursed,70.43,High,A court stay is in force — the acquisition cannot proceed until it is vacated,0,0,0,0.0,Not Applicable,No heirship claim on file for this parcel
27-037-017-520679,43.26,Medium,Compensation sanctioned is 33% below the circle-rate benchmark,17.65,Low,"Clear title, no live litigation on record",0,0,0,0.0,Not Applicable,No heirship claim on file for this parcel
27-037-018-096087,16.67,Low,Compensation is close to the circle-rate benchmark and largely disbursed,56.93,Medium,Dispute at Filed with 3 matter(s) on file,4,0,1,100.0,High,Competing heirship claims over the same parcel
27-037-018-273093,38.06,Medium,Compensation sanctioned is 27% below the circle-rate benchmark,60.92,Medium,Dispute at Under Hearing with 1 matter(s) on file,1,1,0,67.0,Medium,1 heir claim(s) without documentary proof — mutation not established
27-037-018-505922,42.32,Medium,Compensation sanctioned is 30% below the circle-rate benchmark,21.68,Low,Dispute at Filed with 1 matter(s) on file,0,0,0,0.0,Not Applicable,No heirship claim on file for this parcel
27-037-019-331655,22.82,Low,Compensation is close to the circle-rate benchmark and largely disbursed,47.25,Medium,Dispute at Under Hearing with 1 matter(s) on file,0,0,0,0.0,Not Applicable,No heirship claim on file for this parcel
27-037-019-629965,21.06,Low,Compensation is close to the circle-rate benchmark and largely disbursed,35.16,Medium,Dispute at Under Hearing with 1 matter(s) on file,4,1,2,97.8,High,Competing heirship claims over the same parcel
27-037-019-721758,69.76,High,Compensation sanctioned is 45% below the circle-rate benchmark,34.95,Medium,Dispute at Under Hearing with 2 matter(s) on file,3,1,0,95.9,Medium,1 heir claim(s) without documentary proof — mutation not established
27-037-023-113282,56.63,Medium,Compensation sanctioned is 28% below the circle-rate benchmark,33.26,Medium,Dispute at Under Hearing with 2 matter(s) on file,0,0,0,0.0,Not Applicable,No heirship claim on file for this parcel
27-037-023-175762,64.94,Medium,Compensation sanctioned is 36% below the circle-rate benchmark,42.47,Medium,Dispute at Under Hearing with 2 matter(s) on file,3,1,0,100.0,Medium,1 heir claim(s) without documentary proof — mutation not established
27-037-024-289386,43.37,Medium,Only 38% of the sanctioned award has actually been disbursed,30.76,Low,Dispute at Under Hearing with 2 matter(s) on file,0,0,0,0.0,Not Applicable,No heirship claim on file for this parcel
27-037-024-592138,35.55,Medium,Only 45% of the sanctioned award has actually been disbursed,30.64,Low,Dispute at Under Hearing with 1 matter(s) on file,0,0,0,0.0,Not Applicable,No heirship claim on file for this parcel
29-007-002-158342,21.73,Low,Compensation is close to the circle-rate benchmark and largely disbursed,51.93,Medium,Dispute at Filed with 4 matter(s) on file,0,0,0,0.0,Not Applicable,No heirship claim on file for this parcel
29-007-004-376370,41.85,Medium,Compensation is close to the circle-rate benchmark and largely disbursed,14.14,Low,"Clear title, no live litigation on record",0,0,0,0.0,Not Applicable,No heirship claim on file for this parcel
29-007-004-408639,71.84,High,Compensation sanctioned is 39% below the circle-rate benchmark,59.9,Medium,A court stay is in force — the acquisition cannot proceed until it is vacated,0,0,0,0.0,Not Applicable,No heirship claim on file for this parcel
29-007-005-512685,64.61,Medium,Compensation sanctioned is 26% below the circle-rate benchmark,16.01,Low,"Clear title, no live litigation on record",0,0,0,0.0,Not Applicable,No heirship claim on file for this parcel
29-007-005-788735,27.77,Low,Compensation is close to the circle-rate benchmark and largely disbursed,11.2,Low,"Clear title, no live litigation on record",3,2,0,100.0,Medium,2 heir claim(s) without documentary proof — mutation not established
29-007-006-208822,58.94,Medium,Compensation sanctioned is 32% below the circle-rate benchmark,32.19,Low,Dispute at Under Hearing with 2 matter(s) on file,0,0,0,0.0,Not Applicable,No heirship claim on file for this parcel
29-007-007-071762,44.66,Medium,Compensation sanctioned is 30% below the circle-rate benchmark,24.48,Low,Dispute at Filed with 1 matter(s) on file,1,0,0,76.0,Low,All heirship claims documented
29-007-011-687218,27.48,Low,Compensation is close to the circle-rate benchmark and largely disbursed,9.38,Low,"Clear title, no live litigation on record",3,1,1,100.0,High,Competing heirship claims over the same parcel
29-007-013-109732,45.13,Medium,Only 34% of the sanctioned award has actually been disbursed,34.55,Medium,Dispute at Under Hearing with 2 matter(s) on file,0,0,0,0.0,Not Applicable,No heirship claim on file for this parcel
29-007-015-263678,71.69,High,Compensation sanctioned is 54% below the circle-rate benchmark,57.33,Medium,A court stay is in force — the acquisition cannot proceed until it is vacated,0,0,0,0.0,Not Applicable,No heirship claim on file for this parcel
29-007-015-623697,32.38,Low,Only 45% of the sanctioned award has actually been disbursed,30.34,Low,Dispute at Under Hearing with 1 matter(s) on file,2,1,0,89.3,Medium,1 heir claim(s) without documentary proof — mutation not established
29-007-016-587124,54.27,Medium,Compensation sanctioned is 30% below the circle-rate benchmark,17.76,Low,"Clear title, no live litigation on record",0,0,0,0.0,Not Applicable,No heirship claim on file for this parcel
29-007-017-378427,37.67,Medium,Only 47% of the sanctioned award has actually been disbursed,2.76,Low,"Clear title, no live litigation on record",0,0,0,0.0,Not Applicable,No heirship claim on file for this parcel
29-007-019-408769,19.66,Low,Compensation is close to the circle-rate benchmark and largely disbursed,4.91,Low,"Clear title, no live litigation on record",0,0,0,0.0,Not Applicable,No heirship claim on file for this parcel
29-007-020-650428,76.93,High,Compensation sanctioned is 65% below the circle-rate benchmark,48.74,Medium,Dispute at Under Hearing with 1 matter(s) on file,1,0,1,100.0,High,Competing heirship claims over the same parcel
29-007-022-003059,67.49,High,Compensation sanctioned is 47% below the circle-rate benchmark,28.39,Low,Dispute at Filed with 3 matter(s) on file,0,0,0,0.0,Not Applicable,No heirship claim on file for this parcel
29-007-022-089286,62.31,Medium,Compensation sanctioned is 36% below the circle-rate benchmark,57.69,Medium,A court stay is in force — the acquisition cannot proceed until it is vacated,0,0,0,0.0,Not Applicable,No heirship claim on file for this parcel
29-007-024-604207,41.8,Medium,Compensation sanctioned is 29% below the circle-rate benchmark,28.21,Low,Dispute at Filed with 1 matter(s) on file,0,0,0,0.0,Not Applicable,No heirship claim on file for this parcel
29-009-001-560843,56.27,Medium,Compensation sanctioned is 50% below the circle-rate benchmark,6.8,Low,"Clear title, no live litigation on record",0,0,0,0.0,Not Applicable,No heirship claim on file for this parcel
29-009-001-727216,30.99,Low,Compensation is close to the circle-rate benchmark and largely disbursed,11.8,Low,"Clear title, no live litigation on record",0,0,0,0.0,Not Applicable,No heirship claim on file for this parcel
29-009-002-628978,79.02,High,Compensation sanctioned is 50% below the circle-rate benchmark,48.48,Medium,A court stay is in force — the acquisition cannot proceed until it is vacated,4,3,0,96.1,Medium,3 heir claim(s) without documentary proof — mutation not established
29-009-002-673400,62.44,Medium,Compensation sanctioned is 41% below the circle-rate benchmark,61.53,Medium,Dispute at Filed with 7 matter(s) on file,2,1,0,100.0,Medium,1 heir claim(s) without documentary proof — mutation not established
29-009-003-574868,9.42,Low,Compensation is close to the circle-rate benchmark and largely disbursed,5.37,Low,"Clear title, no live litigation on record",0,0,0,0.0,Not Applicable,No heirship claim on file for this parcel
29-009-004-318285,44.98,Medium,Only 24% of the sanctioned award has actually been disbursed,49.04,Medium,A court stay is in force — the acquisition cannot proceed until it is vacated,2,1,1,100.0,High,Competing heirship claims over the same parcel
29-009-005-001703,45.0,Medium,Compensation sanctioned is 26% below the circle-rate benchmark,49.69,Medium,Dispute at Under Hearing with 2 matter(s) on file,4,2,1,99.8,High,Competing heirship claims over the same parcel
29-009-005-455315,86.6,High,Compensation sanctioned is 53% below the circle-rate benchmark,44.36,Medium,A court stay is in force — the acquisition cannot proceed until it is vacated,4,1,0,100.0,Medium,1 heir claim(s) without documentary proof — mutation not established
29-009-005-707378,34.28,Medium,Compensation is close to the circle-rate benchmark and largely disbursed,22.45,Low,"Clear title, no live litigation on record",0,0,0,0.0,Not Applicable,No heirship claim on file for this parcel
29-009-005-883341,40.36,Medium,Compensation sanctioned is 30% below the circle-rate benchmark,42.67,Medium,A court stay is in force — the acquisition cannot proceed until it is vacated,0,0,0,0.0,Not Applicable,No heirship claim on file for this parcel
29-009-006-314592,31.6,Low,Only 46% of the sanctioned award has actually been disbursed,32.17,Low,Dispute at Under Hearing with 2 matter(s) on file,0,0,0,0.0,Not Applicable,No heirship claim on file for this parcel
29-009-006-340166,59.18,Medium,Compensation sanctioned is 52% below the circle-rate benchmark,31.27,Low,Dispute at Filed with 2 matter(s) on file,2,1,0,100.0,Medium,1 heir claim(s) without documentary proof — mutation not established
29-009-007-703996,45.38,Medium,Only 50% of the sanctioned award has actually been disbursed,56.48,Medium,A court stay is in force — the acquisition cannot proceed until it is vacated,4,3,1,100.0,High,Competing heirship claims over the same parcel
29-009-008-883290,35.64,Medium,Compensation is close to the circle-rate benchmark and largely disbursed,40.42,Medium,Dispute at Filed with 2 matter(s) on file,2,1,0,83.7,Medium,1 heir claim(s) without documentary proof — mutation not established
29-009-009-003611,28.9,Low,Compensation is close to the circle-rate benchmark and largely disbursed,29.36,Low,Title is partial over fragmented holdings — objection risk at award,0,0,0,0.0,Not Applicable,No heirship claim on file for this parcel
29-009-010-091248,23.43,Low,Compensation is close to the circle-rate benchmark and largely disbursed,47.92,Medium,Dispute at Under Hearing with 2 matter(s) on file,0,0,0,0.0,Not Applicable,No heirship claim on file for this parcel
29-009-010-380524,29.3,Low,Only 50% of the sanctioned award has actually been disbursed,64.75,Medium,Dispute at Under Hearing with 3 matter(s) on file,2,0,0,100.0,Low,All heirship claims documented
29-009-010-464509,51.11,Medium,Compensation sanctioned is 29% below the circle-rate benchmark,43.54,Medium,Dispute at Under Hearing with 1 matter(s) on file,2,0,0,77.9,Low,All heirship claims documented
29-009-010-716020,47.04,Medium,Compensation sanctioned is 26% below the circle-rate benchmark,16.61,Low,Title is partial over fragmented holdings — objection risk at award,2,1,0,93.0,Medium,1 heir claim(s) without documentary proof — mutation not established
29-009-012-200674,27.99,Low,Only 21% of the sanctioned award has actually been disbursed,5.86,Low,"Clear title, no live litigation on record",0,0,0,0.0,Not Applicable,No heirship claim on file for this parcel
29-009-013-663209,46.81,Medium,Compensation sanctioned is 32% below the circle-rate benchmark,28.79,Low,Dispute at Under Hearing with 1 matter(s) on file,0,0,0,0.0,Not Applicable,No heirship claim on file for this parcel
29-009-013-979296,45.12,Medium,Compensation sanctioned is 32% below the circle-rate benchmark,6.29,Low,"Clear title, no live litigation on record",0,0,0,0.0,Not Applicable,No heirship claim on file for this parcel
29-009-015-531038,17.27,Low,Compensation is close to the circle-rate benchmark and largely disbursed,8.1,Low,"Clear title, no live litigation on record",4,1,0,100.0,Medium,1 heir claim(s) without documentary proof — mutation not established
29-009-015-901494,41.41,Medium,Compensation sanctioned is 31% below the circle-rate benchmark,36.69,Medium,Dispute at Filed with 1 matter(s) on file,2,1,1,100.0,High,Competing heirship claims over the same parcel
29-009-016-192964,33.44,Medium,Only 35% of the sanctioned award has actually been disbursed,66.88,High,A court stay is in force — the acquisition cannot proceed until it is vacated,1,1,0,96.8,Medium,1 heir claim(s) without documentary proof — mutation not established
29-009-016-679482,43.94,Medium,Only 49% of the sanctioned award has actually been disbursed,56.28,Medium,Dispute at Under Hearing with 1 matter(s) on file,0,0,0,0.0,Not Applicable,No heirship claim on file for this parcel
29-009-016-811799,63.55,Medium,Compensation sanctioned is 48% below the circle-rate benchmark,34.0,Medium,Dispute at Under Hearing with 3 matter(s) on file,0,0,0,0.0,Not Applicable,No heirship claim on file for this parcel
29-009-017-318719,57.11,Medium,Compensation sanctioned is 25% below the circle-rate benchmark,35.14,Medium,Dispute at Filed with 2 matter(s) on file,4,2,0,98.3,Medium,2 heir claim(s) without documentary proof — mutation not established
29-009-018-330872,36.97,Medium,Compensation sanctioned is 36% below the circle-rate benchmark,41.32,Medium,Dispute at Filed with 3 matter(s) on file,1,0,0,95.8,Low,All heirship claims documented
29-009-019-414479,39.96,Medium,Compensation sanctioned is 30% below the circle-rate benchmark,24.06,Low,Title is partial over fragmented holdings — objection risk at award,3,1,0,93.2,Medium,1 heir claim(s) without documentary proof — mutation not established
29-009-020-506475,79.17,High,Compensation sanctioned is 55% below the circle-rate benchmark,34.26,Medium,Dispute at Filed with 4 matter(s) on file,0,0,0,0.0,Not Applicable,No heirship claim on file for this parcel
29-009-020-946469,72.11,High,Compensation sanctioned is 55% below the circle-rate benchmark,49.33,Medium,Dispute at Filed with 4 matter(s) on file,4,1,0,100.0,Medium,1 heir claim(s) without documentary proof — mutation not established
29-009-021-996364,38.2,Medium,Compensation sanctioned is 27% below the circle-rate benchmark,43.84,Medium,A court stay is in force — the acquisition cannot proceed until it is vacated,0,0,0,0.0,Not Applicable,No heirship claim on file for this parcel
29-009-022-214448,26.38,Low,Compensation is close to the circle-rate benchmark and largely disbursed,62.74,Medium,Dispute at Under Hearing with 2 matter(s) on file,0,0,0,0.0,Not Applicable,No heirship claim on file for this parcel
29-009-023-846911,33.45,Medium,Compensation is close to the circle-rate benchmark and largely disbursed,61.44,Medium,A court stay is in force — the acquisition cannot proceed until it is vacated,0,0,0,0.0,Not Applicable,No heirship claim on file for this parcel
29-009-024-146793,42.25,Medium,Compensation sanctioned is 34% below the circle-rate benchmark,79.4,High,A court stay is in force — the acquisition cannot proceed until it is vacated,2,1,0,96.3,Medium,1 heir claim(s) without documentary proof — mutation not established
29-018-001-407034,14.28,Low,Compensation is close to the circle-rate benchmark and largely disbursed,23.41,Low,Dispute at Filed with 1 matter(s) on file,3,0,0,100.0,Medium,3 heirs on one parcel — consent risk at award
29-018-002-309194,53.25,Medium,Only 49% of the sanctioned award has actually been disbursed,34.39,Medium,Dispute at Filed with 4 matter(s) on file,0,0,0,0.0,Not Applicable,No heirship claim on file for this parcel
29-018-003-950223,37.84,Medium,Compensation sanctioned is 31% below the circle-rate benchmark,60.39,Medium,A court stay is in force — the acquisition cannot proceed until it is vacated,4,2,0,94.1,Medium,2 heir claim(s) without documentary proof — mutation not established
29-018-006-070607,65.42,Medium,Compensation sanctioned is 36% below the circle-rate benchmark,45.81,Medium,Title is disputed over fragmented holdings — objection risk at award,0,0,0,0.0,Not Applicable,No heirship claim on file for this parcel
29-018-007-197634,38.74,Medium,Compensation sanctioned is 31% below the circle-rate benchmark,64.07,Medium,Dispute at Filed with 5 matter(s) on file,3,0,0,94.7,Medium,3 heirs on one parcel — consent risk at award
29-018-008-164220,31.97,Low,Compensation is close to the circle-rate benchmark and largely disbursed,54.62,Medium,Dispute at Filed with 4 matter(s) on file,4,1,1,97.3,High,Competing heirship claims over the same parcel
29-018-010-276444,32.06,Low,Compensation is close to the circle-rate benchmark and largely disbursed,6.3,Low,"Clear title, no live litigation on record",0,0,0,0.0,Not Applicable,No heirship claim on file for this parcel
29-018-010-881797,32.76,Low,Compensation is close to the circle-rate benchmark and largely disbursed,4.68,Low,"Clear title, no live litigation on record",2,1,0,100.0,Medium,1 heir claim(s) without documentary proof — mutation not established
29-018-011-534431,48.62,Medium,Only 47% of the sanctioned award has actually been disbursed,68.31,High,A court stay is in force — the acquisition cannot proceed until it is vacated,1,0,0,83.0,Low,All heirship claims documented
29-018-013-003927,44.09,Medium,Compensation sanctioned is 36% below the circle-rate benchmark,61.64,Medium,A court stay is in force — the acquisition cannot proceed until it is vacated,1,1,0,100.0,Medium,1 heir claim(s) without documentary proof — mutation not established
29-018-013-657486,80.25,High,Compensation sanctioned is 57% below the circle-rate benchmark,28.9,Low,Dispute at Under Hearing with 1 matter(s) on file,3,2,0,100.0,Medium,2 heir claim(s) without documentary proof — mutation not established
29-018-014-922306,38.76,Medium,Compensation is close to the circle-rate benchmark and largely disbursed,46.38,Medium,Dispute at Under Hearing with 1 matter(s) on file,2,0,0,100.0,Low,All heirship claims documented
29-018-016-141916,25.42,Low,Compensation is close to the circle-rate benchmark and largely disbursed,24.68,Low,Title is partial over fragmented holdings — objection risk at award,1,1,0,100.0,Medium,1 heir claim(s) without documentary proof — mutation not established
29-018-016-583426,42.1,Medium,Only 39% of the sanctioned award has actually been disbursed,46.06,Medium,Dispute at Under Hearing with 4 matter(s) on file,0,0,0,0.0,Not Applicable,No heirship claim on file for this parcel
29-018-016-842919,63.37,Medium,Compensation sanctioned is 41% below the circle-rate benchmark,33.72,Medium,Dispute at Under Hearing with 2 matter(s) on file,0,0,0,0.0,Not Applicable,No heirship claim on file for this parcel
29-018-017-640746,32.94,Low,Only 27% of the sanctioned award has actually been disbursed,47.37,Medium,Dispute at Under Hearing with 3 matter(s) on file,2,1,0,100.0,Medium,1 heir claim(s) without documentary proof — mutation not established
29-018-018-118244,42.45,Medium,Compensation sanctioned is 40% below the circle-rate benchmark,39.16,Medium,Dispute at Under Hearing with 3 matter(s) on file,0,0,0,0.0,Not Applicable,No heirship claim on file for this parcel
29-018-019-080916,92.93,High,Compensation sanctioned is 65% below the circle-rate benchmark,26.55,Low,Dispute at Filed with 2 matter(s) on file,0,0,0,0.0,Not Applicable,No heirship claim on file for this parcel
29-018-021-168743,44.44,Medium,Only 38% of the sanctioned award has actually been disbursed,14.01,Low,"Clear title, no live litigation on record",0,0,0,0.0,Not Applicable,No heirship claim on file for this parcel
29-018-024-878590,92.44,High,Compensation sanctioned is 61% below the circle-rate benchmark,35.79,Medium,Dispute at Under Hearing with 1 matter(s) on file,0,0,0,0.0,Not Applicable,No heirship claim on file for this parcel
29-022-002-099610,52.09,Medium,Compensation sanctioned is 29% below the circle-rate benchmark,39.64,Medium,Dispute at Under Hearing with 2 matter(s) on file,2,2,0,96.9,Medium,2 heir claim(s) without documentary proof — mutation not established
29-022-003-474706,52.78,Medium,Compensation sanctioned is 38% below the circle-rate benchmark,6.39,Low,"Clear title, no live litigation on record",0,0,0,0.0,Not Applicable,No heirship claim on file for this parcel
29-022-003-480081,56.85,Medium,Compensation sanctioned is 40% below the circle-rate benchmark,82.09,High,A court stay is in force — the acquisition cannot proceed until it is vacated,0,0,0,0.0,Not Applicable,No heirship claim on file for this parcel
29-022-004-218882,52.02,Medium,Only 8% of the sanctioned award has actually been disbursed,49.41,Medium,Dispute at Under Hearing with 4 matter(s) on file,0,0,0,0.0,Not Applicable,No heirship claim on file for this parcel
29-022-004-754634,36.31,Medium,Compensation sanctioned is 29% below the circle-rate benchmark,30.68,Low,Dispute at Filed with 4 matter(s) on file,4,1,1,100.0,High,Competing heirship claims over the same parcel
29-022-004-788633,51.55,Medium,Only 37% of the sanctioned award has actually been disbursed,30.62,Low,Dispute at Under Hearing with 1 matter(s) on file,0,0,0,0.0,Not Applicable,No heirship claim on file for this parcel
29-022-004-891765,32.96,Low,Only 41% of the sanctioned award has actually been disbursed,51.99,Medium,Dispute at Filed with 1 matter(s) on file,4,2,0,100.0,Medium,2 heir claim(s) without documentary proof — mutation not established
29-022-005-835678,61.62,Medium,Compensation sanctioned is 52% below the circle-rate benchmark,79.85,High,A court stay is in force — the acquisition cannot proceed until it is vacated,0,0,0,0.0,Not Applicable,No heirship claim on file for this parcel
29-022-006-554201,50.62,Medium,Only 31% of the sanctioned award has actually been disbursed,50.48,Medium,Dispute at Under Hearing with 2 matter(s) on file,0,0,0,0.0,Not Applicable,No heirship claim on file for this parcel
29-022-006-882933,73.64,High,Compensation sanctioned is 59% below the circle-rate benchmark,20.5,Low,"Clear title, no live litigation on record",0,0,0,0.0,Not Applicable,No heirship claim on file for this parcel
29-022-007-575490,61.65,Medium,Compensation sanctioned is 40% below the circle-rate benchmark,39.17,Medium,A court stay is in force — the acquisition cannot proceed until it is vacated,0,0,0,0.0,Not Applicable,No heirship claim on file for this parcel
29-022-007-695968,37.1,Medium,Compensation sanctioned is 25% below the circle-rate benchmark,14.32,Low,"Clear title, no live litigation on record",0,0,0,0.0,Not Applicable,No heirship claim on file for this parcel
29-022-008-374630,71.82,High,Compensation sanctioned is 55% below the circle-rate benchmark,45.41,Medium,Dispute at Filed with 3 matter(s) on file,3,0,2,95.5,High,Competing heirship claims over the same parcel
29-022-008-775897,26.58,Low,Compensation is close to the circle-rate benchmark and largely disbursed,58.93,Medium,Title is disputed over fragmented holdings — objection risk at award,2,1,1,78.3,High,Competing heirship claims over the same parcel
29-022-009-232014,25.02,Low,Only 47% of the sanctioned award has actually been disbursed,66.36,High,Dispute at Under Hearing with 2 matter(s) on file,0,0,0,0.0,Not Applicable,No heirship claim on file for this parcel
29-022-009-442523,49.28,Medium,Only 26% of the sanctioned award has actually been disbursed,6.64,Low,"Clear title, no live litigation on record",4,3,0,96.8,Medium,3 heir claim(s) without documentary proof — mutation not established
29-022-011-013199,61.68,Medium,Compensation sanctioned is 33% below the circle-rate benchmark,58.14,Medium,Dispute at Filed with 3 matter(s) on file,3,1,0,96.1,Medium,1 heir claim(s) without documentary proof — mutation not established
29-022-013-419792,32.65,Low,Compensation is close to the circle-rate benchmark and largely disbursed,44.22,Medium,Dispute at Under Hearing with 1 matter(s) on file,0,0,0,0.0,Not Applicable,No heirship claim on file for this parcel
29-022-013-741762,20.79,Low,Compensation is close to the circle-rate benchmark and largely disbursed,7.06,Low,"Clear title, no live litigation on record",0,0,0,0.0,Not Applicable,No heirship claim on file for this parcel
29-022-015-076657,58.46,Medium,Compensation sanctioned is 40% below the circle-rate benchmark,38.19,Medium,Dispute at Under Hearing with 4 matter(s) on file,2,0,0,100.0,Low,All heirship claims documented
29-022-015-460690,60.55,Medium,Compensation sanctioned is 36% below the circle-rate benchmark,54.78,Medium,A court stay is in force — the acquisition cannot proceed until it is vacated,1,1,0,94.3,Medium,1 heir claim(s) without documentary proof — mutation not established
29-022-015-483322,61.53,Medium,Compensation sanctioned is 59% below the circle-rate benchmark,14.96,Low,"Clear title, no live litigation on record",0,0,0,0.0,Not Applicable,No heirship claim on file for this parcel
29-022-015-841838,44.7,Medium,Compensation sanctioned is 28% below the circle-rate benchmark,38.2,Medium,Dispute at Filed with 3 matter(s) on file,0,0,0,0.0,Not Applicable,No heirship claim on file for this parcel
29-022-016-773029,33.69,Medium,Compensation is close to the circle-rate benchmark and largely disbursed,60.35,Medium,Dispute at Under Hearing with 4 matter(s) on file,0,0,0,0.0,Not Applicable,No heirship claim on file for this parcel
29-022-018-313731,61.13,Medium,Only 5% of the sanctioned award has actually been disbursed,22.36,Low,Dispute at Filed with 1 matter(s) on file,0,0,0,0.0,Not Applicable,No heirship claim on file for this parcel
29-022-018-398840,52.06,Medium,Compensation sanctioned is 40% below the circle-rate benchmark,41.07,Medium,Dispute at Filed with 1 matter(s) on file,1,1,0,66.5,Medium,1 heir claim(s) without documentary proof — mutation not established
29-022-018-446569,81.65,High,Compensation sanctioned is 55% below the circle-rate benchmark,43.59,Medium,A court stay is in force — the acquisition cannot proceed until it is vacated,0,0,0,0.0,Not Applicable,No heirship claim on file for this parcel
29-022-018-697458,36.95,Medium,Only 19% of the sanctioned award has actually been disbursed,53.65,Medium,Dispute at Filed with 2 matter(s) on file,1,1,0,69.4,Medium,1 heir claim(s) without documentary proof — mutation not established
29-022-018-747654,27.76,Low,Compensation is close to the circle-rate benchmark and largely disbursed,35.16,Medium,Dispute at Under Hearing with 1 matter(s) on file,0,0,0,0.0,Not Applicable,No heirship claim on file for this parcel
29-022-018-909592,19.38,Low,Compensation is close to the circle-rate benchmark and largely disbursed,16.27,Low,"Clear title, no live litigation on record",0,0,0,0.0,Not Applicable,No heirship claim on file for this parcel
29-022-021-035895,43.87,Medium,Compensation sanctioned is 30% below the circle-rate benchmark,4.63,Low,"Clear title, no live litigation on record",4,2,0,100.0,Medium,2 heir claim(s) without documentary proof — mutation not established
29-022-022-237598,87.11,High,Compensation sanctioned is 49% below the circle-rate benchmark,47.29,Medium,A court stay is in force — the acquisition cannot proceed until it is vacated,0,0,0,0.0,Not Applicable,No heirship claim on file for this parcel
29-022-022-522533,67.68,High,Compensation sanctioned is 40% below the circle-rate benchmark,68.29,High,Dispute at Under Hearing with 3 matter(s) on file,3,2,0,100.0,Medium,2 heir claim(s) without documentary proof — mutation not established
29-022-023-805781,52.41,Medium,Compensation sanctioned is 33% below the circle-rate benchmark,40.92,Medium,A court stay is in force — the acquisition cannot proceed until it is vacated,1,0,0,70.2,Low,All heirship claims documented
29-022-023-971819,27.45,Low,Only 45% of the sanctioned award has actually been disbursed,42.46,Medium,Dispute at Filed with 2 matter(s) on file,0,0,0,0.0,Not Applicable,No heirship claim on file for this parcel
29-022-023-972424,34.98,Medium,Compensation is close to the circle-rate benchmark and largely disbursed,41.05,Medium,A court stay is in force — the acquisition cannot proceed until it is vacated,2,1,1,94.7,High,Competing heirship claims over the same parcel
29-022-024-163578,36.14,Medium,Only 38% of the sanctioned award has actually been disbursed,31.17,Low,Dispute at Under Hearing with 2 matter(s) on file,0,0,0,0.0,Not Applicable,No heirship claim on file for this parcel
29-022-024-239792,54.18,Medium,Compensation sanctioned is 26% below the circle-rate benchmark,51.44,Medium,Dispute at Under Hearing with 3 matter(s) on file,1,1,0,100.0,Medium,1 heir claim(s) without documentary proof — mutation not established
33-014-001-555143,27.63,Low,Compensation is close to the circle-rate benchmark and largely disbursed,11.21,Low,"Clear title, no live litigation on record",0,0,0,0.0,Not Applicable,No heirship claim on file for this parcel
33-014-001-688634,32.07,Low,Only 29% of the sanctioned award has actually been disbursed,32.92,Low,Dispute at Filed with 1 matter(s) on file,4,0,2,95.5,High,Competing heirship claims over the same parcel
33-014-002-655295,65.98,Medium,Compensation sanctioned is 39% below the circle-rate benchmark,29.43,Low,Dispute at Under Hearing with 1 matter(s) on file,0,0,0,0.0,Not Applicable,No heirship claim on file for this parcel
33-014-003-624419,69.91,High,Compensation sanctioned is 59% below the circle-rate benchmark,53.25,Medium,A court stay is in force — the acquisition cannot proceed until it is vacated,0,0,0,0.0,Not Applicable,No heirship claim on file for this parcel
33-014-004-600270,75.8,High,Compensation sanctioned is 38% below the circle-rate benchmark,57.07,Medium,Dispute at Filed with 2 matter(s) on file,0,0,0,0.0,Not Applicable,No heirship claim on file for this parcel
33-014-006-723639,62.49,Medium,Compensation sanctioned is 34% below the circle-rate benchmark,7.1,Low,"Clear title, no live litigation on record",0,0,0,0.0,Not Applicable,No heirship claim on file for this parcel
33-014-007-313313,72.31,High,Compensation sanctioned is 57% below the circle-rate benchmark,60.5,Medium,Dispute at Filed with 4 matter(s) on file,0,0,0,0.0,Not Applicable,No heirship claim on file for this parcel
33-014-007-766605,37.44,Medium,Compensation is close to the circle-rate benchmark and largely disbursed,28.72,Low,Dispute at Filed with 1 matter(s) on file,0,0,0,0.0,Not Applicable,No heirship claim on file for this parcel
33-014-008-315668,58.14,Medium,Compensation sanctioned is 39% below the circle-rate benchmark,21.36,Low,Title is partial over fragmented holdings — objection risk at award,3,2,0,100.0,Medium,2 heir claim(s) without documentary proof — mutation not established
33-014-009-322546,28.62,Low,Compensation is close to the circle-rate benchmark and largely disbursed,63.16,Medium,Dispute at Under Hearing with 2 matter(s) on file,2,0,1,89.4,High,Competing heirship claims over the same parcel
33-014-011-363947,46.41,Medium,Only 20% of the sanctioned award has actually been disbursed,6.58,Low,"Clear title, no live litigation on record",0,0,0,0.0,Not Applicable,No heirship claim on file for this parcel
33-014-011-676436,34.01,Medium,Compensation is close to the circle-rate benchmark and largely disbursed,46.87,Medium,A court stay is in force — the acquisition cannot proceed until it is vacated,2,1,0,100.0,Medium,1 heir claim(s) without documentary proof — mutation not established
33-014-011-860752,31.29,Low,Compensation is close to the circle-rate benchmark and largely disbursed,46.05,Medium,Dispute at Filed with 5 matter(s) on file,0,0,0,0.0,Not Applicable,No heirship claim on file for this parcel
33-014-011-892673,17.92,Low,Compensation is close to the circle-rate benchmark and largely disbursed,4.76,Low,"Clear title, no live litigation on record",0,0,0,0.0,Not Applicable,No heirship claim on file for this parcel
33-014-012-988183,45.1,Medium,Only 27% of the sanctioned award has actually been disbursed,30.9,Low,Dispute at Filed with 1 matter(s) on file,2,0,0,100.0,Low,All heirship claims documented
33-014-013-611333,34.1,Medium,Compensation is close to the circle-rate benchmark and largely disbursed,43.54,Medium,A court stay is in force — the acquisition cannot proceed until it is vacated,0,0,0,0.0,Not Applicable,No heirship claim on file for this parcel
33-014-014-486337,23.64,Low,Compensation is close to the circle-rate benchmark and largely disbursed,10.03,Low,"Clear title, no live litigation on record",0,0,0,0.0,Not Applicable,No heirship claim on file for this parcel
33-014-015-277839,27.48,Low,Compensation is close to the circle-rate benchmark and largely disbursed,31.79,Low,Dispute at Under Hearing with 1 matter(s) on file,0,0,0,0.0,Not Applicable,No heirship claim on file for this parcel
33-014-015-377807,70.46,High,Compensation sanctioned is 29% below the circle-rate benchmark,40.52,Medium,Dispute at Under Hearing with 5 matter(s) on file,1,0,0,100.0,Low,All heirship claims documented
33-014-016-217560,40.15,Medium,Only 40% of the sanctioned award has actually been disbursed,51.04,Medium,Dispute at Under Hearing with 3 matter(s) on file,4,1,1,97.1,High,Competing heirship claims over the same parcel
33-014-017-005215,38.09,Medium,Only 40% of the sanctioned award has actually been disbursed,29.25,Low,Dispute at Under Hearing with 1 matter(s) on file,0,0,0,0.0,Not Applicable,No heirship claim on file for this parcel
33-014-017-126907,74.37,High,Compensation sanctioned is 49% below the circle-rate benchmark,74.48,High,A court stay is in force — the acquisition cannot proceed until it is vacated,3,2,0,91.1,Medium,2 heir claim(s) without documentary proof — mutation not established
33-014-019-817481,32.93,Low,Only 24% of the sanctioned award has actually been disbursed,75.39,High,A court stay is in force — the acquisition cannot proceed until it is vacated,4,3,0,100.0,Medium,3 heir claim(s) without documentary proof — mutation not established
33-014-019-969365,40.09,Medium,Only 20% of the sanctioned award has actually been disbursed,8.57,Low,"Clear title, no live litigation on record",0,0,0,0.0,Not Applicable,No heirship claim on file for this parcel
33-014-020-266749,47.51,Medium,Compensation sanctioned is 26% below the circle-rate benchmark,17.46,Low,"Clear title, no live litigation on record",0,0,0,0.0,Not Applicable,No heirship claim on file for this parcel
33-014-021-996444,47.73,Medium,Only 22% of the sanctioned award has actually been disbursed,39.6,Medium,A court stay is in force — the acquisition cannot proceed until it is vacated,1,0,0,100.0,Low,All heirship claims documented
33-014-022-104665,18.25,Low,Compensation is close to the circle-rate benchmark and largely disbursed,5.43,Low,"Clear title, no live litigation on record",0,0,0,0.0,Not Applicable,No heirship claim on file for this parcel
33-014-023-215297,51.67,Medium,Compensation sanctioned is 30% below the circle-rate benchmark,69.55,High,A court stay is in force — the acquisition cannot proceed until it is vacated,0,0,0,0.0,Not Applicable,No heirship claim on file for this parcel
33-014-024-980887,41.45,Medium,Only 32% of the sanctioned award has actually been disbursed,46.53,Medium,A court stay is in force — the acquisition cannot proceed until it is vacated,1,0,0,100.0,Low,All heirship claims documented
33-023-003-111318,65.44,Medium,Compensation sanctioned is 34% below the circle-rate benchmark,25.66,Low,Dispute at Filed with 1 matter(s) on file,2,1,0,100.0,Medium,1 heir claim(s) without documentary proof — mutation not established
33-023-003-347613,83.86,High,Compensation sanctioned is 61% below the circle-rate benchmark,22.37,Low,Dispute at Filed with 1 matter(s) on file,0,0,0,0.0,Not Applicable,No heirship claim on file for this parcel
33-023-005-642414,42.05,Medium,Compensation sanctioned is 25% below the circle-rate benchmark,55.69,Medium,A court stay is in force — the acquisition cannot proceed until it is vacated,0,0,0,0.0,Not Applicable,No heirship claim on file for this parcel
33-023-005-660187,47.31,Medium,Only 19% of the sanctioned award has actually been disbursed,56.88,Medium,Dispute at Filed with 8 matter(s) on file,0,0,0,0.0,Not Applicable,No heirship claim on file for this parcel
33-023-007-616189,42.32,Medium,Compensation sanctioned is 29% below the circle-rate benchmark,4.63,Low,"Clear title, no live litigation on record",0,0,0,0.0,Not Applicable,No heirship claim on file for this parcel
33-023-008-109672,21.11,Low,Compensation is close to the circle-rate benchmark and largely disbursed,23.6,Low,Dispute at Filed with 1 matter(s) on file,0,0,0,0.0,Not Applicable,No heirship claim on file for this parcel
33-023-009-186086,29.77,Low,Compensation is close to the circle-rate benchmark and largely disbursed,23.46,Low,Dispute at Filed with 1 matter(s) on file,0,0,0,0.0,Not Applicable,No heirship claim on file for this parcel
33-023-009-270578,15.36,Low,Compensation is close to the circle-rate benchmark and largely disbursed,5.14,Low,"Clear title, no live litigation on record",0,0,0,0.0,Not Applicable,No heirship claim on file for this parcel
33-023-011-896950,49.39,Medium,Only 10% of the sanctioned award has actually been disbursed,27.06,Low,Dispute at Filed with 1 matter(s) on file,0,0,0,0.0,Not Applicable,No heirship claim on file for this parcel
33-023-012-198673,38.39,Medium,Compensation is close to the circle-rate benchmark and largely disbursed,4.48,Low,"Clear title, no live litigation on record",0,0,0,0.0,Not Applicable,No heirship claim on file for this parcel
33-023-012-541773,35.56,Medium,Only 5% of the sanctioned award has actually been disbursed,38.04,Medium,Dispute at Filed with 2 matter(s) on file,0,0,0,0.0,Not Applicable,No heirship claim on file for this parcel
33-023-012-727675,59.94,Medium,Compensation sanctioned is 42% below the circle-rate benchmark,63.73,Medium,Dispute at Under Hearing with 5 matter(s) on file,4,3,0,96.3,Medium,3 heir claim(s) without documentary proof — mutation not established
33-023-012-850145,75.99,High,Compensation sanctioned is 50% below the circle-rate benchmark,50.22,Medium,Dispute at Filed with 3 matter(s) on file,3,1,0,91.0,Medium,1 heir claim(s) without documentary proof — mutation not established
33-023-013-164968,26.42,Low,Compensation is close to the circle-rate benchmark and largely disbursed,8.55,Low,"Clear title, no live litigation on record",0,0,0,0.0,Not Applicable,No heirship claim on file for this parcel
33-023-016-503673,65.05,Medium,Compensation sanctioned is 48% below the circle-rate benchmark,17.73,Low,"Clear title, no live litigation on record",3,0,1,100.0,High,Competing heirship claims over the same parcel
33-023-018-119955,63.96,Medium,Compensation sanctioned is 28% below the circle-rate benchmark,45.83,Medium,Dispute at Under Hearing with 5 matter(s) on file,0,0,0,0.0,Not Applicable,No heirship claim on file for this parcel
33-023-018-457297,27.81,Low,Compensation is close to the circle-rate benchmark and largely disbursed,9.84,Low,"Clear title, no live litigation on record",4,2,0,100.0,Medium,2 heir claim(s) without documentary proof — mutation not established
33-023-020-307456,41.24,Medium,Only 18% of the sanctioned award has actually been disbursed,45.53,Medium,A court stay is in force — the acquisition cannot proceed until it is vacated,3,0,1,100.0,High,Competing heirship claims over the same parcel
33-023-020-563851,18.0,Low,Compensation is close to the circle-rate benchmark and largely disbursed,29.86,Low,Dispute at Under Hearing with 1 matter(s) on file,1,1,0,100.0,Medium,1 heir claim(s) without documentary proof — mutation not established
33-023-021-091857,21.38,Low,Only 48% of the sanctioned award has actually been disbursed,13.0,Low,"Clear title, no live litigation on record",2,1,1,85.9,High,Competing heirship claims over the same parcel
33-023-021-127686,52.96,Medium,Only 41% of the sanctioned award has actually been disbursed,56.48,Medium,Dispute at Under Hearing with 1 matter(s) on file,3,1,0,96.5,Medium,1 heir claim(s) without documentary proof — mutation not established
33-023-021-442104,32.84,Low,Only 28% of the sanctioned award has actually been disbursed,7.21,Low,"Clear title, no live litigation on record",0,0,0,0.0,Not Applicable,No heirship claim on file for this parcel
33-023-022-052203,49.33,Medium,Compensation sanctioned is 33% below the circle-rate benchmark,69.21,High,Dispute at Under Hearing with 4 matter(s) on file,2,0,2,87.9,High,Competing heirship claims over the same parcel
33-023-023-868422,34.73,Medium,Only 28% of the sanctioned award has actually been disbursed,13.96,Low,"Clear title, no live litigation on record",0,0,0,0.0,Not Applicable,No heirship claim on file for this parcel
33-023-024-149241,89.08,High,Compensation sanctioned is 49% below the circle-rate benchmark,20.7,Low,Dispute at Filed with 2 matter(s) on file,0,0,0,0.0,Not Applicable,No heirship claim on file for this parcel
33-023-024-641523,63.51,Medium,Compensation sanctioned is 46% below the circle-rate benchmark,5.76,Low,"Clear title, no live litigation on record",0,0,0,0.0,Not Applicable,No heirship claim on file for this parcel
33-023-024-849398,37.4,Medium,Only 30% of the sanctioned award has actually been disbursed,7.59,Low,"Clear title, no live litigation on record",0,0,0,0.0,Not Applicable,No heirship claim on file for this parcel
33-031-001-161337,46.13,Medium,Only 27% of the sanctioned award has actually been disbursed,4.99,Low,"Clear title, no live litigation on record",0,0,0,0.0,Not Applicable,No heirship claim on file for this parcel
33-031-001-173185,45.13,Medium,Only 21% of the sanctioned award has actually been disbursed,27.1,Low,Dispute at Filed with 2 matter(s) on file,1,1,0,100.0,Medium,1 heir claim(s) without documentary proof — mutation not established
33-031-001-407630,55.66,Medium,Compensation sanctioned is 27% below the circle-rate benchmark,9.13,Low,"Clear title, no live litigation on record",0,0,0,0.0,Not Applicable,No heirship claim on file for this parcel
33-031-002-770404,36.32,Medium,Compensation is close to the circle-rate benchmark and largely disbursed,32.22,Low,Dispute at Under Hearing with 1 matter(s) on file,0,0,0,0.0,Not Applicable,No heirship claim on file for this parcel
33-031-004-898735,13.01,Low,Compensation is close to the circle-rate benchmark and largely disbursed,37.33,Medium,Dispute at Filed with 1 matter(s) on file,0,0,0,0.0,Not Applicable,No heirship claim on file for this parcel
33-031-005-241965,49.24,Medium,Compensation sanctioned is 27% below the circle-rate benchmark,25.18,Low,Dispute at Filed with 1 matter(s) on file,0,0,0,0.0,Not Applicable,No heirship claim on file for this parcel
33-031-005-708302,32.16,Low,Compensation is close to the circle-rate benchmark and largely disbursed,4.18,Low,"Clear title, no live litigation on record",1,0,0,73.7,Low,All heirship claims documented
33-031-006-380149,41.3,Medium,Only 12% of the sanctioned award has actually been disbursed,6.52,Low,"Clear title, no live litigation on record",3,1,0,100.0,Medium,1 heir claim(s) without documentary proof — mutation not established
33-031-006-445132,40.11,Medium,Only 44% of the sanctioned award has actually been disbursed,8.12,Low,"Clear title, no live litigation on record",0,0,0,0.0,Not Applicable,No heirship claim on file for this parcel
33-031-008-004122,51.95,Medium,Compensation sanctioned is 36% below the circle-rate benchmark,51.43,Medium,Dispute at Filed with 3 matter(s) on file,3,0,0,100.0,Medium,3 heirs on one parcel — consent risk at award
33-031-010-491079,35.09,Medium,Only 50% of the sanctioned award has actually been disbursed,33.67,Medium,Dispute at Under Hearing with 1 matter(s) on file,1,1,0,100.0,Medium,1 heir claim(s) without documentary proof — mutation not established
33-031-011-156622,44.82,Medium,Compensation is close to the circle-rate benchmark and largely disbursed,68.4,High,A court stay is in force — the acquisition cannot proceed until it is vacated,3,1,0,86.1,Medium,1 heir claim(s) without documentary proof — mutation not established
33-031-011-842506,32.37,Low,Compensation is close to the circle-rate benchmark and largely disbursed,63.65,Medium,Dispute at Filed with 4 matter(s) on file,4,1,0,100.0,Medium,1 heir claim(s) without documentary proof — mutation not established
33-031-012-609327,53.83,Medium,Compensation sanctioned is 37% below the circle-rate benchmark,59.68,Medium,A court stay is in force — the acquisition cannot proceed until it is vacated,2,0,2,100.0,High,Competing heirship claims over the same parcel
33-031-012-725380,53.93,Medium,Compensation sanctioned is 37% below the circle-rate benchmark,3.12,Low,"Clear title, no live litigation on record",0,0,0,0.0,Not Applicable,No heirship claim on file for this parcel
33-031-013-524134,49.56,Medium,Compensation sanctioned is 26% below the circle-rate benchmark,53.14,Medium,Dispute at Under Hearing with 1 matter(s) on file,0,0,0,0.0,Not Applicable,No heirship claim on file for this parcel
33-031-014-681066,75.39,High,Compensation sanctioned is 57% below the circle-rate benchmark,38.56,Medium,Dispute at Under Hearing with 4 matter(s) on file,0,0,0,0.0,Not Applicable,No heirship claim on file for this parcel
33-031-016-364585,44.31,Medium,Compensation sanctioned is 29% below the circle-rate benchmark,34.4,Medium,Dispute at Under Hearing with 2 matter(s) on file,0,0,0,0.0,Not Applicable,No heirship claim on file for this parcel
33-031-016-649876,88.06,High,Compensation sanctioned is 63% below the circle-rate benchmark,20.54,Low,"Clear title, no live litigation on record",3,0,0,100.0,Medium,3 heirs on one parcel — consent risk at award
33-031-017-145427,19.92,Low,Compensation is close to the circle-rate benchmark and largely disbursed,50.85,Medium,Dispute at Filed with 2 matter(s) on file,0,0,0,0.0,Not Applicable,No heirship claim on file for this parcel
33-031-017-369786,38.4,Medium,Only 41% of the sanctioned award has actually been disbursed,9.66,Low,"Clear title, no live litigation on record",0,0,0,0.0,Not Applicable,No heirship claim on file for this parcel
33-031-018-828945,27.04,Low,Compensation is close to the circle-rate benchmark and largely disbursed,47.82,Medium,Dispute at Under Hearing with 3 matter(s) on file,3,2,0,90.6,Medium,2 heir claim(s) without documentary proof — mutation not established
33-031-019-065120,16.78,Low,Compensation is close to the circle-rate benchmark and largely disbursed,49.94,Medium,Dispute at Under Hearing with 2 matter(s) on file,3,1,0,100.0,Medium,1 heir claim(s) without documentary proof — mutation not established
33-031-020-687626,56.09,Medium,Compensation sanctioned is 37% below the circle-rate benchmark,40.97,Medium,Dispute at Under Hearing with 2 matter(s) on file,0,0,0,0.0,Not Applicable,No heirship claim on file for this parcel
33-031-021-185290,12.52,Low,Compensation is close to the circle-rate benchmark and largely disbursed,4.27,Low,"Clear title, no live litigation on record",1,1,0,80.5,Medium,1 heir claim(s) without documentary proof — mutation not established
33-031-021-496220,60.1,Medium,Only 12% of the sanctioned award has actually been disbursed,8.73,Low,"Clear title, no live litigation on record",0,0,0,0.0,Not Applicable,No heirship claim on file for this parcel
33-031-022-233231,48.94,Medium,Only 26% of the sanctioned award has actually been disbursed,17.47,Low,"Clear title, no live litigation on record",1,0,1,85.6,High,Competing heirship claims over the same parcel
33-031-024-214066,53.84,Medium,Compensation sanctioned is 25% below the circle-rate benchmark,25.3,Low,Dispute at Filed with 1 matter(s) on file,2,1,0,100.0,Medium,1 heir claim(s) without documentary proof — mutation not established
33-045-002-169773,50.04,Medium,Compensation sanctioned is 37% below the circle-rate benchmark,5.46,Low,"Clear title, no live litigation on record",3,0,3,100.0,High,Competing heirship claims over the same parcel
33-045-003-904905,33.39,Medium,Compensation is close to the circle-rate benchmark and largely disbursed,31.11,Low,Dispute at Under Hearing with 1 matter(s) on file,2,0,1,100.0,High,Competing heirship claims over the same parcel
33-045-004-081690,32.3,Low,Compensation is close to the circle-rate benchmark and largely disbursed,41.7,Medium,A court stay is in force — the acquisition cannot proceed until it is vacated,0,0,0,0.0,Not Applicable,No heirship claim on file for this parcel
33-045-005-622277,15.74,Low,Compensation is close to the circle-rate benchmark and largely disbursed,28.07,Low,Title is partial over fragmented holdings — objection risk at award,2,1,0,92.3,Medium,1 heir claim(s) without documentary proof — mutation not established
33-045-005-983657,34.18,Medium,Compensation sanctioned is 28% below the circle-rate benchmark,58.83,Medium,A court stay is in force — the acquisition cannot proceed until it is vacated,1,1,0,86.3,Medium,1 heir claim(s) without documentary proof — mutation not established
33-045-006-087077,43.83,Medium,Only 49% of the sanctioned award has actually been disbursed,11.78,Low,"Clear title, no live litigation on record",0,0,0,0.0,Not Applicable,No heirship claim on file for this parcel
33-045-007-088086,51.34,Medium,Compensation sanctioned is 32% below the circle-rate benchmark,29.49,Low,Dispute at Under Hearing with 1 matter(s) on file,4,1,1,99.4,High,Competing heirship claims over the same parcel
33-045-007-583204,31.1,Low,Only 48% of the sanctioned award has actually been disbursed,5.72,Low,"Clear title, no live litigation on record",0,0,0,0.0,Not Applicable,No heirship claim on file for this parcel
33-045-007-735680,43.06,Medium,Compensation is close to the circle-rate benchmark and largely disbursed,37.68,Medium,Title is partial over fragmented holdings — objection risk at award,3,1,0,100.0,Medium,1 heir claim(s) without documentary proof — mutation not established
33-045-007-769939,48.21,Medium,Compensation sanctioned is 27% below the circle-rate benchmark,60.29,Medium,Dispute at Under Hearing with 3 matter(s) on file,1,0,0,81.3,Low,All heirship claims documented
33-045-007-991413,61.8,Medium,Compensation sanctioned is 36% below the circle-rate benchmark,7.88,Low,"Clear title, no live litigation on record",0,0,0,0.0,Not Applicable,No heirship claim on file for this parcel
33-045-008-394565,24.99,Low,Only 42% of the sanctioned award has actually been disbursed,4.61,Low,"Clear title, no live litigation on record",0,0,0,0.0,Not Applicable,No heirship claim on file for this parcel
33-045-009-097812,42.71,Medium,Only 32% of the sanctioned award has actually been disbursed,75.52,High,A court stay is in force — the acquisition cannot proceed until it is vacated,0,0,0,0.0,Not Applicable,No heirship claim on file for this parcel
33-045-009-108717,53.42,Medium,Compensation sanctioned is 37% below the circle-rate benchmark,42.35,Medium,Dispute at Filed with 4 matter(s) on file,1,0,0,100.0,Low,All heirship claims documented
33-045-010-090659,28.63,Low,Compensation is close to the circle-rate benchmark and largely disbursed,43.81,Medium,A court stay is in force — the acquisition cannot proceed until it is vacated,0,0,0,0.0,Not Applicable,No heirship claim on file for this parcel
33-045-011-531102,41.96,Medium,Compensation is close to the circle-rate benchmark and largely disbursed,55.15,Medium,Dispute at Filed with 5 matter(s) on file,0,0,0,0.0,Not Applicable,No heirship claim on file for this parcel
33-045-012-872493,55.44,Medium,Compensation sanctioned is 43% below the circle-rate benchmark,26.79,Low,Dispute at Filed with 1 matter(s) on file,0,0,0,0.0,Not Applicable,No heirship claim on file for this parcel
33-045-013-795946,55.94,Medium,Compensation sanctioned is 44% below the circle-rate benchmark,82.53,High,A court stay is in force — the acquisition cannot proceed until it is vacated,1,0,0,100.0,Low,All heirship claims documented
33-045-014-160020,24.82,Low,Compensation is close to the circle-rate benchmark and largely disbursed,78.44,High,A court stay is in force — the acquisition cannot proceed until it is vacated,0,0,0,0.0,Not Applicable,No heirship claim on file for this parcel
33-045-014-879637,49.16,Medium,Compensation sanctioned is 32% below the circle-rate benchmark,50.05,Medium,A court stay is in force — the acquisition cannot proceed until it is vacated,2,0,0,100.0,Low,All heirship claims documented
33-045-015-628192,49.48,Medium,Compensation sanctioned is 42% below the circle-rate benchmark,44.33,Medium,Dispute at Filed with 4 matter(s) on file,4,3,1,93.3,High,Competing heirship claims over the same parcel
33-045-015-960454,35.65,Medium,Only 27% of the sanctioned award has actually been disbursed,30.64,Low,Dispute at Under Hearing with 1 matter(s) on file,2,0,0,89.4,Low,All heirship claims documented
33-045-018-529091,62.87,Medium,Compensation sanctioned is 48% below the circle-rate benchmark,58.19,Medium,Dispute at Under Hearing with 5 matter(s) on file,0,0,0,0.0,Not Applicable,No heirship claim on file for this parcel
33-045-018-540013,33.14,Medium,Compensation is close to the circle-rate benchmark and largely disbursed,40.63,Medium,Dispute at Filed with 2 matter(s) on file,0,0,0,0.0,Not Applicable,No heirship claim on file for this parcel
33-045-018-544333,48.28,Medium,Compensation sanctioned is 39% below the circle-rate benchmark,48.03,Medium,Dispute at Under Hearing with 3 matter(s) on file,4,0,0,100.0,Medium,4 heirs on one parcel — consent risk at award
33-045-019-580019,47.41,Medium,Compensation sanctioned is 26% below the circle-rate benchmark,25.32,Low,Dispute at Filed with 1 matter(s) on file,0,0,0,0.0,Not Applicable,No heirship claim on file for this parcel
33-045-019-735619,88.92,High,Compensation sanctioned is 65% below the circle-rate benchmark,54.93,Medium,A court stay is in force — the acquisition cannot proceed until it is vacated,2,2,0,100.0,Medium,2 heir claim(s) without documentary proof — mutation not established
33-045-020-321548,31.84,Low,Only 42% of the sanctioned award has actually been disbursed,57.09,Medium,Dispute at Filed with 3 matter(s) on file,3,1,0,100.0,Medium,1 heir claim(s) without documentary proof — mutation not established
33-045-020-784492,20.12,Low,Compensation is close to the circle-rate benchmark and largely disbursed,11.6,Low,"Clear title, no live litigation on record",0,0,0,0.0,Not Applicable,No heirship claim on file for this parcel
33-045-020-990820,70.4,High,Compensation sanctioned is 31% below the circle-rate benchmark,4.61,Low,"Clear title, no live litigation on record",0,0,0,0.0,Not Applicable,No heirship claim on file for this parcel
33-045-021-629421,71.96,High,Compensation sanctioned is 43% below the circle-rate benchmark,16.46,Low,"Clear title, no live litigation on record",3,0,2,90.5,High,Competing heirship claims over the same parcel
33-045-022-073492,28.36,Low,Only 32% of the sanctioned award has actually been disbursed,23.0,Low,Title is partial over fragmented holdings — objection risk at award,2,1,0,100.0,Medium,1 heir claim(s) without documentary proof — mutation not established
33-045-023-585144,42.46,Medium,Only 22% of the sanctioned award has actually been disbursed,47.15,Medium,Dispute at Under Hearing with 3 matter(s) on file,2,1,0,92.0,Medium,1 heir claim(s) without documentary proof — mutation not established
36-003-001-808075,9.92,Low,Compensation is close to the circle-rate benchmark and largely disbursed,8.32,Low,"Clear title, no live litigation on record",0,0,0,0.0,Not Applicable,No heirship claim on file for this parcel
36-003-001-892924,14.39,Low,Compensation is close to the circle-rate benchmark and largely disbursed,29.73,Low,Dispute at Filed with 2 matter(s) on file,2,0,0,98.9,Low,All heirship claims documented
36-003-002-022189,33.22,Medium,Compensation is close to the circle-rate benchmark and largely disbursed,22.42,Low,Title is partial over fragmented holdings — objection risk at award,3,1,1,100.0,High,Competing heirship claims over the same parcel
36-003-002-181890,41.18,Medium,Only 33% of the sanctioned award has actually been disbursed,31.42,Low,Dispute at Under Hearing with 1 matter(s) on file,0,0,0,0.0,Not Applicable,No heirship claim on file for this parcel
36-003-002-248756,51.49,Medium,Compensation sanctioned is 32% below the circle-rate benchmark,70.19,High,Dispute at Under Hearing with 5 matter(s) on file,0,0,0,0.0,Not Applicable,No heirship claim on file for this parcel
36-003-002-677210,34.97,Medium,Compensation is close to the circle-rate benchmark and largely disbursed,31.4,Low,Dispute at Under Hearing with 1 matter(s) on file,0,0,0,0.0,Not Applicable,No heirship claim on file for this parcel
36-003-004-933326,68.27,High,Compensation sanctioned is 44% below the circle-rate benchmark,28.81,Low,Dispute at Under Hearing with 1 matter(s) on file,0,0,0,0.0,Not Applicable,No heirship claim on file for this parcel
36-003-005-162453,78.71,High,Compensation sanctioned is 44% below the circle-rate benchmark,30.28,Low,Dispute at Filed with 3 matter(s) on file,1,1,0,100.0,Medium,1 heir claim(s) without documentary proof — mutation not established
36-003-006-236093,29.65,Low,Compensation is close to the circle-rate benchmark and largely disbursed,25.48,Low,Dispute at Filed with 2 matter(s) on file,0,0,0,0.0,Not Applicable,No heirship claim on file for this parcel
36-003-007-310782,36.14,Medium,Compensation sanctioned is 28% below the circle-rate benchmark,84.45,High,A court stay is in force — the acquisition cannot proceed until it is vacated,0,0,0,0.0,Not Applicable,No heirship claim on file for this parcel
36-003-009-242068,32.32,Low,Compensation is close to the circle-rate benchmark and largely disbursed,27.82,Low,Dispute at Filed with 1 matter(s) on file,0,0,0,0.0,Not Applicable,No heirship claim on file for this parcel
36-003-009-708559,23.97,Low,Compensation is close to the circle-rate benchmark and largely disbursed,70.07,High,A court stay is in force — the acquisition cannot proceed until it is vacated,0,0,0,0.0,Not Applicable,No heirship claim on file for this parcel
36-003-012-264469,49.47,Medium,Compensation sanctioned is 31% below the circle-rate benchmark,25.46,Low,Dispute at Filed with 1 matter(s) on file,0,0,0,0.0,Not Applicable,No heirship claim on file for this parcel
36-003-012-548101,63.28,Medium,Compensation sanctioned is 42% below the circle-rate benchmark,44.82,Medium,Dispute at Filed with 3 matter(s) on file,0,0,0,0.0,Not Applicable,No heirship claim on file for this parcel
36-003-012-771038,33.15,Medium,Compensation is close to the circle-rate benchmark and largely disbursed,28.4,Low,Dispute at Under Hearing with 1 matter(s) on file,1,1,0,69.2,Medium,1 heir claim(s) without documentary proof — mutation not established
36-003-014-168649,56.68,Medium,Only 28% of the sanctioned award has actually been disbursed,39.97,Medium,Dispute at Under Hearing with 1 matter(s) on file,4,1,2,100.0,High,Competing heirship claims over the same parcel
36-003-016-652606,44.64,Medium,Only 28% of the sanctioned award has actually been disbursed,48.06,Medium,Dispute at Under Hearing with 3 matter(s) on file,4,0,0,96.2,Medium,4 heirs on one parcel — consent risk at award
36-003-019-565746,71.77,High,Compensation sanctioned is 47% below the circle-rate benchmark,44.25,Medium,A court stay is in force — the acquisition cannot proceed until it is vacated,3,2,0,88.3,Medium,2 heir claim(s) without documentary proof — mutation not established
36-003-019-631474,32.88,Low,Only 22% of the sanctioned award has actually been disbursed,29.87,Low,Dispute at Under Hearing with 1 matter(s) on file,0,0,0,0.0,Not Applicable,No heirship claim on file for this parcel
36-003-020-070680,21.8,Low,Compensation is close to the circle-rate benchmark and largely disbursed,10.21,Low,"Clear title, no live litigation on record",0,0,0,0.0,Not Applicable,No heirship claim on file for this parcel
36-003-020-490577,32.92,Low,Only 27% of the sanctioned award has actually been disbursed,23.38,Low,Title is partial over fragmented holdings — objection risk at award,0,0,0,0.0,Not Applicable,No heirship claim on file for this parcel
36-003-020-722251,57.62,Medium,Compensation sanctioned is 33% below the circle-rate benchmark,66.29,High,A court stay is in force — the acquisition cannot proceed until it is vacated,3,3,0,93.0,Medium,3 heir claim(s) without documentary proof — mutation not established
36-003-022-552861,38.44,Medium,Compensation sanctioned is 26% below the circle-rate benchmark,45.66,Medium,Dispute at Under Hearing with 2 matter(s) on file,0,0,0,0.0,Not Applicable,No heirship claim on file for this parcel
36-003-023-854605,86.96,High,Compensation sanctioned is 57% below the circle-rate benchmark,2.86,Low,"Clear title, no live litigation on record",0,0,0,0.0,Not Applicable,No heirship claim on file for this parcel
36-003-024-033546,55.59,Medium,Compensation sanctioned is 31% below the circle-rate benchmark,64.92,Medium,Dispute at Filed with 6 matter(s) on file,0,0,0,0.0,Not Applicable,No heirship claim on file for this parcel
36-003-024-806495,27.29,Low,Compensation is close to the circle-rate benchmark and largely disbursed,40.58,Medium,A court stay is in force — the acquisition cannot proceed until it is vacated,1,0,0,100.0,Low,All heirship claims documented
36-011-001-148953,38.28,Medium,Compensation sanctioned is 28% below the circle-rate benchmark,34.62,Medium,Dispute at Under Hearing with 2 matter(s) on file,0,0,0,0.0,Not Applicable,No heirship claim on file for this parcel
36-011-002-604648,54.7,Medium,Compensation sanctioned is 50% below the circle-rate benchmark,41.97,Medium,Dispute at Under Hearing with 6 matter(s) on file,0,0,0,0.0,Not Applicable,No heirship claim on file for this parcel
36-011-002-639503,7.56,Low,Compensation is close to the circle-rate benchmark and largely disbursed,26.0,Low,Dispute at Under Hearing with 1 matter(s) on file,4,2,0,100.0,Medium,2 heir claim(s) without documentary proof — mutation not established
36-011-003-331349,51.0,Medium,Only 12% of the sanctioned award has actually been disbursed,34.67,Medium,Dispute at Filed with 1 matter(s) on file,0,0,0,0.0,Not Applicable,No heirship claim on file for this parcel
36-011-003-408319,59.68,Medium,Compensation sanctioned is 53% below the circle-rate benchmark,37.07,Medium,Dispute at Under Hearing with 1 matter(s) on file,0,0,0,0.0,Not Applicable,No heirship claim on file for this parcel
36-011-005-032698,30.65,Low,Only 27% of the sanctioned award has actually been disbursed,64.87,Medium,Dispute at Filed with 5 matter(s) on file,1,1,0,71.1,Medium,1 heir claim(s) without documentary proof — mutation not established
36-011-005-573011,63.7,Medium,Compensation sanctioned is 45% below the circle-rate benchmark,19.49,Low,"Clear title, no live litigation on record",0,0,0,0.0,Not Applicable,No heirship claim on file for this parcel
36-011-008-403302,39.32,Medium,Compensation is close to the circle-rate benchmark and largely disbursed,8.72,Low,"Clear title, no live litigation on record",1,1,0,85.2,Medium,1 heir claim(s) without documentary proof — mutation not established
36-011-010-014722,70.27,High,Compensation sanctioned is 52% below the circle-rate benchmark,58.23,Medium,A court stay is in force — the acquisition cannot proceed until it is vacated,3,2,0,93.4,Medium,2 heir claim(s) without documentary proof — mutation not established
36-011-010-433055,68.48,High,Compensation sanctioned is 45% below the circle-rate benchmark,33.64,Medium,Title is partial over fragmented holdings — objection risk at award,0,0,0,0.0,Not Applicable,No heirship claim on file for this parcel
36-011-011-599983,61.28,Medium,Compensation sanctioned is 50% below the circle-rate benchmark,22.81,Low,Dispute at Filed with 2 matter(s) on file,0,0,0,0.0,Not Applicable,No heirship claim on file for this parcel
36-011-012-117613,49.94,Medium,Compensation sanctioned is 41% below the circle-rate benchmark,53.69,Medium,A court stay is in force — the acquisition cannot proceed until it is vacated,0,0,0,0.0,Not Applicable,No heirship claim on file for this parcel
36-011-012-262871,29.78,Low,Compensation is close to the circle-rate benchmark and largely disbursed,35.0,Medium,Dispute at Under Hearing with 1 matter(s) on file,0,0,0,0.0,Not Applicable,No heirship claim on file for this parcel
36-011-012-562616,16.51,Low,Compensation is close to the circle-rate benchmark and largely disbursed,3.53,Low,"Clear title, no live litigation on record",0,0,0,0.0,Not Applicable,No heirship claim on file for this parcel
36-011-013-293948,35.92,Medium,Only 35% of the sanctioned award has actually been disbursed,27.05,Low,Title is partial over fragmented holdings — objection risk at award,0,0,0,0.0,Not Applicable,No heirship claim on file for this parcel
36-011-016-832685,26.07,Low,Compensation is close to the circle-rate benchmark and largely disbursed,5.66,Low,"Clear title, no live litigation on record",0,0,0,0.0,Not Applicable,No heirship claim on file for this parcel
36-011-017-938212,41.94,Medium,Only 35% of the sanctioned award has actually been disbursed,69.31,High,A court stay is in force — the acquisition cannot proceed until it is vacated,0,0,0,0.0,Not Applicable,No heirship claim on file for this parcel
36-011-018-687163,47.34,Medium,Compensation sanctioned is 32% below the circle-rate benchmark,24.01,Low,"Clear title, no live litigation on record",1,0,1,100.0,High,Competing heirship claims over the same parcel
36-011-019-414535,52.52,Medium,Compensation sanctioned is 46% below the circle-rate benchmark,54.58,Medium,A court stay is in force — the acquisition cannot proceed until it is vacated,0,0,0,0.0,Not Applicable,No heirship claim on file for this parcel
36-011-020-139805,53.4,Medium,Only 9% of the sanctioned award has actually been disbursed,80.68,High,A court stay is in force — the acquisition cannot proceed until it is vacated,0,0,0,0.0,Not Applicable,No heirship claim on file for this parcel
36-011-020-606190,54.99,Medium,Compensation sanctioned is 27% below the circle-rate benchmark,23.22,Low,Dispute at Filed with 1 matter(s) on file,4,0,1,100.0,High,Competing heirship claims over the same parcel
36-011-020-735729,20.84,Low,Compensation is close to the circle-rate benchmark and largely disbursed,61.46,Medium,A court stay is in force — the acquisition cannot proceed until it is vacated,2,1,1,94.8,High,Competing heirship claims over the same parcel
36-011-021-000186,35.53,Medium,Only 48% of the sanctioned award has actually been disbursed,40.14,Medium,Dispute at Under Hearing with 2 matter(s) on file,4,0,1,90.9,High,Competing heirship claims over the same parcel
36-011-021-472394,40.05,Medium,Compensation sanctioned is 29% below the circle-rate benchmark,41.97,Medium,Dispute at Under Hearing with 1 matter(s) on file,0,0,0,0.0,Not Applicable,No heirship claim on file for this parcel
36-011-021-962044,59.06,Medium,Compensation sanctioned is 29% below the circle-rate benchmark,35.4,Medium,Dispute at Filed with 1 matter(s) on file,2,1,0,99.1,Medium,1 heir claim(s) without documentary proof — mutation not established
36-011-023-761008,40.27,Medium,Compensation is close to the circle-rate benchmark and largely disbursed,44.49,Medium,Dispute at Under Hearing with 2 matter(s) on file,2,0,0,100.0,Low,All heirship claims documented
36-011-024-060933,19.57,Low,Compensation is close to the circle-rate benchmark and largely disbursed,60.82,Medium,Dispute at Under Hearing with 3 matter(s) on file,0,0,0,0.0,Not Applicable,No heirship claim on file for this parcel
36-011-024-925542,37.11,Medium,Only 31% of the sanctioned award has actually been disbursed,12.41,Low,"Clear title, no live litigation on record",0,0,0,0.0,Not Applicable,No heirship claim on file for this parcel
36-019-002-560534,31.56,Low,Compensation is close to the circle-rate benchmark and largely disbursed,44.42,Medium,Dispute at Filed with 2 matter(s) on file,0,0,0,0.0,Not Applicable,No heirship claim on file for this parcel
36-019-003-705316,32.54,Low,Only 40% of the sanctioned award has actually been disbursed,26.08,Low,Dispute at Filed with 1 matter(s) on file,3,2,0,90.9,Medium,2 heir claim(s) without documentary proof — mutation not established
36-019-003-782215,72.26,High,Compensation sanctioned is 55% below the circle-rate benchmark,49.09,Medium,A court stay is in force — the acquisition cannot proceed until it is vacated,0,0,0,0.0,Not Applicable,No heirship claim on file for this parcel
36-019-005-718976,49.76,Medium,Only 31% of the sanctioned award has actually been disbursed,35.31,Medium,Dispute at Filed with 1 matter(s) on file,0,0,0,0.0,Not Applicable,No heirship claim on file for this parcel
36-019-006-179929,41.26,Medium,Only 33% of the sanctioned award has actually been disbursed,51.25,Medium,Dispute at Under Hearing with 3 matter(s) on file,2,1,0,100.0,Medium,1 heir claim(s) without documentary proof — mutation not established
36-019-006-621721,43.13,Medium,Compensation sanctioned is 32% below the circle-rate benchmark,52.72,Medium,Dispute at Under Hearing with 4 matter(s) on file,0,0,0,0.0,Not Applicable,No heirship claim on file for this parcel
36-019-007-248099,59.11,Medium,Compensation sanctioned is 46% below the circle-rate benchmark,5.03,Low,"Clear title, no live litigation on record",4,2,1,100.0,High,Competing heirship claims over the same parcel
36-019-008-500438,54.0,Medium,Compensation sanctioned is 25% below the circle-rate benchmark,65.72,Medium,A court stay is in force — the acquisition cannot proceed until it is vacated,3,1,0,89.2,Medium,1 heir claim(s) without documentary proof — mutation not established
36-019-008-658064,53.71,Medium,Compensation sanctioned is 41% below the circle-rate benchmark,28.96,Low,Dispute at Filed with 2 matter(s) on file,0,0,0,0.0,Not Applicable,No heirship claim on file for this parcel
36-019-008-771013,24.12,Low,Compensation sanctioned is 27% below the circle-rate benchmark,32.19,Low,Dispute at Filed with 1 matter(s) on file,0,0,0,0.0,Not Applicable,No heirship claim on file for this parcel
36-019-008-919095,66.62,High,Compensation sanctioned is 34% below the circle-rate benchmark,38.97,Medium,Dispute at Filed with 3 matter(s) on file,1,0,0,100.0,Low,All heirship claims documented
36-019-009-063906,61.51,Medium,Compensation sanctioned is 44% below the circle-rate benchmark,30.89,Low,Dispute at Under Hearing with 1 matter(s) on file,3,1,1,100.0,High,Competing heirship claims over the same parcel
36-019-009-327811,49.51,Medium,Compensation sanctioned is 37% below the circle-rate benchmark,31.4,Low,Dispute at Filed with 3 matter(s) on file,0,0,0,0.0,Not Applicable,No heirship claim on file for this parcel
36-019-009-348048,45.81,Medium,Only 22% of the sanctioned award has actually been disbursed,6.2,Low,"Clear title, no live litigation on record",0,0,0,0.0,Not Applicable,No heirship claim on file for this parcel
36-019-009-582253,65.2,Medium,Only 6% of the sanctioned award has actually been disbursed,5.29,Low,"Clear title, no live litigation on record",0,0,0,0.0,Not Applicable,No heirship claim on file for this parcel
36-019-009-659671,44.76,Medium,Compensation sanctioned is 41% below the circle-rate benchmark,36.92,Medium,Dispute at Under Hearing with 4 matter(s) on file,0,0,0,0.0,Not Applicable,No heirship claim on file for this parcel
36-019-010-992795,50.19,Medium,Compensation sanctioned is 39% below the circle-rate benchmark,68.09,High,Dispute at Under Hearing with 3 matter(s) on file,3,1,0,90.1,Medium,1 heir claim(s) without documentary proof — mutation not established
36-019-011-175224,34.39,Medium,Only 44% of the sanctioned award has actually been disbursed,28.55,Low,Dispute at Filed with 1 matter(s) on file,2,1,0,100.0,Medium,1 heir claim(s) without documentary proof — mutation not established
36-019-011-773030,49.45,Medium,Only 14% of the sanctioned award has actually been disbursed,6.47,Low,"Clear title, no live litigation on record",0,0,0,0.0,Not Applicable,No heirship claim on file for this parcel
36-019-012-013398,68.41,High,Compensation sanctioned is 49% below the circle-rate benchmark,8.82,Low,"Clear title, no live litigation on record",0,0,0,0.0,Not Applicable,No heirship claim on file for this parcel
36-019-012-035966,83.82,High,Compensation sanctioned is 61% below the circle-rate benchmark,48.1,Medium,Dispute at Filed with 5 matter(s) on file,0,0,0,0.0,Not Applicable,No heirship claim on file for this parcel
36-019-014-555270,67.32,High,Compensation sanctioned is 41% below the circle-rate benchmark,40.81,Medium,A court stay is in force — the acquisition cannot proceed until it is vacated,0,0,0,0.0,Not Applicable,No heirship claim on file for this parcel
36-019-015-490823,78.11,High,Compensation sanctioned is 57% below the circle-rate benchmark,68.03,High,A court stay is in force — the acquisition cannot proceed until it is vacated,0,0,0,0.0,Not Applicable,No heirship claim on file for this parcel
36-019-015-521734,18.99,Low,Compensation is close to the circle-rate benchmark and largely disbursed,30.9,Low,Dispute at Under Hearing with 1 matter(s) on file,0,0,0,0.0,Not Applicable,No heirship claim on file for this parcel
36-019-016-850029,37.34,Medium,Compensation sanctioned is 31% below the circle-rate benchmark,11.0,Low,"Clear title, no live litigation on record",0,0,0,0.0,Not Applicable,No heirship claim on file for this parcel
36-019-016-909493,39.1,Medium,Compensation sanctioned is 36% below the circle-rate benchmark,72.83,High,Dispute at Under Hearing with 6 matter(s) on file,0,0,0,0.0,Not Applicable,No heirship claim on file for this parcel
36-019-018-438600,82.23,High,Compensation sanctioned is 59% below the circle-rate benchmark,36.87,Medium,Dispute at Filed with 1 matter(s) on file,3,0,1,80.1,High,Competing heirship claims over the same parcel
36-019-019-376825,26.22,Low,Only 34% of the sanctioned award has actually been disbursed,7.76,Low,"Clear title, no live litigation on record",0,0,0,0.0,Not Applicable,No heirship claim on file for this parcel
36-019-019-395879,21.3,Low,Compensation is close to the circle-rate benchmark and largely disbursed,28.27,Low,Dispute at Under Hearing with 1 matter(s) on file,0,0,0,0.0,Not Applicable,No heirship claim on file for this parcel
36-019-019-608716,55.6,Medium,Compensation sanctioned is 42% below the circle-rate benchmark,21.12,Low,"Clear title, no live litigation on record",3,0,1,100.0,High,Competing heirship claims over the same parcel
36-019-019-740318,62.02,Medium,Compensation sanctioned is 35% below the circle-rate benchmark,26.27,Low,Dispute at Filed with 1 matter(s) on file,0,0,0,0.0,Not Applicable,No heirship claim on file for this parcel
36-019-020-135512,51.84,Medium,Compensation sanctioned is 34% below the circle-rate benchmark,24.64,Low,Dispute at Filed with 1 matter(s) on file,0,0,0,0.0,Not Applicable,No heirship claim on file for this parcel
36-019-021-048525,34.1,Medium,Compensation is close to the circle-rate benchmark and largely disbursed,31.15,Low,Dispute at Filed with 1 matter(s) on file,0,0,0,0.0,Not Applicable,No heirship claim on file for this parcel
36-027-001-200502,37.2,Medium,Compensation is close to the circle-rate benchmark and largely disbursed,40.9,Medium,Dispute at Under Hearing with 1 matter(s) on file,0,0,0,0.0,Not Applicable,No heirship claim on file for this parcel
36-027-001-557523,74.65,High,Compensation sanctioned is 46% below the circle-rate benchmark,38.08,Medium,Dispute at Filed with 2 matter(s) on file,4,1,1,100.0,High,Competing heirship claims over the same parcel
36-027-001-845549,66.12,High,Compensation sanctioned is 51% below the circle-rate benchmark,42.54,Medium,Dispute at Under Hearing with 1 matter(s) on file,1,0,0,100.0,Low,All heirship claims documented
36-027-002-466005,72.8,High,Compensation sanctioned is 57% below the circle-rate benchmark,33.07,Medium,Dispute at Under Hearing with 2 matter(s) on file,0,0,0,0.0,Not Applicable,No heirship claim on file for this parcel
36-027-002-641401,51.38,Medium,Only 35% of the sanctioned award has actually been disbursed,65.62,Medium,Dispute at Under Hearing with 4 matter(s) on file,4,3,0,94.7,Medium,3 heir claim(s) without documentary proof — mutation not established
36-027-003-562673,33.22,Medium,Only 50% of the sanctioned award has actually been disbursed,34.15,Medium,Dispute at Under Hearing with 1 matter(s) on file,0,0,0,0.0,Not Applicable,No heirship claim on file for this parcel
36-027-004-601436,62.32,Medium,Compensation sanctioned is 30% below the circle-rate benchmark,31.38,Low,Dispute at Under Hearing with 1 matter(s) on file,0,0,0,0.0,Not Applicable,No heirship claim on file for this parcel
36-027-006-464235,27.08,Low,Compensation is close to the circle-rate benchmark and largely disbursed,5.27,Low,"Clear title, no live litigation on record",0,0,0,0.0,Not Applicable,No heirship claim on file for this parcel
36-027-006-486547,33.02,Medium,Compensation is close to the circle-rate benchmark and largely disbursed,5.37,Low,"Clear title, no live litigation on record",0,0,0,0.0,Not Applicable,No heirship claim on file for this parcel
36-027-006-854589,67.84,High,Compensation sanctioned is 47% below the circle-rate benchmark,32.82,Low,Dispute at Under Hearing with 2 matter(s) on file,1,0,0,84.6,Low,All heirship claims documented
36-027-007-288778,29.39,Low,Compensation is close to the circle-rate benchmark and largely disbursed,5.92,Low,"Clear title, no live litigation on record",0,0,0,0.0,Not Applicable,No heirship claim on file for this parcel
36-027-009-400358,44.44,Medium,Only 45% of the sanctioned award has actually been disbursed,43.16,Medium,Dispute at Under Hearing with 2 matter(s) on file,1,0,0,100.0,Low,All heirship claims documented
36-027-009-512307,55.0,Medium,Compensation sanctioned is 30% below the circle-rate benchmark,48.21,Medium,A court stay is in force — the acquisition cannot proceed until it is vacated,0,0,0,0.0,Not Applicable,No heirship claim on file for this parcel
36-027-010-336564,45.06,Medium,Only 4% of the sanctioned award has actually been disbursed,27.42,Low,Dispute at Under Hearing with 1 matter(s) on file,2,0,0,91.7,Low,All heirship claims documented
36-027-010-345877,58.15,Medium,Compensation sanctioned is 48% below the circle-rate benchmark,48.61,Medium,Dispute at Filed with 5 matter(s) on file,4,1,0,94.1,Medium,1 heir claim(s) without documentary proof — mutation not established
36-027-010-959284,46.63,Medium,Compensation is close to the circle-rate benchmark and largely disbursed,44.53,Medium,A court stay is in force — the acquisition cannot proceed until it is vacated,0,0,0,0.0,Not Applicable,No heirship claim on file for this parcel
36-027-010-986859,53.64,Medium,Only 35% of the sanctioned award has actually been disbursed,13.5,Low,"Clear title, no live litigation on record",0,0,0,0.0,Not Applicable,No heirship claim on file for this parcel
36-027-011-027965,43.28,Medium,Compensation sanctioned is 25% below the circle-rate benchmark,67.48,High,Dispute at Under Hearing with 4 matter(s) on file,0,0,0,0.0,Not Applicable,No heirship claim on file for this parcel
36-027-011-634969,22.78,Low,Compensation is close to the circle-rate benchmark and largely disbursed,17.84,Low,Title is partial over fragmented holdings — objection risk at award,2,0,0,95.2,Low,All heirship claims documented
36-027-012-002012,31.65,Low,Compensation is close to the circle-rate benchmark and largely disbursed,7.77,Low,"Clear title, no live litigation on record",0,0,0,0.0,Not Applicable,No heirship claim on file for this parcel
36-027-012-620266,41.59,Medium,Only 21% of the sanctioned award has actually been disbursed,11.13,Low,"Clear title, no live litigation on record",3,1,1,100.0,High,Competing heirship claims over the same parcel
36-027-013-314456,53.65,Medium,Compensation sanctioned is 39% below the circle-rate benchmark,31.02,Low,Title is partial over fragmented holdings — objection risk at award,0,0,0,0.0,Not Applicable,No heirship claim on file for this parcel
36-027-013-339968,45.92,Medium,Only 40% of the sanctioned award has actually been disbursed,6.5,Low,"Clear title, no live litigation on record",0,0,0,0.0,Not Applicable,No heirship claim on file for this parcel
36-027-013-769515,67.68,High,Compensation sanctioned is 50% below the circle-rate benchmark,30.85,Low,Dispute at Under Hearing with 1 matter(s) on file,1,0,0,100.0,Low,All heirship claims documented
36-027-014-339807,26.12,Low,Compensation is close to the circle-rate benchmark and largely disbursed,2.85,Low,"Clear title, no live litigation on record",3,0,1,100.0,High,Competing heirship claims over the same parcel
36-027-016-523186,36.5,Medium,Compensation sanctioned is 27% below the circle-rate benchmark,31.11,Low,Dispute at Under Hearing with 1 matter(s) on file,0,0,0,0.0,Not Applicable,No heirship claim on file for this parcel
36-027-017-419778,68.32,High,Compensation sanctioned is 37% below the circle-rate benchmark,40.71,Medium,A court stay is in force — the acquisition cannot proceed until it is vacated,0,0,0,0.0,Not Applicable,No heirship claim on file for this parcel
36-027-018-414505,26.24,Low,Compensation is close to the circle-rate benchmark and largely disbursed,29.4,Low,Dispute at Filed with 1 matter(s) on file,0,0,0,0.0,Not Applicable,No heirship claim on file for this parcel
36-027-018-816317,53.89,Medium,Compensation sanctioned is 38% below the circle-rate benchmark,55.86,Medium,Dispute at Filed with 3 matter(s) on file,4,2,0,100.0,Medium,2 heir claim(s) without documentary proof — mutation not established
36-027-020-551651,54.97,Medium,Compensation sanctioned is 29% below the circle-rate benchmark,17.77,Low,"Clear title, no live litigation on record",0,0,0,0.0,Not Applicable,No heirship claim on file for this parcel
36-027-021-776499,38.69,Medium,Compensation is close to the circle-rate benchmark and largely disbursed,43.7,Medium,A court stay is in force — the acquisition cannot proceed until it is vacated,1,0,1,73.0,High,Competing heirship claims over the same parcel
36-027-021-927366,33.4,Medium,Compensation is close to the circle-rate benchmark and largely disbursed,3.66,Low,"Clear title, no live litigation on record",3,1,0,94.6,Medium,1 heir claim(s) without documentary proof — mutation not established
36-027-022-025842,61.8,Medium,Compensation sanctioned is 26% below the circle-rate benchmark,7.29,Low,"Clear title, no live litigation on record",4,1,1,100.0,High,Competing heirship claims over the same parcel
36-027-023-594721,44.25,Medium,Compensation sanctioned is 46% below the circle-rate benchmark,35.6,Medium,Title is partial over fragmented holdings — objection risk at award,0,0,0,0.0,Not Applicable,No heirship claim on file for this parcel
