ulpin,project_name,project_type,implementing_agency,state,district,taluk,village,latitude,longitude,notification_date,expected_completion_date,actual_completion_date,land_area_acres,no_affected_families,no_landowners,ownership_fragmentation_index,ownership_dispute_flag,no_ownership_disputes,title_clarity_status,circle_rate_per_acre_lakhs,compensation_fair_value_lakhs,compensation_amount_sanctioned_lakhs,compensation_amount_disbursed_lakhs,compensation_disbursed_pct,compensation_gap_pct,compensation_dispute_flag,no_compensation_appeals,no_legal_disputes,legal_dispute_stage,court_stay_flag,days_since_dispute_filed,rehab_plan_approved_flag,rehab_progress_pct,resettlement_site_ready_flag,no_families_resettled,approval_stage,days_in_current_stage,no_pending_clearances,environmental_clearance_status,forest_clearance_status,is_closed_project,historical_delay_days,is_delayed,delay_stage,assigned_field_officer_id,latent_risk_audit,planned_duration_days,top_driver_audit
36-027-018-816317,Railway Line - Nizamabad Stretch 7,Railway Line,Indian Railways,Telangana,Nizamabad,Nizamabad East,Raghunathpur,18.67608,78.21761,2020-03-26,2022-12-02,2023-10-05,23.2,50,40,1.724,True,2,Disputed,23.92,2219.78,1377.36,855.34,62.1,37.95,True,3,3,Filed,False,18,True,59.7,True,29,Award Declared,331,3,Pending,Obtained,True,307,True,Administrative Approval,TG-LAO-2021-0135,0.6699,981,Administrative Approval
22-002-009-541227,State Highway - Raipur Stretch 1,State Highway,State PWD,Chhattisgarh,Raipur,Raipur South,Basavanahalli,21.14688,81.62525,2019-12-30,2021-10-18,2021-12-07,71.4,175,97,1.359,True,3,Partial,90.13,12870.56,10000.5,2050.1,20.5,22.3,False,0,1,Under Hearing,False,480,True,88.7,False,147,Award Declared,293,1,Obtained,Not Required,True,50,True,Compensation Disbursal,CG-LAO-2022-0755,0.471,658,Compensation Disbursal
21-005-011-786728,Industrial Corridor - Khordha Stretch 3,Industrial Corridor,State Industrial Corp,Odisha,Khordha,Khordha South,Amrapur,20.23841,85.78664,2020-07-01,2021-09-07,2021-09-07,31.3,49,44,1.406,False,0,Partial,16.38,2050.78,1838.72,1505.91,81.9,10.34,False,0,1,Filed,False,430,False,36.5,True,15,R&R Implementation,38,0,Not Required,Applied,True,0,False,Not Applicable,OD-LAO-2022-0873,0.2967,433,Rehabilitation (R&R)
22-009-021-025825,National Highway - Durg Stretch 7,National Highway,NHAI,Chhattisgarh,Durg,Durg West,Uttanahalli,21.24925,81.25943,2021-08-12,2023-02-17,2023-09-18,30.7,67,37,1.205,True,2,Partial,18.89,2319.69,1935.17,700.53,36.2,16.58,False,0,2,Stayed by Court,True,52,True,42.2,False,25,Section 11 Notification Issued,86,5,Obtained,Obtained,True,213,True,Legal Dispute,CG-LAO-2024-0988,0.6195,554,Legal Dispute
27-013-006-432571,Irrigation Canal - Pune Stretch 8,Irrigation Canal,State Irrigation Dept,Maharashtra,Pune,Pune North,Devgaon,18.57712,73.79455,2021-11-20,2023-11-10,2024-05-13,19.1,27,27,1.414,False,0,Clear,41.15,1571.93,736.54,588.5,79.9,53.14,True,6,4,Filed,False,124,True,40.4,False,7,Section 11 Notification Issued,71,4,Obtained,Not Required,True,185,True,Legal Dispute,MH-LAO-2023-0454,0.5154,720,Legal Dispute
23-033-010-217866,Airport Expansion - Gwalior Stretch 8,Airport Expansion,Airports Authority of India,Madhya Pradesh,Gwalior,Gwalior South,Mallapuram,26.37576,78.07091,2023-04-11,2025-01-28,2025-12-17,24.6,52,35,1.423,True,5,Disputed,16.47,1620.65,879.67,436.32,49.6,45.72,True,1,9,Under Hearing,False,77,True,33.8,True,16,SIA Completed,97,1,Applied,Obtained,True,323,True,Ownership / Title,MP-LAO-2024-0467,0.6406,658,Ownership / Title
36-011-021-962044,Railway Line - Warangal Stretch 7,Railway Line,Indian Railways,Telangana,Warangal,Warangal West,Uttanahalli,17.90944,79.68431,2020-03-11,2022-08-16,2022-12-30,30.6,75,47,1.536,True,1,Partial,31.86,3899.66,2766.4,1197.85,43.3,29.06,True,7,1,Filed,False,136,True,33.4,True,22,Award Declared,88,0,Obtained,Applied,True,136,True,Compensation Disbursal,TG-LAO-2021-0919,0.5158,888,Compensation Disbursal
27-013-021-503316,Railway Line - Pune Stretch 5,Railway Line,Indian Railways,Maharashtra,Pune,Pune West,Uttanahalli,18.48835,73.76849,2022-05-16,2023-12-20,2024-02-21,13.6,23,24,1.765,True,3,Disputed,41.74,1135.33,867.24,460.5,53.1,23.61,True,2,1,Under Hearing,False,39,True,84.4,True,13,SIA Completed,97,5,Obtained,Applied,True,63,True,Ownership / Title,MH-LAO-2023-0454,0.5217,583,Ownership / Title
33-031-006-380149,Urban Metro - Madurai Stretch 7,Urban Metro,Metro Rail Corp,Tamil Nadu,Madurai,Madurai North,Devgaon,9.8424,78.06003,2019-09-01,2021-01-02,2021-01-02,94.8,272,151,1.593,False,0,Clear,19.47,7383.02,6715.8,812.61,12.1,9.04,True,1,0,None,False,0,True,25.7,False,54,SIA Completed,66,2,Pending,Applied,True,0,False,Not Applicable,TN-LAO-2021-0436,0.4158,489,Rehabilitation (R&R)
36-011-019-414535,Power Transmission - Warangal Stretch 4,Power Transmission,POWERGRID,Telangana,Warangal,Warangal West,Shivnagar,17.93569,79.5258,2021-12-02,2023-12-03,2024-02-26,9.4,23,14,1.489,True,2,Partial,7.48,281.25,151.99,116.27,76.5,45.96,True,2,1,Stayed by Court,True,204,True,85.2,True,15,R&R Implementation,56,2,Obtained,Pending,True,85,True,Administrative Approval,TG-LAO-2021-0919,0.475,731,Administrative Approval
27-025-002-719139,Airport Expansion - Nagpur Stretch 8,Airport Expansion,Airports Authority of India,Maharashtra,Nagpur,Nagpur North,Kothapalli,21.20081,79.10264,2022-07-25,2023-10-31,2024-06-12,23.7,32,35,1.477,True,1,Disputed,41.3,1957.62,1381.23,408.84,29.6,29.44,True,2,3,Filed,False,493,True,50.7,False,12,Compensation Disbursement,92,3,Not Required,Obtained,True,225,True,Compensation Disbursal,MH-LAO-2025-0718,0.5906,463,Compensation Disbursal
21-012-001-738565,Power Transmission - Cuttack Stretch 5,Power Transmission,POWERGRID,Odisha,Cuttack,Cuttack North,Rampur,20.49618,85.94893,2021-11-15,2023-06-12,2023-06-12,10.2,22,20,1.961,True,3,Clear,29.35,1197.48,958.78,495.69,51.7,19.93,False,0,2,Under Hearing,False,143,False,23.4,False,3,R&R Implementation,6,3,Applied,Obtained,True,0,False,Not Applicable,OD-LAO-2021-0890,0.4731,574,Legal Dispute
22-009-001-966349,Industrial Corridor - Durg Stretch 8,Industrial Corridor,State Industrial Corp,Chhattisgarh,Durg,Durg North,Rampur,21.28431,81.42675,2020-01-07,2022-08-23,2022-08-23,41.6,72,56,1.346,True,2,Clear,20.76,3454.46,3159.18,2160.88,68.4,8.55,False,0,3,Filed,False,241,True,47.0,True,27,SIA Completed,245,2,Applied,Not Required,True,0,False,Not Applicable,CG-LAO-2024-0988,0.3398,959,Legal Dispute
23-033-014-835539,Irrigation Canal - Gwalior Stretch 5,Irrigation Canal,State Irrigation Dept,Madhya Pradesh,Gwalior,Gwalior East,Lakshmipura,26.04226,78.24164,2019-03-10,2020-06-01,2020-06-01,17.7,67,43,2.429,False,0,Clear,17.7,1253.16,892.01,282.77,31.7,28.82,True,2,1,Resolved,False,28,True,40.6,False,19,Section 11 Notification Issued,10,2,Obtained,Obtained,True,0,False,Not Applicable,MP-LAO-2024-0467,0.3615,449,Compensation Disbursal
27-001-017-023647,Urban Metro - Mumbai Suburban Stretch 3,Urban Metro,Metro Rail Corp,Maharashtra,Mumbai Suburban,Mumbai Suburban East,Peddapalli,19.27356,72.85216,2020-09-07,2022-05-01,2022-10-14,59.5,119,89,1.496,True,1,Clear,88.72,10557.68,8605.23,5077.09,59.0,18.49,True,1,1,Stayed by Court,True,14,True,63.4,True,70,R&R Implementation,619,2,Applied,Obtained,True,166,True,Administrative Approval,MH-LAO-2022-0603,0.5291,601,Administrative Approval
36-027-017-419778,Railway Line - Nizamabad Stretch 3,Railway Line,Indian Railways,Telangana,Nizamabad,Nizamabad East,Peddapalli,18.70316,77.95651,2022-03-10,2024-12-02,2024-12-02,90.6,219,136,1.501,False,0,Clear,25.95,9404.28,5932.38,1601.74,27.0,36.92,True,4,1,Stayed by Court,True,138,False,28.0,True,54,Compensation Disbursement,145,4,Not Required,Not Required,True,0,False,Not Applicable,TG-LAO-2021-0135,0.4613,998,Compensation Disbursal
27-001-024-213539,Railway Line - Mumbai Suburban Stretch 4,Railway Line,Indian Railways,Maharashtra,Mumbai Suburban,Mumbai Suburban West,Zamania,19.23766,72.8959,2019-12-05,2021-04-20,2021-04-20,50.9,106,85,1.67,True,3,Disputed,67.08,6828.74,5251.41,3156.1,60.1,23.1,True,3,5,Filed,False,1159,True,86.8,False,78,Possession Taken,40,0,Not Required,Applied,True,0,False,Not Applicable,MH-LAO-2022-0603,0.4509,502,Ownership / Title
36-019-021-048525,Urban Metro - Karimnagar Stretch 3,Urban Metro,Metro Rail Corp,Telangana,Karimnagar,Karimnagar West,Uttanahalli,18.60555,79.15849,2021-04-23,2023-09-19,2023-09-19,57.8,82,77,1.332,False,0,Partial,18.5,4277.2,3474.24,2237.41,64.4,18.77,True,2,1,Filed,False,26,True,39.9,True,24,R&R Implementation,42,0,Not Required,Not Required,True,0,False,Not Applicable,TG-LAO-2024-0235,0.3305,879,Rehabilitation (R&R)
23-016-010-430888,Irrigation Canal - Indore Stretch 4,Irrigation Canal,State Irrigation Dept,Madhya Pradesh,Indore,Indore South,Mallapuram,22.81365,75.90715,2022-11-12,2024-11-24,2025-09-15,33.8,76,54,1.598,True,1,Partial,90.48,6116.45,2963.63,429.73,14.5,51.55,True,4,3,Under Hearing,False,263,True,60.4,True,36,Possession Taken,3,0,Pending,Pending,True,295,True,Compensation Disbursal,MP-LAO-2021-0254,0.5967,743,Compensation Disbursal
33-045-015-628192,Irrigation Canal - Tiruchirappalli Stretch 6,Irrigation Canal,State Irrigation Dept,Tamil Nadu,Tiruchirappalli,Tiruchirappalli East,Madhavgarh,10.644,78.64777,2021-12-18,2024-07-19,2025-01-29,33.8,100,56,1.657,False,0,Partial,30.03,4060.06,2365.89,1980.25,83.7,41.73,True,3,4,Filed,False,246,False,35.5,False,34,Section 11 Notification Issued,47,5,Not Required,Obtained,True,194,True,Legal Dispute,TN-LAO-2022-0490,0.5583,944,Legal Dispute
21-005-019-903819,Airport Expansion - Khordha Stretch 3,Airport Expansion,Airports Authority of India,Odisha,Khordha,Khordha West,Shivnagar,20.29884,85.68628,2023-12-08,2025-10-28,2025-10-28,60.9,85,86,1.412,False,0,Clear,10.16,2474.98,1676.27,678.89,40.5,32.27,True,2,1,Under Hearing,False,372,True,41.1,True,28,Possession Taken,52,0,Obtained,Not Required,True,0,False,Not Applicable,OD-LAO-2022-0873,0.3531,690,Compensation Disbursal
29-009-002-628978,Industrial Corridor - Tumakuru Stretch 8,Industrial Corridor,State Industrial Corp,Karnataka,Tumakuru,Tumakuru North,Kothapalli,13.32768,77.03386,2020-09-18,2022-08-20,2022-11-17,20.6,45,32,1.553,True,2,Clear,29.44,2425.86,1216.8,226.32,18.6,49.84,True,3,2,Stayed by Court,True,95,True,33.5,False,12,Section 11 Notification Issued,84,0,Applied,Obtained,True,89,True,Compensation Disbursal,KA-LAO-2023-0611,0.5561,701,Compensation Disbursal
36-019-003-782215,Railway Line - Karimnagar Stretch 5,Railway Line,Indian Railways,Telangana,Karimnagar,Karimnagar North,Ganeshpura,18.58245,79.11355,2023-06-26,2025-03-18,2025-07-15,34.2,59,55,1.608,True,2,Clear,25.13,3437.78,1557.74,637.12,40.9,54.69,True,2,2,Stayed by Court,True,204,True,37.7,True,18,SIA Completed,23,1,Not Required,Not Required,True,119,True,Legal Dispute,TG-LAO-2024-0235,0.5861,631,Legal Dispute
22-009-021-451815,Airport Expansion - Durg Stretch 6,Airport Expansion,Airports Authority of India,Chhattisgarh,Durg,Durg West,Uttanahalli,21.22735,81.21121,2020-04-06,2022-09-21,2023-05-02,7.0,22,16,2.286,True,2,Clear,27.59,772.52,422.38,193.87,45.9,45.32,True,2,3,Under Hearing,False,312,False,18.0,False,3,Possession Taken,198,0,Pending,Obtained,True,223,True,Legal Dispute,CG-LAO-2024-0988,0.5831,898,Legal Dispute
23-028-014-694966,Urban Metro - Jabalpur Stretch 3,Urban Metro,Metro Rail Corp,Madhya Pradesh,Jabalpur,Jabalpur East,Lakshmipura,23.09966,79.99915,2023-05-21,2025-01-30,2025-04-21,101.5,252,134,1.32,True,2,Disputed,11.42,4636.52,3470.16,2446.46,70.5,25.16,True,2,3,Under Hearing,False,167,True,28.9,False,62,R&R Implementation,433,2,Not Required,Not Required,True,81,True,Legal Dispute,MP-LAO-2022-0917,0.5465,620,Legal Dispute
33-014-020-266749,Urban Metro - Chennai Stretch 7,Urban Metro,Metro Rail Corp,Tamil Nadu,Chennai,Chennai West,Tarapur,13.18521,80.28188,2021-05-15,2023-08-01,2024-02-26,30.3,66,39,1.287,True,2,Clear,93.73,5680.04,4193.99,1472.09,35.1,26.16,True,1,2,Resolved,False,241,False,15.9,False,9,Section 11 Notification Issued,46,2,Pending,Not Required,True,209,True,Rehabilitation (R&R),TN-LAO-2021-0562,0.5699,808,Rehabilitation (R&R)
33-023-003-347613,Industrial Corridor - Coimbatore Stretch 8,Industrial Corridor,State Industrial Corp,Tamil Nadu,Coimbatore,Coimbatore North,Ganeshpura,11.09861,76.95163,2021-02-15,2023-11-08,2024-01-15,58.7,126,74,1.261,True,1,Clear,19.09,4482.33,1744.07,804.02,46.1,61.09,True,9,1,Filed,False,5,True,58.2,False,62,Section 11 Notification Issued,70,4,Pending,Not Required,True,68,True,Administrative Approval,TN-LAO-2024-0163,0.5119,996,Administrative Approval
21-019-019-960921,Airport Expansion - Ganjam Stretch 3,Airport Expansion,Airports Authority of India,Odisha,Ganjam,Ganjam West,Shivnagar,19.37597,84.75324,2019-07-04,2020-09-05,2021-10-14,50.3,106,72,1.431,True,7,Disputed,31.18,6273.42,2822.31,1363.18,48.3,55.01,True,7,5,Under Hearing,False,95,False,25.7,False,25,R&R Implementation,50,2,Not Required,Applied,True,404,True,Ownership / Title,OD-LAO-2025-0784,0.756,429,Ownership / Title
23-033-020-446058,Railway Line - Gwalior Stretch 6,Railway Line,Indian Railways,Madhya Pradesh,Gwalior,Gwalior West,Tarapur,26.09205,78.1992,2022-08-15,2024-01-09,2024-01-09,100.3,323,175,1.745,False,0,Clear,14.11,5660.93,4065.37,3170.99,78.0,28.19,True,2,2,Filed,False,179,True,17.7,True,45,Possession Taken,119,2,Obtained,Pending,True,0,False,Not Applicable,MP-LAO-2024-0467,0.392,512,Rehabilitation (R&R)
33-031-017-145427,Urban Metro - Madurai Stretch 6,Urban Metro,Metro Rail Corp,Tamil Nadu,Madurai,Madurai East,Peddapalli,9.92035,78.19168,2020-03-25,2021-06-22,2021-06-22,88.5,143,138,1.559,True,2,Disputed,29.05,10283.7,9659.63,6385.02,66.1,6.07,True,1,2,Filed,False,30,False,7.9,False,9,R&R Implementation,47,3,Applied,Applied,True,0,False,Not Applicable,TN-LAO-2021-0436,0.3843,454,Rehabilitation (R&R)
36-003-020-490577,Urban Metro - Hyderabad Stretch 6,Urban Metro,Metro Rail Corp,Telangana,Hyderabad,Hyderabad West,Tarapur,17.42291,78.58604,2022-06-23,2024-08-04,2024-08-04,35.9,94,60,1.671,True,3,Partial,61.94,4447.29,4061.16,1080.27,26.6,8.68,False,0,0,None,False,0,True,40.6,False,37,Possession Taken,3,0,Not Required,Not Required,True,0,False,Not Applicable,TG-LAO-2025-0884,0.227,773,Ownership / Title
36-003-012-771038,National Highway - Hyderabad Stretch 7,National Highway,NHAI,Telangana,Hyderabad,Hyderabad South,Jaitpur,17.44538,78.47101,2022-09-14,2024-12-05,2024-12-05,60.7,89,85,1.4,False,0,Clear,78.3,9505.62,8405.07,4202.53,50.0,11.58,True,2,1,Under Hearing,False,32,True,54.9,True,38,Compensation Disbursement,28,2,Pending,Applied,True,0,False,Not Applicable,TG-LAO-2025-0884,0.3941,813,Administrative Approval
21-019-024-663726,Irrigation Canal - Ganjam Stretch 8,Irrigation Canal,State Irrigation Dept,Odisha,Ganjam,Ganjam West,Zamania,19.48628,84.82528,2021-09-30,2023-08-13,2024-01-18,63.9,91,94,1.471,True,2,Clear,9.41,2405.2,1630.65,1002.85,61.5,32.2,True,5,2,Stayed by Court,True,379,False,21.4,True,15,Compensation Disbursement,57,0,Applied,Not Required,True,158,True,Legal Dispute,OD-LAO-2025-0784,0.501,682,Legal Dispute
36-011-012-262871,Power Transmission - Warangal Stretch 6,Power Transmission,POWERGRID,Telangana,Warangal,Warangal South,Jaitpur,17.784,79.61022,2020-03-05,2021-12-28,2021-12-28,4.0,9,8,2.0,False,0,Clear,22.33,357.28,286.01,178.47,62.4,19.95,False,0,1,Under Hearing,False,917,True,71.2,False,6,SIA Completed,34,5,Obtained,Not Required,True,0,False,Not Applicable,TG-LAO-2021-0919,0.332,663,Administrative Approval
29-022-024-239792,National Highway - Belagavi Stretch 6,National Highway,NHAI,Karnataka,Belagavi,Belagavi West,Zamania,15.74844,74.54763,2022-01-01,2023-05-15,2023-05-30,37.8,91,62,1.64,True,2,Partial,24.91,3766.39,2778.94,1164.38,41.9,26.22,True,4,3,Under Hearing,False,697,True,89.4,False,66,Award Declared,116,3,Pending,Not Required,True,15,False,Not Applicable,KA-LAO-2025-0488,0.4835,499,Administrative Approval
33-045-010-090659,Urban Metro - Tiruchirappalli Stretch 2,Urban Metro,Metro Rail Corp,Tamil Nadu,Tiruchirappalli,Tiruchirappalli South,Mallapuram,10.82326,78.70784,2020-07-31,2023-03-08,2023-03-08,61.2,154,98,1.601,True,1,Clear,8.79,2151.79,1678.51,1472.05,87.7,21.99,True,2,1,Stayed by Court,True,57,True,11.7,True,17,R&R Implementation,176,0,Not Required,Pending,True,0,False,Not Applicable,TN-LAO-2022-0490,0.3411,950,Rehabilitation (R&R)
33-023-009-270578,National Highway - Coimbatore Stretch 4,National Highway,NHAI,Tamil Nadu,Coimbatore,Coimbatore South,Basavanahalli,11.02117,77.04249,2020-01-01,2022-05-24,2022-05-24,36.8,62,54,1.467,False,0,Clear,12.02,1769.34,1660.61,1459.68,87.9,6.15,True,2,0,None,False,0,False,23.7,False,11,Award Declared,223,2,Obtained,Not Required,True,0,False,Not Applicable,TN-LAO-2024-0163,0.124,874,Rehabilitation (R&R)
36-027-010-345877,Industrial Corridor - Nizamabad Stretch 5,Industrial Corridor,State Industrial Corp,Telangana,Nizamabad,Nizamabad South,Mallapuram,18.64515,78.14542,2022-09-26,2024-07-12,2024-11-26,15.7,34,19,1.21,True,3,Partial,17.43,1094.6,563.78,471.32,83.6,48.49,True,4,5,Filed,False,400,False,15.1,False,4,Award Declared,116,2,Obtained,Obtained,True,137,True,Legal Dispute,TG-LAO-2021-0135,0.6011,655,Legal Dispute
21-026-005-770237,Irrigation Canal - Sambalpur Stretch 6,Irrigation Canal,State Irrigation Dept,Odisha,Sambalpur,Sambalpur North,Sultanpur,21.47963,84.03294,2019-01-28,2020-05-23,2021-03-15,7.2,23,14,1.944,True,8,Disputed,25.77,742.18,465.76,425.24,91.3,37.24,True,4,4,Resolved,False,92,True,19.0,False,3,Award Declared,83,2,Obtained,Pending,True,296,True,Ownership / Title,OD-LAO-2024-0281,0.6812,481,Ownership / Title
21-005-020-076194,Airport Expansion - Khordha Stretch 6,Airport Expansion,Airports Authority of India,Odisha,Khordha,Khordha West,Tarapur,20.14714,85.60289,2023-07-04,2025-12-08,2026-02-08,22.9,50,31,1.354,True,7,Disputed,9.46,866.54,809.7,478.53,59.1,6.56,False,0,8,Stayed by Court,True,376,False,31.9,True,13,Possession Taken,4,2,Not Required,Applied,True,62,True,Legal Dispute,OD-LAO-2022-0873,0.5117,888,Legal Dispute
33-014-011-676436,State Highway - Chennai Stretch 4,State Highway,State PWD,Tamil Nadu,Chennai,Chennai South,Amrapur,13.14684,80.37272,2022-09-13,2024-08-25,2024-08-25,45.2,118,80,1.77,False,0,Clear,47.11,4258.74,3304.03,2990.15,90.5,22.42,True,4,2,Stayed by Court,True,145,True,10.0,True,9,Possession Taken,233,1,Applied,Obtained,True,0,False,Not Applicable,TN-LAO-2021-0562,0.3911,712,Legal Dispute
09-031-012-968801,Railway Line - Varanasi Stretch 1,Railway Line,Indian Railways,Uttar Pradesh,Varanasi,Varanasi South,Jaitpur,25.3691,82.88564,2020-10-08,2022-12-26,2022-12-26,33.7,89,48,1.424,True,3,Partial,31.01,4180.15,3498.44,2462.9,70.4,16.31,True,3,1,Resolved,False,17,False,27.6,False,17,Compensation Disbursement,196,4,Not Required,Not Required,True,0,False,Not Applicable,UP-LAO-2025-0822,0.3382,809,Rehabilitation (R&R)
36-011-010-433055,State Highway - Warangal Stretch 6,State Highway,State PWD,Telangana,Warangal,Warangal South,Mallapuram,17.87368,79.56165,2022-08-06,2023-10-28,2024-01-05,35.3,94,55,1.558,True,2,Partial,26.92,3801.1,2076.15,791.01,38.1,45.38,True,3,3,Resolved,False,8,True,33.3,True,24,Award Declared,102,1,Obtained,Pending,True,69,True,Compensation Disbursal,TG-LAO-2021-0919,0.5263,448,Compensation Disbursal
09-044-011-783326,Urban Metro - Prayagraj Stretch 6,Urban Metro,Metro Rail Corp,Uttar Pradesh,Prayagraj,Prayagraj South,Amrapur,25.45036,81.90032,2019-10-17,2022-03-01,2022-03-01,19.3,61,34,1.762,False,0,Clear,25.65,1980.18,1484.92,736.52,49.6,25.01,True,4,2,Resolved,False,297,True,40.8,False,20,Compensation Disbursement,5,3,Not Required,Not Required,True,0,False,Not Applicable,UP-LAO-2023-0576,0.3423,866,Compensation Disbursal
27-037-023-175762,Irrigation Canal - Nashik Stretch 6,Irrigation Canal,State Irrigation Dept,Maharashtra,Nashik,Nashik West,Yellapur,19.9805,73.90982,2021-09-25,2023-03-08,2023-07-16,16.3,58,33,2.025,True,2,Clear,15.16,988.43,631.75,164.89,26.1,36.09,True,3,2,Under Hearing,False,99,False,30.9,True,14,Award Declared,3,2,Obtained,Obtained,True,130,True,Compensation Disbursal,MH-LAO-2025-0385,0.5999,529,Compensation Disbursal
09-002-018-066783,Irrigation Canal - Lucknow Stretch 1,Irrigation Canal,State Irrigation Dept,Uttar Pradesh,Lucknow,Lucknow East,Raghunathpur,26.81304,80.89683,2022-01-30,2023-11-26,2024-10-14,106.8,227,164,1.536,True,1,Partial,64.56,13790.02,9363.21,2050.54,21.9,32.1,True,1,3,Under Hearing,False,47,True,35.3,False,58,Compensation Disbursement,244,3,Not Required,Pending,True,323,True,Administrative Approval,UP-LAO-2021-0734,0.6194,665,Administrative Approval
33-045-018-544333,Railway Line - Tiruchirappalli Stretch 6,Railway Line,Indian Railways,Tamil Nadu,Tiruchirappalli,Tiruchirappalli East,Raghunathpur,10.74358,78.75035,2019-09-20,2021-07-04,2021-09-13,63.9,146,85,1.33,True,2,Partial,13.83,3534.95,2158.44,1551.92,71.9,38.94,True,2,3,Under Hearing,False,208,True,21.4,True,25,Award Declared,375,0,Pending,Obtained,True,71,True,Legal Dispute,TN-LAO-2022-0490,0.5415,653,Legal Dispute
36-003-014-168649,Railway Line - Hyderabad Stretch 7,Railway Line,Indian Railways,Telangana,Hyderabad,Hyderabad East,Lakshmipura,17.4513,78.45045,2020-02-26,2021-06-11,2021-08-24,36.0,64,49,1.361,True,1,Partial,58.51,4212.72,3235.06,892.88,27.6,23.21,True,4,1,Under Hearing,False,179,True,44.4,False,27,Compensation Disbursement,73,2,Applied,Not Required,True,74,True,Compensation Disbursal,TG-LAO-2025-0884,0.5047,471,Compensation Disbursal
22-018-016-872581,Railway Line - Korba Stretch 6,Railway Line,Indian Railways,Chhattisgarh,Korba,Korba East,Nandgaon,22.23463,82.73853,2022-10-27,2024-08-16,2025-06-20,24.2,45,38,1.57,True,2,Disputed,10.07,974.78,483.1,282.13,58.4,50.44,True,4,5,Filed,False,5,True,57.1,False,21,Award Declared,18,4,Obtained,Applied,True,308,True,Legal Dispute,CG-LAO-2024-0820,0.6554,659,Legal Dispute
23-033-008-121651,State Highway - Gwalior Stretch 4,State Highway,State PWD,Madhya Pradesh,Gwalior,Gwalior South,Narsapur,26.25676,78.07151,2020-04-14,2022-11-23,2022-11-23,13.3,19,18,1.353,False,0,Clear,19.0,1010.8,716.02,395.96,55.3,29.16,True,2,3,Under Hearing,False,822,True,72.2,True,13,R&R Implementation,111,1,Pending,Applied,True,0,False,Not Applicable,MP-LAO-2024-0467,0.3885,953,Legal Dispute
21-019-014-988271,State Highway - Ganjam Stretch 7,State Highway,State PWD,Odisha,Ganjam,Ganjam East,Lakshmipura,19.3187,84.73109,2023-10-12,2026-03-21,2026-03-21,55.2,125,96,1.739,False,0,Clear,17.16,3788.93,2646.65,1572.11,59.4,30.15,True,4,2,Resolved,False,171,True,32.8,False,40,Award Declared,52,1,Not Required,Applied,True,0,False,Not Applicable,OD-LAO-2025-0784,0.3566,891,Rehabilitation (R&R)
21-026-002-958256,State Highway - Sambalpur Stretch 5,State Highway,State PWD,Odisha,Sambalpur,Sambalpur North,Kothapalli,21.55587,84.12321,2020-08-04,2022-05-16,2022-05-16,44.6,55,62,1.39,True,1,Clear,27.73,4947.03,4092.9,2860.94,69.9,17.27,True,1,1,Stayed by Court,True,132,True,87.2,True,42,R&R Implementation,242,2,Applied,Obtained,True,0,False,Not Applicable,OD-LAO-2024-0281,0.2949,650,Legal Dispute
23-033-012-909547,Irrigation Canal - Gwalior Stretch 3,Irrigation Canal,State Irrigation Dept,Madhya Pradesh,Gwalior,Gwalior South,Jaitpur,26.37667,78.01722,2022-11-03,2024-06-14,2025-06-23,14.1,41,26,1.844,True,4,Disputed,25.32,1428.05,1133.5,374.06,33.0,20.63,True,3,4,Filed,False,802,True,33.1,False,11,Award Declared,9,1,Applied,Obtained,True,374,True,Ownership / Title,MP-LAO-2024-0467,0.6831,589,Ownership / Title
33-014-011-363947,State Highway - Chennai Stretch 4,State Highway,State PWD,Tamil Nadu,Chennai,Chennai South,Amrapur,13.15226,80.38077,2023-01-03,2025-06-15,2025-06-15,11.3,24,16,1.416,True,1,Clear,43.15,975.19,829.14,167.49,20.2,14.98,True,2,0,None,False,0,True,72.9,False,12,R&R Implementation,245,3,Not Required,Not Required,True,0,False,Not Applicable,TN-LAO-2021-0562,0.2717,894,Compensation Disbursal
36-019-015-490823,Railway Line - Karimnagar Stretch 5,Railway Line,Indian Railways,Telangana,Karimnagar,Karimnagar East,Madhavgarh,18.6283,79.26773,2023-04-01,2024-07-22,2025-10-14,16.1,35,22,1.366,True,3,Partial,27.68,1782.59,774.78,420.71,54.3,56.54,True,6,6,Stayed by Court,True,256,False,8.1,True,2,SIA Completed,63,4,Pending,Not Required,True,449,True,Legal Dispute,TG-LAO-2024-0235,0.8126,478,Legal Dispute
36-027-016-523186,Industrial Corridor - Nizamabad Stretch 7,Industrial Corridor,State Industrial Corp,Telangana,Nizamabad,Nizamabad East,Nandgaon,18.71746,78.05673,2023-07-02,2025-01-19,2025-01-19,24.3,63,40,1.646,False,0,Clear,21.6,2099.52,1528.77,1054.85,69.0,27.18,True,1,1,Under Hearing,False,86,False,26.7,True,13,Possession Taken,100,2,Applied,Obtained,True,0,False,Not Applicable,TG-LAO-2021-0135,0.3613,567,Rehabilitation (R&R)
09-031-004-338225,State Highway - Varanasi Stretch 8,State Highway,State PWD,Uttar Pradesh,Varanasi,Varanasi North,Bhimnagar,25.42183,83.00883,2021-10-23,2024-06-28,2024-09-08,15.2,22,19,1.25,True,2,Partial,8.29,504.03,450.7,21.18,4.7,10.58,True,2,2,Filed,False,19,True,12.6,False,2,R&R Implementation,82,0,Obtained,Obtained,True,72,True,Rehabilitation (R&R),UP-LAO-2025-0822,0.4871,979,Rehabilitation (R&R)
09-015-007-970801,Airport Expansion - Kanpur Nagar Stretch 2,Airport Expansion,Airports Authority of India,Uttar Pradesh,Kanpur Nagar,Kanpur Nagar South,Chandrapalli,26.40115,80.37841,2021-05-15,2024-01-31,2024-12-10,18.3,24,26,1.421,True,2,Partial,30.73,2249.44,787.3,340.11,43.2,65.0,True,6,2,Under Hearing,False,517,True,87.1,False,15,Possession Taken,12,4,Applied,Pending,True,314,True,Administrative Approval,UP-LAO-2023-0451,0.6703,991,Administrative Approval
22-014-018-128587,National Highway - Bilaspur Stretch 7,National Highway,NHAI,Chhattisgarh,Bilaspur,Bilaspur East,Raghunathpur,21.99939,82.19365,2020-10-18,2022-08-29,2023-01-11,10.4,15,16,1.538,True,1,Partial,23.27,968.03,370.39,251.49,67.9,61.74,True,2,2,Filed,False,5,False,10.4,True,1,R&R Implementation,140,1,Not Required,Applied,True,135,True,Rehabilitation (R&R),CG-LAO-2022-0241,0.5544,680,Rehabilitation (R&R)
36-011-024-925542,Urban Metro - Warangal Stretch 7,Urban Metro,Metro Rail Corp,Telangana,Warangal,Warangal West,Zamania,18.03314,79.62364,2021-12-18,2023-11-06,2023-11-06,187.6,309,244,1.301,True,1,Clear,8.81,6611.02,5812.28,1819.24,31.3,12.08,True,1,1,Resolved,False,578,True,16.0,False,42,Compensation Disbursement,25,1,Not Required,Obtained,True,0,False,Not Applicable,TG-LAO-2021-0919,0.3355,688,Rehabilitation (R&R)
09-015-020-499467,Industrial Corridor - Kanpur Nagar Stretch 1,Industrial Corridor,State Industrial Corp,Uttar Pradesh,Kanpur Nagar,Kanpur Nagar West,Tarapur,26.40245,80.41402,2023-04-27,2025-06-14,2025-06-27,22.3,57,35,1.57,True,4,Partial,19.74,1760.81,856.18,464.91,54.3,51.38,True,3,1,Under Hearing,False,179,True,84.1,True,37,Compensation Disbursement,17,2,Obtained,Applied,True,13,False,Not Applicable,UP-LAO-2023-0451,0.4734,779,Ownership / Title
21-019-010-250365,Industrial Corridor - Ganjam Stretch 5,Industrial Corridor,State Industrial Corp,Odisha,Ganjam,Ganjam South,Mallapuram,19.30948,84.9138,2022-05-04,2024-05-15,2024-05-15,27.6,78,47,1.703,True,1,Partial,12.9,1424.16,1193.21,743.37,62.3,16.22,True,1,1,Filed,False,238,True,18.2,True,10,Award Declared,92,2,Not Required,Not Required,True,0,False,Not Applicable,OD-LAO-2025-0784,0.4379,742,Rehabilitation (R&R)
23-004-020-557776,State Highway - Bhopal Stretch 5,State Highway,State PWD,Madhya Pradesh,Bhopal,Bhopal West,Tarapur,23.11873,77.47117,2023-03-18,2025-10-27,2025-10-27,14.8,31,22,1.486,True,1,Partial,78.86,2334.26,2031.49,396.14,19.5,12.97,False,0,3,Filed,False,586,True,67.6,True,16,Possession Taken,80,2,Not Required,Obtained,True,0,False,Not Applicable,MP-LAO-2023-0365,0.4248,954,Legal Dispute
09-015-013-819804,National Highway - Kanpur Nagar Stretch 7,National Highway,NHAI,Uttar Pradesh,Kanpur Nagar,Kanpur Nagar East,Kesarpur,26.57865,80.39449,2023-10-27,2026-04-10,2026-10-28,5.5,14,9,1.636,True,7,Disputed,21.25,467.5,268.2,198.47,74.0,42.63,True,6,8,Under Hearing,False,136,True,53.8,True,6,SIA Completed,22,3,Obtained,Obtained,True,201,True,Ownership / Title,UP-LAO-2023-0451,0.5246,896,Ownership / Title
22-002-008-335658,National Highway - Raipur Stretch 7,National Highway,NHAI,Chhattisgarh,Raipur,Raipur South,Narsapur,21.13673,81.75361,2019-11-12,2021-02-03,2021-02-03,34.7,53,48,1.383,False,0,Clear,81.0,5621.4,3730.29,2051.66,55.0,33.64,True,3,0,None,False,0,False,33.3,False,14,Section 11 Notification Issued,161,3,Pending,Pending,True,0,False,Not Applicable,CG-LAO-2022-0755,0.3543,449,Administrative Approval
09-015-012-869466,Irrigation Canal - Kanpur Nagar Stretch 6,Irrigation Canal,State Irrigation Dept,Uttar Pradesh,Kanpur Nagar,Kanpur Nagar South,Jaitpur,26.32425,80.24877,2022-03-20,2023-09-19,2023-09-19,10.4,30,19,1.827,False,0,Clear,24.5,1019.2,847.43,156.77,18.5,16.85,False,0,0,None,False,0,True,80.5,True,22,Section 11 Notification Issued,93,1,Obtained,Applied,True,0,False,Not Applicable,UP-LAO-2023-0451,0.2419,548,Compensation Disbursal
27-025-020-420336,Industrial Corridor - Nagpur Stretch 1,Industrial Corridor,State Industrial Corp,Maharashtra,Nagpur,Nagpur West,Tarapur,20.90128,79.06539,2023-05-09,2025-02-24,2025-02-24,49.2,109,70,1.423,True,2,Clear,38.95,3832.68,3373.4,2145.48,63.6,11.98,True,1,0,None,False,0,False,32.1,True,26,SIA Completed,21,1,Obtained,Obtained,True,0,False,Not Applicable,MH-LAO-2025-0718,0.2207,657,Rehabilitation (R&R)
22-014-019-874264,Power Transmission - Bilaspur Stretch 1,Power Transmission,POWERGRID,Chhattisgarh,Bilaspur,Bilaspur West,Shivnagar,21.92382,82.15319,2019-09-14,2021-03-10,2021-03-10,76.3,153,104,1.363,True,1,Clear,25.68,7837.54,4009.33,2225.18,55.5,48.84,True,3,1,Filed,False,86,True,66.3,True,76,R&R Implementation,38,1,Obtained,Not Required,True,0,False,Not Applicable,CG-LAO-2022-0241,0.3577,543,Compensation Disbursal
22-018-017-780109,Urban Metro - Korba Stretch 5,Urban Metro,Metro Rail Corp,Chhattisgarh,Korba,Korba East,Peddapalli,22.36385,82.67326,2021-05-14,2023-02-26,2023-05-26,49.0,138,83,1.694,True,3,Partial,31.73,6219.08,4487.45,1323.8,29.5,27.84,True,2,2,Resolved,False,762,True,23.6,True,27,Award Declared,81,3,Obtained,Applied,True,89,True,Rehabilitation (R&R),CG-LAO-2024-0820,0.5308,653,Rehabilitation (R&R)
29-007-024-604207,Industrial Corridor - Bengaluru Urban Stretch 4,Industrial Corridor,State Industrial Corp,Karnataka,Bengaluru Urban,Bengaluru Urban West,Zamania,12.97587,77.53295,2019-08-18,2020-12-05,2020-12-05,17.3,28,31,1.792,True,1,Clear,63.18,2186.03,1547.06,1041.17,67.3,29.23,True,2,1,Filed,False,86,True,52.1,True,12,Possession Taken,64,0,Applied,Not Required,True,0,False,Not Applicable,KA-LAO-2024-0628,0.4169,475,Compensation Disbursal
09-031-015-251640,Irrigation Canal - Varanasi Stretch 2,Irrigation Canal,State Irrigation Dept,Uttar Pradesh,Varanasi,Varanasi East,Madhavgarh,25.34923,82.96663,2019-10-23,2021-10-09,2021-12-20,19.0,38,30,1.579,False,0,Clear,17.15,1303.4,529.29,213.83,40.4,59.39,True,7,3,Under Hearing,False,547,True,43.1,False,11,Possession Taken,124,1,Not Required,Obtained,True,72,True,Legal Dispute,UP-LAO-2025-0822,0.5446,717,Legal Dispute
36-003-009-242068,Urban Metro - Hyderabad Stretch 7,Urban Metro,Metro Rail Corp,Telangana,Hyderabad,Hyderabad South,Basavanahalli,17.42595,78.64746,2023-05-09,2025-08-31,2025-08-31,36.6,64,51,1.393,True,3,Clear,64.29,4706.03,3822.59,2656.7,69.5,18.77,True,2,1,Filed,False,278,False,23.1,False,14,Award Declared,310,0,Obtained,Obtained,True,0,False,Not Applicable,TG-LAO-2025-0884,0.3382,845,Rehabilitation (R&R)
29-009-021-996364,Railway Line - Tumakuru Stretch 2,Railway Line,Indian Railways,Karnataka,Tumakuru,Tumakuru West,Uttanahalli,13.3829,77.18155,2022-02-22,2024-06-04,2024-06-04,72.9,154,109,1.495,False,0,Clear,30.79,8978.36,6555.74,3612.21,55.1,26.98,False,0,2,Stayed by Court,True,5,True,13.1,False,17,Compensation Disbursement,206,1,Applied,Not Required,True,0,False,Not Applicable,KA-LAO-2023-0611,0.4778,833,Rehabilitation (R&R)
27-037-017-497474,State Highway - Nashik Stretch 2,State Highway,State PWD,Maharashtra,Nashik,Nashik East,Peddapalli,20.04348,73.82492,2021-06-15,2023-07-26,2023-12-09,36.4,53,59,1.621,True,1,Disputed,20.32,2958.59,2680.23,889.84,33.2,9.41,False,0,3,Stayed by Court,True,342,True,39.5,True,19,SIA Completed,39,4,Obtained,Pending,True,136,True,Legal Dispute,MH-LAO-2025-0385,0.6228,771,Legal Dispute
33-031-006-445132,Urban Metro - Madurai Stretch 2,Urban Metro,Metro Rail Corp,Tamil Nadu,Madurai,Madurai North,Devgaon,9.85211,78.05,2020-06-24,2022-06-19,2022-06-19,99.6,219,155,1.556,True,1,Clear,6.91,2752.94,2170.96,961.74,44.3,21.14,True,1,0,None,False,0,True,27.9,False,43,R&R Implementation,55,5,Pending,Pending,True,0,False,Not Applicable,TN-LAO-2021-0436,0.2795,725,Administrative Approval
23-004-010-714020,Railway Line - Bhopal Stretch 7,Railway Line,Indian Railways,Madhya Pradesh,Bhopal,Bhopal South,Mallapuram,23.10162,77.35608,2019-11-12,2021-07-21,2022-01-18,45.3,69,62,1.369,True,11,Disputed,73.17,6629.2,5354.61,3025.35,56.5,19.23,False,0,9,Under Hearing,False,575,True,50.2,False,34,R&R Implementation,74,1,Not Required,Not Required,True,181,True,Ownership / Title,MP-LAO-2023-0365,0.5644,617,Ownership / Title
22-018-013-296622,State Highway - Korba Stretch 2,State Highway,State PWD,Chhattisgarh,Korba,Korba East,Kesarpur,22.40064,82.53175,2020-04-30,2023-01-01,2023-03-25,15.4,41,31,2.013,False,0,Clear,24.79,1527.06,1241.17,260.65,21.0,18.72,True,1,2,Stayed by Court,True,40,True,45.4,True,14,SIA Completed,4,1,Obtained,Applied,True,83,True,Legal Dispute,CG-LAO-2024-0820,0.4774,976,Legal Dispute
36-011-005-573011,Power Transmission - Warangal Stretch 3,Power Transmission,POWERGRID,Telangana,Warangal,Warangal North,Sultanpur,17.94796,79.39107,2023-01-30,2024-07-09,2024-08-30,19.7,28,29,1.472,True,2,Clear,10.6,835.28,458.27,234.63,51.2,45.14,True,3,2,Resolved,False,223,False,13.4,False,2,R&R Implementation,134,0,Applied,Applied,True,52,True,Rehabilitation (R&R),TG-LAO-2021-0919,0.4424,526,Rehabilitation (R&R)
09-031-009-301397,National Highway - Varanasi Stretch 8,National Highway,NHAI,Uttar Pradesh,Varanasi,Varanasi South,Basavanahalli,25.39822,82.77498,2019-11-02,2021-06-16,2021-06-16,25.6,38,39,1.523,True,1,Clear,17.07,1747.97,1123.72,185.41,16.5,35.71,True,3,1,Under Hearing,False,38,True,87.3,True,31,SIA Completed,46,2,Not Required,Not Required,True,0,False,Not Applicable,UP-LAO-2025-0822,0.4329,592,Compensation Disbursal
09-044-024-422247,State Highway - Prayagraj Stretch 2,State Highway,State PWD,Uttar Pradesh,Prayagraj,Prayagraj West,Zamania,25.45443,81.74724,2021-04-14,2022-10-31,2022-10-31,11.4,20,19,1.667,True,1,Clear,22.62,1031.47,647.99,560.51,86.5,37.18,True,2,1,Under Hearing,False,131,False,11.9,False,1,Possession Taken,36,1,Obtained,Not Required,True,0,False,Not Applicable,UP-LAO-2023-0576,0.3704,565,Rehabilitation (R&R)
09-015-007-459474,Industrial Corridor - Kanpur Nagar Stretch 8,Industrial Corridor,State Industrial Corp,Uttar Pradesh,Kanpur Nagar,Kanpur Nagar South,Chandrapalli,26.36588,80.36281,2020-12-16,2022-04-12,2022-04-12,10.3,22,23,2.233,True,2,Partial,21.28,876.74,675.36,555.15,82.2,22.97,True,2,3,Resolved,False,211,False,5.3,False,1,Compensation Disbursement,277,0,Not Required,Pending,True,0,False,Not Applicable,UP-LAO-2023-0451,0.345,482,Rehabilitation (R&R)
27-013-023-059045,Railway Line - Pune Stretch 5,Railway Line,Indian Railways,Maharashtra,Pune,Pune West,Yellapur,18.43983,73.86133,2022-08-04,2024-04-18,2024-11-09,6.5,18,12,1.846,True,1,Partial,45.7,594.1,327.2,75.58,23.1,44.93,True,5,2,Filed,False,1153,False,22.5,True,3,SIA Completed,142,2,Obtained,Obtained,True,205,True,Compensation Disbursal,MH-LAO-2023-0454,0.5834,623,Compensation Disbursal
22-014-023-503989,Irrigation Canal - Bilaspur Stretch 4,Irrigation Canal,State Irrigation Dept,Chhattisgarh,Bilaspur,Bilaspur West,Yellapur,22.03395,82.21288,2022-05-11,2023-10-03,2024-02-19,22.5,60,34,1.511,True,3,Partial,27.69,2492.1,1962.68,559.36,28.5,21.24,True,2,1,Stayed by Court,True,16,False,12.9,True,7,Award Declared,79,2,Obtained,Pending,True,139,True,Rehabilitation (R&R),CG-LAO-2022-0241,0.5653,510,Rehabilitation (R&R)
29-022-004-218882,Airport Expansion - Belagavi Stretch 2,Airport Expansion,Airports Authority of India,Karnataka,Belagavi,Belagavi North,Bhimnagar,15.90183,74.62461,2019-08-16,2021-09-25,2022-08-01,15.6,24,21,1.346,True,1,Partial,13.71,855.5,682.08,55.93,8.2,20.27,True,1,4,Under Hearing,False,5,True,19.8,False,3,Possession Taken,67,2,Obtained,Pending,True,310,True,Legal Dispute,KA-LAO-2025-0488,0.6872,771,Legal Dispute
21-026-011-280692,Urban Metro - Sambalpur Stretch 8,Urban Metro,Metro Rail Corp,Odisha,Sambalpur,Sambalpur South,Amrapur,21.46107,84.10816,2019-02-26,2020-09-04,2021-04-22,30.9,79,43,1.392,True,3,Partial,25.09,3101.12,2043.42,1649.04,80.7,34.11,True,4,4,Under Hearing,False,106,True,42.3,False,31,SIA Completed,341,1,Obtained,Pending,True,230,True,Legal Dispute,OD-LAO-2024-0281,0.6099,556,Legal Dispute
09-015-022-331393,Airport Expansion - Kanpur Nagar Stretch 6,Airport Expansion,Airports Authority of India,Uttar Pradesh,Kanpur Nagar,Kanpur Nagar West,Veerapuram,26.44497,80.28844,2021-12-22,2024-08-12,2024-08-12,19.0,33,24,1.263,False,0,Clear,21.42,1627.92,1547.48,940.87,60.8,4.94,False,0,2,Filed,False,54,True,16.8,False,3,R&R Implementation,18,1,Not Required,Not Required,True,0,False,Not Applicable,UP-LAO-2023-0451,0.3368,964,Rehabilitation (R&R)
21-019-013-994290,Industrial Corridor - Ganjam Stretch 7,Industrial Corridor,State Industrial Corp,Odisha,Ganjam,Ganjam East,Kesarpur,19.34339,84.93059,2022-09-29,2024-01-16,2024-01-16,61.0,138,81,1.328,True,1,Partial,16.52,4030.88,3550.69,3142.36,88.5,11.91,True,1,1,Filed,False,99,True,64.4,True,74,Award Declared,87,1,Not Required,Applied,True,0,False,Not Applicable,OD-LAO-2025-0784,0.3387,474,Legal Dispute
22-002-014-342105,Airport Expansion - Raipur Stretch 2,Airport Expansion,Airports Authority of India,Chhattisgarh,Raipur,Raipur East,Lakshmipura,21.25293,81.51305,2023-10-12,2025-04-25,2025-12-25,10.2,47,26,2.549,True,1,Partial,93.71,1911.68,1476.01,602.21,40.8,22.79,True,1,4,Filed,False,217,True,52.9,False,21,Award Declared,53,1,Obtained,Pending,True,244,True,Legal Dispute,CG-LAO-2022-0755,0.5565,561,Legal Dispute
27-001-003-373557,Irrigation Canal - Mumbai Suburban Stretch 6,Irrigation Canal,State Irrigation Dept,Maharashtra,Mumbai Suburban,Mumbai Suburban North,Ganeshpura,19.09703,72.91292,2019-05-09,2021-03-05,2021-08-04,58.4,112,85,1.455,False,0,Clear,85.09,9938.51,7831.28,3336.13,42.6,21.2,True,1,2,Filed,False,34,True,13.2,False,14,SIA Completed,324,5,Not Required,Obtained,True,152,True,Administrative Approval,MH-LAO-2022-0603,0.5257,666,Administrative Approval
33-023-005-660187,Railway Line - Coimbatore Stretch 5,Railway Line,Indian Railways,Tamil Nadu,Coimbatore,Coimbatore North,Sultanpur,10.93783,76.98927,2023-05-03,2025-01-08,2025-08-18,19.1,33,34,1.78,True,4,Partial,24.39,1863.4,1509.78,280.82,18.6,18.98,True,1,8,Filed,False,352,True,67.2,True,21,Section 11 Notification Issued,79,0,Applied,Not Required,True,222,True,Legal Dispute,TN-LAO-2024-0163,0.5819,616,Legal Dispute
09-031-005-205615,State Highway - Varanasi Stretch 5,State Highway,State PWD,Uttar Pradesh,Varanasi,Varanasi North,Sultanpur,25.3743,83.00716,2022-10-16,2024-11-12,2024-11-12,26.4,81,50,1.894,True,2,Clear,14.9,1573.44,1306.41,1105.22,84.6,16.97,True,1,0,None,False,0,True,13.1,True,8,SIA Completed,8,0,Obtained,Not Required,True,0,False,Not Applicable,UP-LAO-2025-0822,0.1383,758,Rehabilitation (R&R)
09-031-008-739700,Airport Expansion - Varanasi Stretch 1,Airport Expansion,Airports Authority of India,Uttar Pradesh,Varanasi,Varanasi South,Narsapur,25.38006,83.0332,2021-07-23,2024-04-11,2024-04-11,26.5,40,40,1.509,False,0,Clear,15.27,1618.62,1353.53,646.99,47.8,16.38,True,1,0,None,False,0,True,77.3,False,22,Possession Taken,11,2,Pending,Obtained,True,0,False,Not Applicable,UP-LAO-2025-0822,0.2721,993,Administrative Approval
22-014-013-822415,State Highway - Bilaspur Stretch 1,State Highway,State PWD,Chhattisgarh,Bilaspur,Bilaspur East,Kesarpur,22.12712,82.09393,2023-11-04,2026-04-08,2026-12-31,23.4,34,29,1.239,True,1,Partial,10.33,966.89,867.42,189.1,21.8,10.29,False,0,4,Under Hearing,False,45,True,21.6,True,6,Award Declared,9,5,Obtained,Obtained,True,267,True,Legal Dispute,CG-LAO-2022-0241,0.681,886,Legal Dispute
23-016-021-561047,Industrial Corridor - Indore Stretch 3,Industrial Corridor,State Industrial Corp,Madhya Pradesh,Indore,Indore West,Uttanahalli,22.61697,75.82068,2022-10-10,2024-05-28,2024-05-28,31.2,71,42,1.346,True,2,Clear,51.75,3229.2,2305.44,1173.47,50.9,28.61,True,1,0,None,False,0,False,1.0,False,0,Compensation Disbursement,42,2,Applied,Pending,True,0,False,Not Applicable,MP-LAO-2021-0254,0.4394,596,Rehabilitation (R&R)
22-018-003-425514,State Highway - Korba Stretch 3,State Highway,State PWD,Chhattisgarh,Korba,Korba North,Ganeshpura,22.31528,82.74501,2020-12-06,2023-03-10,2023-03-10,41.5,79,69,1.663,True,2,Clear,19.71,3271.86,2777.67,683.31,24.6,15.1,True,1,0,None,False,0,True,64.6,True,50,Section 11 Notification Issued,230,6,Obtained,Applied,True,0,False,Not Applicable,CG-LAO-2024-0820,0.3324,824,Administrative Approval
36-003-004-933326,Railway Line - Hyderabad Stretch 3,Railway Line,Indian Railways,Telangana,Hyderabad,Hyderabad North,Bhimnagar,17.54195,78.42728,2022-08-29,2023-11-28,2024-04-25,122.5,190,176,1.437,False,0,Clear,65.48,16042.6,9008.63,2387.29,26.5,43.85,True,2,1,Under Hearing,False,27,False,15.8,False,29,Compensation Disbursement,58,2,Obtained,Not Required,True,149,True,Compensation Disbursal,TG-LAO-2025-0884,0.558,456,Compensation Disbursal
09-044-010-180479,Industrial Corridor - Prayagraj Stretch 2,Industrial Corridor,State Industrial Corp,Uttar Pradesh,Prayagraj,Prayagraj South,Mallapuram,25.42507,81.82435,2021-12-03,2023-02-09,2023-06-12,15.9,44,29,1.824,True,5,Partial,31.94,2031.38,1433.55,1069.43,74.6,29.43,False,0,1,Stayed by Court,True,342,True,34.8,False,14,Compensation Disbursement,156,4,Pending,Applied,True,123,True,Administrative Approval,UP-LAO-2023-0576,0.4506,433,Administrative Approval
36-003-007-310782,State Highway - Hyderabad Stretch 2,State Highway,State PWD,Telangana,Hyderabad,Hyderabad South,Chandrapalli,17.43355,78.52479,2023-12-12,2025-02-23,2025-12-27,59.9,162,95,1.586,True,5,Disputed,55.88,6694.42,4793.58,3494.52,72.9,28.39,True,1,5,Stayed by Court,True,40,True,94.1,True,114,Section 11 Notification Issued,106,3,Applied,Pending,True,307,True,Legal Dispute,TG-LAO-2025-0884,0.6546,439,Legal Dispute
36-003-019-565746,National Highway - Hyderabad Stretch 3,National Highway,NHAI,Telangana,Hyderabad,Hyderabad West,Shivnagar,17.16748,78.60704,2023-11-09,2026-01-08,2026-11-20,13.7,17,17,1.241,False,0,Clear,63.56,1741.54,929.75,373.76,40.2,46.61,True,4,3,Stayed by Court,True,5,True,15.4,False,2,Award Declared,103,3,Not Required,Not Required,True,316,True,Legal Dispute,TG-LAO-2025-0884,0.6552,791,Legal Dispute
29-007-005-788735,National Highway - Bengaluru Urban Stretch 6,National Highway,NHAI,Karnataka,Bengaluru Urban,Bengaluru Urban North,Sultanpur,12.9377,77.69308,2022-08-24,2023-12-06,2023-12-06,20.4,39,28,1.373,False,0,Clear,82.3,3357.84,2775.91,1957.02,70.5,17.33,True,1,1,Resolved,False,153,True,40.7,False,15,R&R Implementation,91,1,Pending,Not Required,True,0,False,Not Applicable,KA-LAO-2024-0628,0.3098,469,Rehabilitation (R&R)
27-025-022-944620,Urban Metro - Nagpur Stretch 1,Urban Metro,Metro Rail Corp,Maharashtra,Nagpur,Nagpur West,Veerapuram,21.25242,79.19731,2022-07-02,2024-09-27,2025-04-03,52.4,135,93,1.775,True,3,Partial,43.39,4547.27,2640.07,1800.53,68.2,41.94,True,4,5,Resolved,False,123,True,21.1,True,22,Compensation Disbursement,3,4,Obtained,Not Required,True,188,True,Rehabilitation (R&R),MH-LAO-2025-0718,0.633,818,Rehabilitation (R&R)
27-013-003-437163,Irrigation Canal - Pune Stretch 7,Irrigation Canal,State Irrigation Dept,Maharashtra,Pune,Pune North,Ganeshpura,18.51856,73.95192,2021-10-31,2023-08-27,2024-04-07,24.7,44,36,1.457,True,5,Disputed,71.13,3513.82,1924.64,939.22,48.8,45.23,True,2,5,Filed,False,60,True,46.6,True,19,Award Declared,117,3,Obtained,Not Required,True,224,True,Ownership / Title,MH-LAO-2023-0454,0.6329,665,Ownership / Title
29-022-022-237598,Power Transmission - Belagavi Stretch 4,Power Transmission,POWERGRID,Karnataka,Belagavi,Belagavi West,Veerapuram,16.12031,74.43078,2022-12-24,2024-10-03,2025-04-22,14.5,23,22,1.517,False,0,Clear,30.56,1772.48,906.47,93.37,10.3,48.86,True,6,3,Stayed by Court,True,110,True,80.2,False,18,Possession Taken,21,1,Applied,Not Required,True,201,True,Compensation Disbursal,KA-LAO-2025-0488,0.5534,649,Compensation Disbursal
36-027-004-601436,State Highway - Nizamabad Stretch 2,State Highway,State PWD,Telangana,Nizamabad,Nizamabad North,Bhimnagar,18.64063,77.94057,2019-06-14,2021-09-29,2021-09-29,35.9,105,60,1.671,False,0,Clear,25.27,3628.77,2548.98,690.77,27.1,29.76,True,4,1,Under Hearing,False,345,True,40.4,False,32,R&R Implementation,7,4,Not Required,Not Required,True,0,False,Not Applicable,TG-LAO-2021-0135,0.4371,838,Compensation Disbursal
33-045-007-991413,Irrigation Canal - Tiruchirappalli Stretch 3,Irrigation Canal,State Irrigation Dept,Tamil Nadu,Tiruchirappalli,Tiruchirappalli South,Chandrapalli,10.73157,78.6445,2022-10-17,2024-04-21,2024-09-04,11.2,15,12,1.071,False,0,Clear,14.29,640.19,411.66,175.78,42.7,35.7,True,4,1,Resolved,False,177,True,54.3,True,7,SIA Completed,87,1,Applied,Applied,True,136,True,Compensation Disbursal,TN-LAO-2022-0490,0.4851,552,Compensation Disbursal
29-009-018-330872,State Highway - Tumakuru Stretch 2,State Highway,State PWD,Karnataka,Tumakuru,Tumakuru East,Raghunathpur,13.23622,77.16553,2023-02-23,2025-07-25,2025-08-19,55.6,142,83,1.493,True,1,Partial,9.06,2014.94,1290.51,1253.09,97.1,35.95,True,2,3,Filed,False,131,False,17.7,True,17,Award Declared,9,2,Pending,Not Required,True,25,False,Not Applicable,KA-LAO-2023-0611,0.493,883,Legal Dispute
21-005-016-212873,National Highway - Khordha Stretch 6,National Highway,NHAI,Odisha,Khordha,Khordha East,Nandgaon,20.21143,85.54805,2019-12-03,2021-09-30,2021-12-01,44.8,67,54,1.205,False,0,Clear,7.72,1383.42,822.26,483.49,58.8,40.56,True,2,2,Under Hearing,False,51,False,13.2,False,8,Award Declared,30,2,Obtained,Applied,True,62,True,Rehabilitation (R&R),OD-LAO-2022-0873,0.4833,667,Rehabilitation (R&R)
36-003-024-806495,Power Transmission - Hyderabad Stretch 3,Power Transmission,POWERGRID,Telangana,Hyderabad,Hyderabad West,Zamania,17.56712,78.27681,2023-01-13,2025-04-24,2025-04-24,33.4,54,40,1.198,False,0,Clear,43.51,2906.47,2627.68,1629.16,62.0,9.59,True,2,2,Stayed by Court,True,411,True,89.3,True,35,R&R Implementation,22,1,Applied,Not Required,True,0,False,Not Applicable,TG-LAO-2025-0884,0.3282,832,Legal Dispute
36-027-011-027965,Railway Line - Nizamabad Stretch 4,Railway Line,Indian Railways,Telangana,Nizamabad,Nizamabad South,Amrapur,18.56614,78.01763,2021-04-03,2023-06-02,2024-04-12,13.3,21,18,1.353,True,5,Disputed,6.18,328.78,245.91,110.41,44.9,25.2,True,1,4,Under Hearing,False,140,True,15.0,True,2,Compensation Disbursement,130,1,Not Required,Pending,True,315,True,Ownership / Title,TG-LAO-2021-0135,0.6812,790,Ownership / Title
33-045-019-580019,Urban Metro - Tiruchirappalli Stretch 4,Urban Metro,Metro Rail Corp,Tamil Nadu,Tiruchirappalli,Tiruchirappalli West,Shivnagar,10.69959,78.67555,2021-10-29,2024-07-18,2024-07-18,87.0,126,133,1.529,True,1,Clear,24.76,8616.48,6419.45,2721.85,42.4,25.5,True,2,1,Filed,False,164,True,38.0,True,34,Possession Taken,107,2,Obtained,Not Required,True,0,False,Not Applicable,TN-LAO-2022-0490,0.3614,993,Compensation Disbursal
21-019-006-257378,State Highway - Ganjam Stretch 3,State Highway,State PWD,Odisha,Ganjam,Ganjam North,Devgaon,19.49374,84.89329,2023-01-26,2025-01-30,2025-04-24,36.4,69,53,1.456,True,2,Partial,10.59,1541.9,764.42,622.24,81.4,50.42,True,4,4,Filed,False,153,True,45.2,True,25,SIA Completed,456,1,Not Required,Pending,True,84,True,Administrative Approval,OD-LAO-2025-0784,0.5238,735,Administrative Approval
22-018-016-820400,State Highway - Korba Stretch 6,State Highway,State PWD,Chhattisgarh,Korba,Korba East,Nandgaon,22.23742,82.74741,2022-04-24,2024-11-04,2025-01-08,66.4,114,95,1.431,False,0,Clear,26.36,7001.22,5537.68,581.46,10.5,20.9,True,1,0,None,False,0,False,14.8,False,14,Compensation Disbursement,44,3,Applied,Not Required,True,65,True,Rehabilitation (R&R),CG-LAO-2024-0820,0.4616,925,Rehabilitation (R&R)
29-007-007-071762,State Highway - Bengaluru Urban Stretch 5,State Highway,State PWD,Karnataka,Bengaluru Urban,Bengaluru Urban South,Chandrapalli,12.99089,77.7226,2020-08-23,2022-12-11,2022-12-11,41.3,107,60,1.453,True,1,Clear,68.57,5663.88,3968.29,2753.99,69.4,29.94,True,3,1,Filed,False,327,True,59.3,False,61,SIA Completed,176,3,Pending,Not Required,True,0,False,Not Applicable,KA-LAO-2024-0628,0.4025,840,Administrative Approval
21-005-001-250927,State Highway - Khordha Stretch 2,State Highway,State PWD,Odisha,Khordha,Khordha North,Rampur,20.11874,85.47386,2020-07-06,2022-05-19,2022-06-17,46.3,69,74,1.598,True,3,Partial,6.11,1131.57,638.11,285.24,44.7,43.61,True,3,1,Filed,False,70,True,26.1,False,15,Award Declared,12,0,Obtained,Not Required,True,29,False,Not Applicable,OD-LAO-2022-0873,0.3942,682,Compensation Disbursal
21-019-019-099733,State Highway - Ganjam Stretch 5,State Highway,State PWD,Odisha,Ganjam,Ganjam West,Shivnagar,19.37555,84.77823,2019-08-02,2021-02-20,2021-02-20,20.4,67,42,2.059,False,0,Clear,14.85,1211.76,1097.61,461.0,42.0,9.42,True,2,2,Filed,False,450,False,37.4,False,20,Possession Taken,3,1,Applied,Not Required,True,0,False,Not Applicable,OD-LAO-2025-0784,0.3779,568,Rehabilitation (R&R)
29-022-023-971819,Urban Metro - Belagavi Stretch 6,Urban Metro,Metro Rail Corp,Karnataka,Belagavi,Belagavi West,Yellapur,15.84741,74.32737,2021-11-14,2023-02-15,2023-02-17,36.1,50,55,1.524,True,3,Partial,30.8,4447.52,4177.42,1863.13,44.6,6.07,True,1,2,Filed,False,252,True,54.0,False,26,SIA Completed,236,2,Pending,Not Required,True,2,False,Not Applicable,KA-LAO-2025-0488,0.5197,458,Administrative Approval
33-023-011-896950,Irrigation Canal - Coimbatore Stretch 4,Irrigation Canal,State Irrigation Dept,Tamil Nadu,Coimbatore,Coimbatore South,Amrapur,11.07227,76.99537,2020-08-01,2022-06-16,2022-06-26,24.9,55,42,1.687,True,1,Clear,17.36,1729.06,1422.34,137.97,9.7,17.74,True,1,1,Filed,False,190,True,23.2,False,10,R&R Implementation,86,0,Not Required,Applied,True,10,False,Not Applicable,TN-LAO-2024-0163,0.4548,684,Rehabilitation (R&R)
09-031-006-779473,Railway Line - Varanasi Stretch 3,Railway Line,Indian Railways,Uttar Pradesh,Varanasi,Varanasi North,Devgaon,25.24657,82.82808,2020-08-15,2022-06-08,2023-05-03,186.0,439,274,1.473,True,2,Clear,15.59,11598.96,7519.49,706.83,9.4,35.17,True,3,7,Under Hearing,False,21,True,58.8,False,200,Award Declared,137,1,Obtained,Obtained,True,329,True,Legal Dispute,UP-LAO-2025-0822,0.6249,662,Legal Dispute
36-003-006-236093,State Highway - Hyderabad Stretch 8,State Highway,State PWD,Telangana,Hyderabad,Hyderabad North,Devgaon,17.23437,78.57367,2023-08-10,2024-11-17,2024-11-17,110.1,207,138,1.253,True,1,Clear,40.24,8860.85,6893.67,5287.44,76.7,22.2,True,1,2,Filed,False,219,False,16.7,False,30,R&R Implementation,106,2,Obtained,Not Required,True,0,False,Not Applicable,TG-LAO-2025-0884,0.3526,465,Rehabilitation (R&R)
27-037-013-834361,Urban Metro - Nashik Stretch 2,Urban Metro,Metro Rail Corp,Maharashtra,Nashik,Nashik East,Kesarpur,19.97272,73.80975,2022-06-26,2024-08-23,2024-08-23,26.8,26,24,0.896,False,0,Clear,25.58,2742.18,1802.21,1173.24,65.1,34.28,True,4,0,None,False,0,True,35.8,False,8,SIA Completed,73,5,Not Required,Not Required,True,0,False,Not Applicable,MH-LAO-2025-0385,0.3399,789,Administrative Approval
36-027-023-594721,Urban Metro - Nizamabad Stretch 2,Urban Metro,Metro Rail Corp,Telangana,Nizamabad,Nizamabad West,Yellapur,18.65374,78.06935,2022-01-30,2023-11-09,2023-11-23,16.6,50,27,1.627,True,1,Partial,16.48,1094.27,590.48,491.28,83.2,46.04,False,0,4,Resolved,False,94,True,63.4,False,24,Possession Taken,3,1,Pending,Not Required,True,14,False,Not Applicable,TG-LAO-2021-0135,0.5123,648,Compensation Disbursal
33-014-002-655295,State Highway - Chennai Stretch 8,State Highway,State PWD,Tamil Nadu,Chennai,Chennai North,Kothapalli,13.17407,80.17972,2023-05-22,2025-02-24,2025-03-03,30.8,65,46,1.494,False,0,Clear,65.92,4060.67,2466.62,545.12,22.1,39.26,True,2,1,Under Hearing,False,232,True,51.2,False,31,Section 11 Notification Issued,185,2,Not Required,Obtained,True,7,False,Not Applicable,TN-LAO-2021-0562,0.4662,644,Compensation Disbursal
09-015-022-486717,Airport Expansion - Kanpur Nagar Stretch 5,Airport Expansion,Airports Authority of India,Uttar Pradesh,Kanpur Nagar,Kanpur Nagar West,Veerapuram,26.44104,80.24619,2022-04-05,2024-12-07,2026-01-25,160.9,288,206,1.28,True,2,Disputed,13.25,8527.7,6263.1,3457.23,55.2,26.56,True,2,4,Filed,False,121,True,47.2,False,119,Award Declared,135,5,Applied,Obtained,True,414,True,Legal Dispute,UP-LAO-2023-0451,0.6612,977,Legal Dispute
23-033-009-619375,Airport Expansion - Gwalior Stretch 2,Airport Expansion,Airports Authority of India,Madhya Pradesh,Gwalior,Gwalior South,Basavanahalli,26.27551,78.19036,2021-05-05,2023-12-01,2024-03-21,101.2,194,126,1.245,True,1,Clear,24.57,9945.94,7311.09,1681.55,23.0,26.49,True,4,3,Filed,False,237,False,23.3,False,38,Award Declared,142,5,Applied,Obtained,True,111,True,Administrative Approval,MP-LAO-2024-0467,0.5203,940,Administrative Approval
22-009-002-243259,Railway Line - Durg Stretch 7,Railway Line,Indian Railways,Chhattisgarh,Durg,Durg North,Kothapalli,21.1878,81.32433,2022-10-24,2024-08-21,2025-05-24,46.7,85,61,1.306,True,2,Partial,25.98,4853.06,3660.79,560.1,15.3,24.57,True,3,2,Under Hearing,False,50,True,73.8,True,44,SIA Completed,254,3,Obtained,Not Required,True,276,True,Legal Dispute,CG-LAO-2024-0988,0.6294,667,Legal Dispute
23-016-011-215124,State Highway - Indore Stretch 2,State Highway,State PWD,Madhya Pradesh,Indore,Indore South,Amrapur,22.61545,75.94811,2020-10-06,2023-06-25,2024-01-12,106.5,218,136,1.277,True,1,Partial,82.98,17674.74,11550.8,4123.64,35.7,34.65,False,0,3,Resolved,False,18,True,90.8,True,162,Section 11 Notification Issued,37,4,Pending,Obtained,True,201,True,Administrative Approval,MP-LAO-2021-0254,0.5221,992,Administrative Approval
21-012-007-521759,Power Transmission - Cuttack Stretch 7,Power Transmission,POWERGRID,Odisha,Cuttack,Cuttack South,Chandrapalli,20.44227,85.9083,2021-03-03,2022-08-18,2023-06-14,45.8,140,75,1.638,True,3,Disputed,25.2,4616.64,3238.58,1748.83,54.0,29.85,True,2,3,Stayed by Court,True,68,True,61.1,True,84,Possession Taken,61,2,Obtained,Applied,True,300,True,Ownership / Title,OD-LAO-2021-0890,0.6419,533,Ownership / Title
23-016-022-614297,Urban Metro - Indore Stretch 2,Urban Metro,Metro Rail Corp,Madhya Pradesh,Indore,Indore West,Veerapuram,22.64499,75.7654,2023-09-09,2026-03-27,2026-03-27,27.1,43,34,1.255,True,1,Clear,59.06,3201.05,2894.44,1062.26,36.7,9.58,True,1,1,Stayed by Court,True,8,True,7.3,True,2,Award Declared,134,0,Applied,Applied,True,0,False,Not Applicable,MP-LAO-2021-0254,0.4012,930,Rehabilitation (R&R)
29-022-018-909592,Irrigation Canal - Belagavi Stretch 8,Irrigation Canal,State Irrigation Dept,Karnataka,Belagavi,Belagavi East,Raghunathpur,15.90362,74.46602,2023-06-30,2025-10-20,2025-10-20,34.5,69,57,1.652,True,1,Clear,23.42,3231.96,2738.19,2217.93,81.0,15.28,False,0,1,Resolved,False,255,True,31.7,False,15,Possession Taken,177,1,Obtained,Pending,True,0,False,Not Applicable,KA-LAO-2025-0488,0.3387,843,Rehabilitation (R&R)
21-026-019-095000,Airport Expansion - Sambalpur Stretch 6,Airport Expansion,Airports Authority of India,Odisha,Sambalpur,Sambalpur West,Shivnagar,21.34446,83.84356,2022-04-29,2023-08-20,2023-08-20,21.4,31,31,1.449,True,3,Clear,31.69,2712.66,1289.97,980.38,76.0,52.45,True,5,3,Filed,False,177,False,24.1,False,6,R&R Implementation,99,3,Obtained,Obtained,True,0,False,Not Applicable,OD-LAO-2024-0281,0.49,478,Legal Dispute
27-037-017-520679,Railway Line - Nashik Stretch 8,Railway Line,Indian Railways,Maharashtra,Nashik,Nashik East,Peddapalli,20.06297,73.84119,2019-04-27,2021-01-03,2021-01-03,19.7,58,35,1.777,True,1,Clear,23.84,1878.59,1258.14,800.18,63.6,33.03,True,1,1,Resolved,False,663,True,69.7,True,29,Section 11 Notification Issued,44,5,Applied,Applied,True,0,False,Not Applicable,MH-LAO-2025-0385,0.309,617,Administrative Approval
27-025-009-655747,National Highway - Nagpur Stretch 5,National Highway,NHAI,Maharashtra,Nagpur,Nagpur South,Basavanahalli,21.10486,79.10536,2023-04-06,2025-03-09,2025-04-13,18.8,21,17,0.904,True,2,Partial,85.1,3199.76,2607.24,696.13,26.7,18.52,False,0,2,Filed,False,40,True,49.9,True,8,Possession Taken,62,1,Pending,Obtained,True,35,True,Compensation Disbursal,MH-LAO-2025-0718,0.4743,703,Compensation Disbursal
36-027-009-400358,Industrial Corridor - Nizamabad Stretch 2,Industrial Corridor,State Industrial Corp,Telangana,Nizamabad,Nizamabad South,Basavanahalli,18.7333,77.98144,2023-01-30,2024-04-29,2024-04-29,60.3,135,82,1.36,True,1,Partial,30.95,7465.14,6287.27,2822.98,44.9,15.78,True,4,2,Under Hearing,False,627,False,9.7,False,9,Possession Taken,39,3,Not Required,Obtained,True,0,False,Not Applicable,TG-LAO-2021-0135,0.5118,455,Rehabilitation (R&R)
27-001-017-532116,Power Transmission - Mumbai Suburban Stretch 7,Power Transmission,POWERGRID,Maharashtra,Mumbai Suburban,Mumbai Suburban East,Peddapalli,19.29016,72.86062,2019-09-02,2022-05-19,2022-05-19,32.3,65,48,1.486,True,2,Clear,92.82,5996.17,3859.24,2639.72,68.4,35.64,True,2,2,Filed,False,280,False,9.8,False,5,R&R Implementation,41,2,Not Required,Obtained,True,0,False,Not Applicable,MH-LAO-2022-0603,0.4665,990,Rehabilitation (R&R)
22-014-009-112459,National Highway - Bilaspur Stretch 2,National Highway,NHAI,Chhattisgarh,Bilaspur,Bilaspur South,Basavanahalli,21.98779,82.03767,2021-05-29,2023-04-16,2024-06-09,21.7,36,24,1.106,True,3,Disputed,30.38,2636.98,2024.63,807.83,39.9,23.22,True,1,6,Resolved,False,304,False,26.7,False,6,Compensation Disbursement,343,3,Applied,Not Required,True,420,True,Ownership / Title,CG-LAO-2022-0241,0.6976,687,Ownership / Title
09-015-010-940913,State Highway - Kanpur Nagar Stretch 4,State Highway,State PWD,Uttar Pradesh,Kanpur Nagar,Kanpur Nagar South,Mallapuram,26.50731,80.54534,2022-06-11,2024-08-08,2024-08-08,43.5,87,69,1.586,False,0,Clear,25.81,4490.94,2067.03,448.55,21.7,53.97,True,4,0,None,False,0,True,71.7,False,49,Possession Taken,57,2,Not Required,Obtained,True,0,False,Not Applicable,UP-LAO-2023-0451,0.2896,789,Compensation Disbursal
27-001-018-953474,Railway Line - Mumbai Suburban Stretch 5,Railway Line,Indian Railways,Maharashtra,Mumbai Suburban,Mumbai Suburban East,Raghunathpur,19.10773,72.92229,2023-01-20,2024-12-22,2025-09-10,51.6,138,74,1.434,True,1,Partial,56.49,5829.77,4321.44,609.32,14.1,25.87,True,2,3,Filed,False,115,True,4.6,False,6,R&R Implementation,21,2,Obtained,Pending,True,262,True,Rehabilitation (R&R),MH-LAO-2022-0603,0.5853,702,Rehabilitation (R&R)
23-033-012-331638,Airport Expansion - Gwalior Stretch 4,Airport Expansion,Airports Authority of India,Madhya Pradesh,Gwalior,Gwalior South,Jaitpur,26.36338,78.03686,2021-12-16,2023-12-05,2023-12-05,47.2,133,93,1.97,True,4,Partial,18.14,3424.83,2322.58,1537.55,66.2,32.18,False,0,1,Filed,False,614,False,11.7,False,13,SIA Completed,81,4,Obtained,Not Required,True,0,False,Not Applicable,MP-LAO-2024-0467,0.4591,719,Rehabilitation (R&R)
36-011-012-117613,Power Transmission - Warangal Stretch 4,Power Transmission,POWERGRID,Telangana,Warangal,Warangal South,Jaitpur,17.77546,79.60155,2023-02-27,2024-09-08,2024-09-10,105.8,256,149,1.408,True,2,Partial,24.11,10203.35,5986.78,3849.5,64.3,41.33,True,1,1,Stayed by Court,True,568,True,87.3,False,174,SIA Completed,28,0,Not Required,Not Required,True,2,False,Not Applicable,TG-LAO-2021-0919,0.4752,559,Legal Dispute
09-044-016-349452,National Highway - Prayagraj Stretch 7,National Highway,NHAI,Uttar Pradesh,Prayagraj,Prayagraj East,Nandgaon,25.46868,81.84771,2021-11-20,2023-04-15,2023-04-15,33.8,61,47,1.391,True,1,Clear,10.62,1435.82,993.96,731.55,73.6,30.77,True,4,1,Stayed by Court,True,25,True,63.4,True,36,Award Declared,67,2,Pending,Obtained,True,0,False,Not Applicable,UP-LAO-2023-0576,0.4151,511,Administrative Approval
09-002-018-433132,National Highway - Lucknow Stretch 4,National Highway,NHAI,Uttar Pradesh,Lucknow,Lucknow East,Raghunathpur,26.80565,80.88647,2023-11-30,2025-10-30,2025-10-30,35.6,68,57,1.601,True,1,Clear,76.7,5461.04,4053.4,2172.62,53.6,25.78,True,2,1,Under Hearing,False,401,True,39.1,False,22,R&R Implementation,15,0,Obtained,Not Required,True,0,False,Not Applicable,UP-LAO-2021-0734,0.2915,700,Legal Dispute
22-002-019-640682,Industrial Corridor - Raipur Stretch 8,Industrial Corridor,State Industrial Corp,Chhattisgarh,Raipur,Raipur West,Shivnagar,21.223,81.53521,2022-04-06,2024-06-14,2024-06-14,69.3,111,100,1.443,True,2,Clear,76.27,10571.02,6197.51,4809.27,77.6,41.37,True,5,1,Under Hearing,False,7,True,15.7,True,13,Possession Taken,23,0,Obtained,Not Required,True,0,False,Not Applicable,CG-LAO-2022-0755,0.342,800,Rehabilitation (R&R)
29-009-008-883290,Industrial Corridor - Tumakuru Stretch 4,Industrial Corridor,State Industrial Corp,Karnataka,Tumakuru,Tumakuru South,Narsapur,13.37564,77.0189,2023-11-06,2026-04-18,2026-04-18,15.7,20,21,1.338,True,3,Partial,21.21,1331.99,1053.67,866.12,82.2,20.89,True,4,2,Filed,False,329,True,35.6,False,6,Compensation Disbursement,50,2,Pending,Obtained,True,0,False,Not Applicable,KA-LAO-2023-0611,0.3378,894,Administrative Approval
23-004-001-197598,Irrigation Canal - Bhopal Stretch 5,Irrigation Canal,State Irrigation Dept,Madhya Pradesh,Bhopal,Bhopal North,Rampur,23.30041,77.43994,2022-05-12,2023-10-10,2023-10-10,167.7,467,263,1.568,True,1,Partial,85.41,28646.51,21375.26,16501.7,77.2,25.38,True,3,2,Resolved,False,95,True,59.2,True,226,Section 11 Notification Issued,254,3,Not Required,Not Required,True,0,False,Not Applicable,MP-LAO-2023-0365,0.3535,516,Administrative Approval
22-018-020-948330,Industrial Corridor - Korba Stretch 2,Industrial Corridor,State Industrial Corp,Chhattisgarh,Korba,Korba West,Tarapur,22.38589,82.58268,2019-10-19,2021-06-26,2021-06-26,53.2,70,71,1.335,True,4,Partial,14.51,3087.73,2453.5,1432.84,58.4,20.54,True,2,1,Filed,False,881,False,21.2,False,12,Compensation Disbursement,61,0,Not Required,Not Required,True,0,False,Not Applicable,CG-LAO-2024-0820,0.3652,616,Ownership / Title
33-031-005-241965,Irrigation Canal - Madurai Stretch 1,Irrigation Canal,State Irrigation Dept,Tamil Nadu,Madurai,Madurai North,Sultanpur,9.91106,78.23636,2022-11-16,2024-06-23,2024-07-22,42.7,55,57,1.335,True,2,Clear,19.13,3267.4,2395.42,958.17,40.0,26.69,True,2,1,Filed,False,117,False,21.7,False,11,Section 11 Notification Issued,19,2,Pending,Applied,True,29,False,Not Applicable,TN-LAO-2021-0436,0.4811,585,Rehabilitation (R&R)
27-013-008-093589,Railway Line - Pune Stretch 5,Railway Line,Indian Railways,Maharashtra,Pune,Pune South,Narsapur,18.47279,73.77324,2020-09-28,2023-05-26,2024-02-27,36.8,105,63,1.712,False,0,Clear,71.08,5231.49,2638.52,936.67,35.5,49.56,True,3,4,Resolved,False,433,True,11.2,False,10,Award Declared,50,2,Obtained,Not Required,True,277,True,Compensation Disbursal,MH-LAO-2023-0454,0.5842,970,Compensation Disbursal
33-045-018-529091,National Highway - Tiruchirappalli Stretch 4,National Highway,NHAI,Tamil Nadu,Tiruchirappalli,Tiruchirappalli East,Raghunathpur,10.74901,78.74196,2021-08-21,2024-04-02,2024-06-06,29.9,46,50,1.672,True,2,Partial,14.98,1791.61,936.97,719.59,76.8,47.7,True,6,5,Under Hearing,False,6,True,64.4,False,24,R&R Implementation,32,3,Pending,Not Required,True,65,True,Legal Dispute,TN-LAO-2022-0490,0.5139,955,Legal Dispute
09-002-006-374336,Power Transmission - Lucknow Stretch 3,Power Transmission,POWERGRID,Uttar Pradesh,Lucknow,Lucknow North,Devgaon,26.83789,80.97493,2023-03-17,2025-10-03,2026-03-19,13.8,30,24,1.739,True,7,Partial,64.28,1774.13,1335.22,173.58,13.0,24.74,False,0,1,Filed,False,181,False,12.1,False,3,Award Declared,185,2,Obtained,Not Required,True,167,True,Compensation Disbursal,UP-LAO-2021-0734,0.568,931,Compensation Disbursal
27-013-020-089628,Airport Expansion - Pune Stretch 7,Airport Expansion,Airports Authority of India,Maharashtra,Pune,Pune West,Tarapur,18.54903,73.96546,2021-01-19,2022-12-08,2024-02-02,18.6,29,20,1.075,True,5,Disputed,87.95,3271.74,2728.45,1009.53,37.0,16.61,True,2,7,Stayed by Court,True,86,True,53.1,False,11,Compensation Disbursement,221,3,Applied,Not Required,True,421,True,Legal Dispute,MH-LAO-2023-0454,0.6915,688,Legal Dispute
27-001-014-085914,Power Transmission - Mumbai Suburban Stretch 3,Power Transmission,POWERGRID,Maharashtra,Mumbai Suburban,Mumbai Suburban East,Lakshmipura,18.99018,72.9667,2019-11-06,2021-03-06,2022-03-06,6.5,15,11,1.692,True,6,Disputed,86.59,1125.67,742.91,207.27,27.9,34.0,True,4,11,Filed,False,216,True,50.9,False,7,SIA Completed,31,3,Pending,Pending,True,365,True,Ownership / Title,MH-LAO-2022-0603,0.7395,486,Ownership / Title
09-031-007-719117,Irrigation Canal - Varanasi Stretch 8,Irrigation Canal,State Irrigation Dept,Uttar Pradesh,Varanasi,Varanasi South,Chandrapalli,25.42641,82.92805,2022-04-27,2024-03-29,2024-03-29,38.3,62,49,1.279,False,0,Clear,7.2,1103.04,899.46,85.45,9.5,18.46,True,2,0,None,False,0,True,14.8,False,6,Compensation Disbursement,38,3,Pending,Pending,True,0,False,Not Applicable,UP-LAO-2025-0822,0.3773,702,Administrative Approval
22-002-003-644798,Industrial Corridor - Raipur Stretch 7,Industrial Corridor,State Industrial Corp,Chhattisgarh,Raipur,Raipur North,Ganeshpura,21.12327,81.48842,2023-08-15,2025-04-01,2025-09-25,27.7,69,38,1.372,True,1,Clear,84.87,4701.8,2420.68,1587.97,65.6,48.52,True,2,1,Filed,False,286,True,25.0,True,12,R&R Implementation,115,2,Pending,Applied,True,177,True,Administrative Approval,CG-LAO-2022-0755,0.566,595,Administrative Approval
23-028-021-863404,Industrial Corridor - Jabalpur Stretch 1,Industrial Corridor,State Industrial Corp,Madhya Pradesh,Jabalpur,Jabalpur West,Uttanahalli,23.21518,79.98101,2021-09-24,2023-01-07,2023-07-06,19.3,36,27,1.399,True,4,Partial,12.01,927.17,715.91,240.55,33.6,22.79,True,1,4,Filed,False,438,True,11.9,True,3,R&R Implementation,9,3,Pending,Not Required,True,180,True,Ownership / Title,MP-LAO-2022-0917,0.598,470,Ownership / Title
09-044-019-875747,Power Transmission - Prayagraj Stretch 3,Power Transmission,POWERGRID,Uttar Pradesh,Prayagraj,Prayagraj West,Shivnagar,25.32305,81.82981,2021-11-23,2023-08-12,2023-08-12,7.5,11,11,1.467,False,0,Clear,31.6,948.0,443.77,429.13,96.7,53.19,True,7,2,Stayed by Court,True,328,False,11.5,True,1,Award Declared,39,3,Not Required,Obtained,True,0,False,Not Applicable,UP-LAO-2023-0576,0.4259,627,Rehabilitation (R&R)
09-031-008-581607,State Highway - Varanasi Stretch 5,State Highway,State PWD,Uttar Pradesh,Varanasi,Varanasi South,Narsapur,25.36339,83.01158,2023-07-05,2025-10-04,2026-08-03,39.0,64,56,1.436,True,8,Disputed,20.96,3269.76,2992.27,1448.26,48.4,8.49,False,0,9,Under Hearing,False,160,True,36.1,True,17,Award Declared,28,4,Pending,Pending,True,303,True,Ownership / Title,UP-LAO-2025-0822,0.6936,822,Ownership / Title
27-037-023-113282,Airport Expansion - Nashik Stretch 7,Airport Expansion,Airports Authority of India,Maharashtra,Nashik,Nashik West,Yellapur,19.97519,73.87935,2020-06-23,2022-10-01,2022-10-01,35.8,60,49,1.369,True,1,Clear,7.08,1013.86,728.36,350.34,48.1,28.16,True,5,2,Under Hearing,False,13,True,58.7,True,32,Section 11 Notification Issued,90,2,Obtained,Not Required,True,0,False,Not Applicable,MH-LAO-2025-0385,0.4365,830,Legal Dispute
27-001-019-123169,State Highway - Mumbai Suburban Stretch 5,State Highway,State PWD,Maharashtra,Mumbai Suburban,Mumbai Suburban West,Shivnagar,19.28003,72.92296,2020-05-03,2022-08-22,2023-02-03,35.3,47,48,1.36,True,1,Clear,74.24,5241.34,4103.68,726.35,17.7,21.71,True,1,2,Stayed by Court,True,619,False,12.4,False,5,Possession Taken,247,0,Not Required,Not Required,True,165,True,Legal Dispute,MH-LAO-2022-0603,0.5501,841,Legal Dispute
29-022-013-741762,Urban Metro - Belagavi Stretch 4,Urban Metro,Metro Rail Corp,Karnataka,Belagavi,Belagavi East,Kesarpur,15.89014,74.34787,2022-07-22,2024-02-19,2024-02-19,13.3,28,17,1.278,True,2,Clear,9.65,513.38,416.74,355.9,85.4,18.82,False,0,0,None,False,0,False,29.1,False,6,Compensation Disbursement,187,6,Applied,Not Required,True,0,False,Not Applicable,KA-LAO-2025-0488,0.3014,577,Administrative Approval
29-022-007-575490,State Highway - Belagavi Stretch 3,State Highway,State PWD,Karnataka,Belagavi,Belagavi South,Chandrapalli,15.78821,74.50024,2021-04-24,2022-10-22,2023-01-28,63.2,156,86,1.361,False,0,Clear,14.89,3764.19,2258.14,1205.85,53.4,40.01,True,4,1,Stayed by Court,True,148,False,2.2,True,3,Possession Taken,29,1,Pending,Not Required,True,98,True,Rehabilitation (R&R),KA-LAO-2025-0488,0.449,546,Rehabilitation (R&R)
22-018-024-885603,Industrial Corridor - Korba Stretch 4,Industrial Corridor,State Industrial Corp,Chhattisgarh,Korba,Korba West,Zamania,22.48674,82.8184,2019-08-08,2022-05-02,2022-05-02,69.7,136,96,1.377,True,1,Partial,18.18,5068.58,4513.36,1209.58,26.8,10.95,False,0,0,None,False,0,True,46.8,True,50,Possession Taken,6,3,Not Required,Not Required,True,0,False,Not Applicable,CG-LAO-2024-0820,0.3117,998,Rehabilitation (R&R)
09-015-010-415617,Airport Expansion - Kanpur Nagar Stretch 5,Airport Expansion,Airports Authority of India,Uttar Pradesh,Kanpur Nagar,Kanpur Nagar South,Mallapuram,26.52097,80.52691,2020-11-02,2023-02-18,2023-02-18,38.7,88,60,1.55,False,0,Clear,31.36,4854.53,4464.5,3866.26,86.6,8.03,True,2,2,Under Hearing,False,8,True,72.7,False,47,Possession Taken,22,1,Applied,Pending,True,0,False,Not Applicable,UP-LAO-2023-0451,0.3625,838,Legal Dispute
33-023-024-149241,Industrial Corridor - Coimbatore Stretch 3,Industrial Corridor,State Industrial Corp,Tamil Nadu,Coimbatore,Coimbatore West,Zamania,11.21594,76.8682,2020-06-28,2021-12-11,2022-05-10,21.2,23,20,0.943,False,0,Clear,17.09,1449.23,742.15,33.4,4.5,48.79,True,5,2,Filed,False,24,True,75.6,True,12,Award Declared,319,3,Obtained,Obtained,True,150,True,Compensation Disbursal,TN-LAO-2024-0163,0.6056,531,Compensation Disbursal
09-031-010-951761,Industrial Corridor - Varanasi Stretch 4,Industrial Corridor,State Industrial Corp,Uttar Pradesh,Varanasi,Varanasi South,Mallapuram,25.41058,82.91197,2019-09-30,2020-12-22,2021-02-03,20.4,75,42,2.059,True,2,Partial,20.98,1711.97,992.35,526.94,53.1,42.03,True,5,3,Under Hearing,False,195,True,74.6,True,53,Award Declared,5,2,Applied,Obtained,True,43,True,Compensation Disbursal,UP-LAO-2025-0822,0.4909,449,Compensation Disbursal
22-014-016-234546,Power Transmission - Bilaspur Stretch 7,Power Transmission,POWERGRID,Chhattisgarh,Bilaspur,Bilaspur East,Nandgaon,22.10327,82.21263,2023-04-18,2025-06-03,2026-02-11,23.0,69,43,1.87,True,3,Partial,13.07,1202.44,1007.16,234.67,23.3,16.24,True,2,5,Under Hearing,False,20,False,12.4,False,6,Award Declared,171,3,Applied,Not Required,True,253,True,Legal Dispute,CG-LAO-2022-0241,0.6026,777,Legal Dispute
33-023-008-109672,State Highway - Coimbatore Stretch 7,State Highway,State PWD,Tamil Nadu,Coimbatore,Coimbatore South,Narsapur,10.94321,77.01344,2019-05-12,2021-03-30,2021-03-30,38.6,97,53,1.373,True,1,Clear,25.07,3870.81,3416.42,2603.31,76.2,11.74,True,1,1,Filed,False,175,False,22.1,True,19,Section 11 Notification Issued,255,1,Not Required,Not Required,True,0,False,Not Applicable,TN-LAO-2024-0163,0.3466,688,Rehabilitation (R&R)
09-044-018-871523,Irrigation Canal - Prayagraj Stretch 4,Irrigation Canal,State Irrigation Dept,Uttar Pradesh,Prayagraj,Prayagraj East,Raghunathpur,25.67479,81.90853,2020-09-02,2022-07-09,2022-07-09,22.8,71,41,1.798,False,0,Partial,31.21,2846.35,1921.02,1571.39,81.8,32.51,False,0,2,Filed,False,30,False,9.1,True,4,Award Declared,80,2,Applied,Obtained,True,0,False,Not Applicable,UP-LAO-2023-0576,0.3976,675,Rehabilitation (R&R)
21-026-001-357052,State Highway - Sambalpur Stretch 7,State Highway,State PWD,Odisha,Sambalpur,Sambalpur North,Rampur,21.64426,83.97417,2020-10-23,2022-09-05,2022-09-05,68.9,191,104,1.509,True,2,Clear,11.01,3034.36,2874.91,2026.81,70.5,5.25,True,1,0,None,False,0,True,40.6,False,59,R&R Implementation,235,1,Obtained,Obtained,True,0,False,Not Applicable,OD-LAO-2024-0281,0.1837,682,Rehabilitation (R&R)
22-009-021-420306,Urban Metro - Durg Stretch 2,Urban Metro,Metro Rail Corp,Chhattisgarh,Durg,Durg West,Uttanahalli,21.23448,81.22628,2023-06-18,2024-10-20,2025-05-06,15.6,39,23,1.474,True,10,Disputed,14.28,891.07,579.18,265.26,45.8,35.0,True,1,4,Filed,False,108,True,28.9,False,9,Possession Taken,49,0,Not Required,Not Required,True,198,True,Ownership / Title,CG-LAO-2024-0988,0.597,490,Ownership / Title
33-023-012-727675,Airport Expansion - Coimbatore Stretch 7,Airport Expansion,Airports Authority of India,Tamil Nadu,Coimbatore,Coimbatore South,Jaitpur,11.01388,77.05195,2019-12-04,2021-02-12,2021-12-13,22.7,54,37,1.63,True,7,Partial,26.78,2431.62,1415.44,642.61,45.4,41.79,True,2,5,Under Hearing,False,44,True,22.2,True,9,Compensation Disbursement,469,1,Applied,Applied,True,304,True,Legal Dispute,TN-LAO-2024-0163,0.6542,436,Legal Dispute
21-026-008-652571,Industrial Corridor - Sambalpur Stretch 3,Industrial Corridor,State Industrial Corp,Odisha,Sambalpur,Sambalpur South,Narsapur,21.44017,83.98212,2021-10-06,2024-04-02,2024-11-02,196.7,355,257,1.307,True,4,Partial,10.02,7883.74,6082.23,2122.7,34.9,22.85,True,3,5,Filed,False,21,True,12.3,False,38,Compensation Disbursement,15,3,Not Required,Not Required,True,214,True,Rehabilitation (R&R),OD-LAO-2024-0281,0.6295,909,Rehabilitation (R&R)
27-025-016-374850,Industrial Corridor - Nagpur Stretch 2,Industrial Corridor,State Industrial Corp,Maharashtra,Nagpur,Nagpur East,Nandgaon,21.21309,79.08512,2021-12-30,2023-06-04,2023-06-04,40.6,69,60,1.478,True,1,Clear,68.66,5575.19,5114.96,2051.1,40.1,8.25,False,0,0,None,False,0,False,7.1,True,3,Section 11 Notification Issued,192,4,Not Required,Not Required,True,0,False,Not Applicable,MH-LAO-2025-0718,0.3642,521,Rehabilitation (R&R)
21-019-021-832932,Railway Line - Ganjam Stretch 7,Railway Line,Indian Railways,Odisha,Ganjam,Ganjam West,Uttanahalli,19.37219,84.85381,2019-06-14,2021-05-19,2021-05-19,80.6,218,133,1.65,True,2,Partial,20.56,6628.54,3561.62,502.19,14.1,46.27,False,0,1,Filed,False,43,True,77.3,True,129,R&R Implementation,17,1,Not Required,Not Required,True,0,False,Not Applicable,OD-LAO-2025-0784,0.5018,705,Compensation Disbursal
27-013-023-565388,Railway Line - Pune Stretch 6,Railway Line,Indian Railways,Maharashtra,Pune,Pune West,Yellapur,18.47259,73.87114,2023-09-10,2025-11-25,2027-03-19,13.3,30,22,1.654,True,6,Disputed,60.02,1596.53,805.15,347.82,43.2,49.57,True,4,5,Stayed by Court,True,420,True,54.5,True,12,Section 11 Notification Issued,525,3,Not Required,Not Required,True,479,True,Ownership / Title,MH-LAO-2023-0454,0.8772,807,Ownership / Title
36-011-003-331349,Industrial Corridor - Warangal Stretch 3,Industrial Corridor,State Industrial Corp,Telangana,Warangal,Warangal North,Ganeshpura,18.02815,79.52959,2023-02-20,2024-11-07,2024-11-07,8.2,35,21,2.561,False,0,Clear,15.27,500.86,397.48,47.7,12.0,20.64,True,1,1,Filed,False,382,True,42.4,True,13,Section 11 Notification Issued,235,2,Obtained,Not Required,True,0,False,Not Applicable,TG-LAO-2021-0919,0.4078,626,Compensation Disbursal
23-028-003-529604,Irrigation Canal - Jabalpur Stretch 3,Irrigation Canal,State Irrigation Dept,Madhya Pradesh,Jabalpur,Jabalpur North,Ganeshpura,23.10557,80.06954,2020-04-05,2022-07-13,2022-12-06,31.2,51,45,1.442,True,2,Partial,6.58,821.18,393.7,148.82,37.8,52.06,True,2,3,Filed,False,150,True,62.4,True,22,R&R Implementation,78,4,Obtained,Not Required,True,146,True,Compensation Disbursal,MP-LAO-2022-0917,0.5537,829,Compensation Disbursal
36-027-014-339807,Urban Metro - Nizamabad Stretch 5,Urban Metro,Metro Rail Corp,Telangana,Nizamabad,Nizamabad East,Lakshmipura,18.7879,78.20672,2022-07-02,2024-12-15,2024-12-15,69.1,126,87,1.259,False,0,Clear,8.73,2412.97,2091.54,1731.8,82.8,13.32,True,3,0,None,False,0,True,31.6,True,31,Award Declared,126,2,Obtained,Not Required,True,0,False,Not Applicable,TG-LAO-2021-0135,0.1787,897,Rehabilitation (R&R)
23-028-004-804705,State Highway - Jabalpur Stretch 8,State Highway,State PWD,Madhya Pradesh,Jabalpur,Jabalpur North,Bhimnagar,23.35893,79.99379,2021-04-20,2023-06-28,2023-06-28,45.5,58,57,1.253,True,1,Partial,29.98,5456.36,3679.72,2734.03,74.3,32.56,True,1,2,Resolved,False,348,False,29.9,True,14,Possession Taken,379,0,Applied,Obtained,True,0,False,Not Applicable,MP-LAO-2022-0917,0.4154,799,Compensation Disbursal
33-045-018-540013,Power Transmission - Tiruchirappalli Stretch 8,Power Transmission,POWERGRID,Tamil Nadu,Tiruchirappalli,Tiruchirappalli East,Raghunathpur,10.75305,78.73878,2020-03-11,2022-10-02,2022-10-02,38.3,46,45,1.175,True,4,Partial,8.32,1274.62,962.77,859.75,89.3,24.47,True,3,2,Filed,False,137,False,27.2,False,12,Award Declared,125,3,Applied,Not Required,True,0,False,Not Applicable,TN-LAO-2022-0490,0.4213,935,Ownership / Title
22-014-011-342646,State Highway - Bilaspur Stretch 7,State Highway,State PWD,Chhattisgarh,Bilaspur,Bilaspur South,Amrapur,21.9074,82.10293,2020-04-11,2022-03-03,2022-03-03,34.2,90,59,1.725,True,2,Clear,10.6,1450.08,1005.8,569.28,56.6,30.64,False,0,0,None,False,0,True,18.3,False,12,Award Declared,123,6,Not Required,Pending,True,0,False,Not Applicable,CG-LAO-2022-0241,0.3447,691,Administrative Approval
29-007-020-650428,State Highway - Bengaluru Urban Stretch 8,State Highway,State PWD,Karnataka,Bengaluru Urban,Bengaluru Urban West,Tarapur,13.02624,77.60607,2021-09-22,2024-06-12,2024-11-10,18.6,40,30,1.613,True,4,Partial,43.96,1635.31,572.36,230.09,40.2,65.0,True,2,1,Under Hearing,False,228,True,57.9,False,19,Possession Taken,96,2,Applied,Not Required,True,151,True,Compensation Disbursal,KA-LAO-2024-0628,0.5988,994,Compensation Disbursal
21-012-018-603940,Railway Line - Cuttack Stretch 8,Railway Line,Indian Railways,Odisha,Cuttack,Cuttack East,Raghunathpur,20.51148,85.90226,2020-03-06,2022-08-26,2022-08-26,47.4,91,63,1.329,True,1,Partial,17.22,3264.91,2066.79,1729.9,83.7,36.7,True,4,1,Under Hearing,False,43,True,60.6,False,45,Possession Taken,31,0,Applied,Not Required,True,0,False,Not Applicable,OD-LAO-2021-0890,0.3105,903,Legal Dispute
36-019-008-919095,Industrial Corridor - Karimnagar Stretch 3,Industrial Corridor,State Industrial Corp,Telangana,Karimnagar,Karimnagar South,Narsapur,18.37889,79.10638,2020-02-16,2021-05-13,2021-09-04,56.8,100,83,1.461,False,0,Partial,12.41,2819.55,1871.56,449.17,24.0,33.62,True,4,3,Filed,False,101,False,23.3,False,22,Possession Taken,34,1,Not Required,Obtained,True,114,True,Legal Dispute,TG-LAO-2024-0235,0.5291,452,Legal Dispute
27-013-018-313330,National Highway - Pune Stretch 5,National Highway,NHAI,Maharashtra,Pune,Pune East,Raghunathpur,18.44998,73.85617,2023-07-19,2024-09-26,2024-09-26,9.1,16,11,1.209,False,0,Clear,60.73,1105.29,898.51,495.08,55.1,18.71,False,0,0,None,False,0,False,37.4,False,4,R&R Implementation,124,3,Obtained,Not Required,True,0,False,Not Applicable,MH-LAO-2023-0454,0.2302,435,Rehabilitation (R&R)
23-028-018-777122,Urban Metro - Jabalpur Stretch 2,Urban Metro,Metro Rail Corp,Madhya Pradesh,Jabalpur,Jabalpur East,Raghunathpur,23.17272,79.99687,2023-01-31,2024-06-18,2024-06-18,67.1,181,103,1.535,False,0,Clear,26.46,7101.86,5376.66,3742.16,69.6,24.29,True,2,0,None,False,0,True,50.7,True,85,Section 11 Notification Issued,13,6,Obtained,Not Required,True,0,False,Not Applicable,MP-LAO-2022-0917,0.302,504,Administrative Approval
22-002-008-923294,Irrigation Canal - Raipur Stretch 5,Irrigation Canal,State Irrigation Dept,Chhattisgarh,Raipur,Raipur South,Narsapur,21.12895,81.7413,2023-02-02,2025-08-23,2025-08-23,79.7,107,110,1.38,False,0,Clear,77.51,12355.09,9574.15,7534.86,78.7,22.51,True,2,3,Filed,False,342,True,30.5,True,32,Possession Taken,106,2,Applied,Applied,True,0,False,Not Applicable,CG-LAO-2022-0755,0.3685,933,Legal Dispute
33-045-021-629421,Urban Metro - Tiruchirappalli Stretch 3,Urban Metro,Metro Rail Corp,Tamil Nadu,Tiruchirappalli,Tiruchirappalli West,Uttanahalli,10.72436,78.79193,2020-10-29,2023-04-23,2023-04-23,43.6,128,68,1.56,False,0,Clear,12.97,2261.97,1280.94,189.58,14.8,43.37,True,2,2,Resolved,False,93,True,76.5,False,85,Section 11 Notification Issued,3,0,Applied,Not Required,True,0,False,Not Applicable,TN-LAO-2022-0490,0.4547,906,Compensation Disbursal
23-028-021-103247,Power Transmission - Jabalpur Stretch 1,Power Transmission,POWERGRID,Madhya Pradesh,Jabalpur,Jabalpur West,Uttanahalli,23.21501,80.00474,2022-09-19,2024-12-18,2024-12-18,53.8,157,99,1.84,False,0,Clear,24.85,5347.72,4601.69,2664.38,57.9,13.95,False,0,1,Stayed by Court,True,131,True,16.7,False,18,Section 11 Notification Issued,81,2,Not Required,Applied,True,0,False,Not Applicable,MP-LAO-2022-0917,0.411,821,Rehabilitation (R&R)
23-033-018-810137,National Highway - Gwalior Stretch 1,National Highway,NHAI,Madhya Pradesh,Gwalior,Gwalior East,Raghunathpur,26.1944,78.07491,2020-01-01,2021-06-24,2021-06-24,8.8,22,15,1.705,True,2,Clear,12.26,431.55,321.94,149.38,46.4,25.4,True,1,1,Under Hearing,False,138,True,47.4,True,10,Section 11 Notification Issued,140,2,Applied,Not Required,True,0,False,Not Applicable,MP-LAO-2024-0467,0.3742,540,Compensation Disbursal
29-018-017-640746,Industrial Corridor - Mysuru Stretch 6,Industrial Corridor,State Industrial Corp,Karnataka,Mysuru,Mysuru East,Peddapalli,12.44873,76.63511,2021-02-05,2023-02-20,2023-11-06,23.9,43,26,1.088,True,3,Partial,21.4,2045.84,1865.23,501.75,26.9,8.83,False,0,3,Under Hearing,False,84,True,25.6,True,9,Section 11 Notification Issued,184,4,Pending,Not Required,True,259,True,Administrative Approval,KA-LAO-2021-0461,0.6109,745,Administrative Approval
23-028-013-717386,Irrigation Canal - Jabalpur Stretch 4,Irrigation Canal,State Irrigation Dept,Madhya Pradesh,Jabalpur,Jabalpur East,Kesarpur,23.32235,80.05824,2022-11-16,2024-01-21,2024-05-15,71.2,148,105,1.475,True,1,Clear,23.09,6576.03,5071.99,2713.51,53.5,22.87,True,1,2,Filed,False,246,True,32.0,False,46,Compensation Disbursement,83,1,Obtained,Not Required,True,115,True,Rehabilitation (R&R),MP-LAO-2022-0917,0.4795,431,Rehabilitation (R&R)
09-044-007-958966,Airport Expansion - Prayagraj Stretch 3,Airport Expansion,Airports Authority of India,Uttar Pradesh,Prayagraj,Prayagraj South,Chandrapalli,25.38642,81.73155,2019-02-15,2021-05-11,2021-05-11,32.7,52,42,1.284,True,1,Clear,12.31,1610.15,1551.21,279.22,18.0,3.66,True,1,1,Filed,False,234,True,37.5,False,16,Section 11 Notification Issued,33,4,Obtained,Not Required,True,0,False,Not Applicable,UP-LAO-2023-0576,0.4068,816,Rehabilitation (R&R)
21-005-006-988546,Urban Metro - Khordha Stretch 7,Urban Metro,Metro Rail Corp,Odisha,Khordha,Khordha North,Devgaon,20.248,85.67734,2020-09-28,2023-04-01,2023-04-08,11.0,36,22,2.0,True,1,Clear,22.61,994.84,592.17,198.97,33.6,40.48,True,3,1,Stayed by Court,True,9,True,90.2,False,23,Award Declared,230,3,Obtained,Not Required,True,7,False,Not Applicable,OD-LAO-2022-0873,0.4638,915,Compensation Disbursal
29-022-015-460690,Urban Metro - Belagavi Stretch 7,Urban Metro,Metro Rail Corp,Karnataka,Belagavi,Belagavi East,Madhavgarh,15.80879,74.46564,2022-09-30,2025-02-26,2025-06-29,37.9,88,53,1.398,True,1,Partial,27.37,4149.29,2672.74,1459.32,54.6,35.59,True,5,2,Stayed by Court,True,187,True,53.8,True,36,Award Declared,82,1,Applied,Applied,True,123,True,Legal Dispute,KA-LAO-2025-0488,0.5081,880,Legal Dispute
23-028-017-616704,Industrial Corridor - Jabalpur Stretch 2,Industrial Corridor,State Industrial Corp,Madhya Pradesh,Jabalpur,Jabalpur East,Peddapalli,23.12573,79.83817,2020-07-10,2022-07-22,2023-03-01,14.8,37,28,1.892,False,0,Clear,7.36,435.71,152.5,110.11,72.2,65.0,True,4,4,Stayed by Court,True,341,True,67.1,True,24,Section 11 Notification Issued,326,2,Not Required,Obtained,True,222,True,Legal Dispute,MP-LAO-2022-0917,0.5821,742,Legal Dispute
23-004-011-004994,Airport Expansion - Bhopal Stretch 1,Airport Expansion,Airports Authority of India,Madhya Pradesh,Bhopal,Bhopal South,Amrapur,23.04216,77.37624,2023-01-02,2024-10-14,2025-07-31,61.4,132,90,1.466,True,4,Disputed,65.17,8002.88,6570.91,2707.21,41.2,17.89,True,3,4,Under Hearing,False,93,True,59.7,True,64,Section 11 Notification Issued,57,5,Not Required,Applied,True,290,True,Ownership / Title,MP-LAO-2023-0365,0.6738,651,Ownership / Title
29-009-012-200674,Irrigation Canal - Tumakuru Stretch 8,Irrigation Canal,State Irrigation Dept,Karnataka,Tumakuru,Tumakuru South,Jaitpur,13.21734,77.05088,2019-11-02,2022-05-07,2022-05-07,13.7,28,21,1.533,False,0,Clear,19.59,1073.53,1067.88,227.46,21.3,0.53,False,0,0,None,False,0,True,72.0,False,18,Compensation Disbursement,24,4,Applied,Not Required,True,0,False,Not Applicable,KA-LAO-2023-0611,0.2924,917,Administrative Approval
27-025-008-576012,Power Transmission - Nagpur Stretch 1,Power Transmission,POWERGRID,Maharashtra,Nagpur,Nagpur South,Narsapur,20.93024,78.94579,2023-06-06,2025-04-07,2025-08-31,16.3,31,29,1.779,True,2,Partial,57.98,1890.15,1680.9,709.34,42.2,11.07,True,1,3,Under Hearing,False,323,True,60.0,True,15,Possession Taken,48,1,Obtained,Pending,True,146,True,Legal Dispute,MH-LAO-2025-0718,0.4776,671,Legal Dispute
27-001-019-688441,State Highway - Mumbai Suburban Stretch 4,State Highway,State PWD,Maharashtra,Mumbai Suburban,Mumbai Suburban West,Shivnagar,19.28223,72.90097,2022-01-03,2024-07-19,2024-07-19,45.9,82,68,1.481,True,2,Clear,73.89,6783.1,5731.12,1140.49,19.9,15.51,True,3,0,None,False,0,False,34.5,True,24,R&R Implementation,131,5,Not Required,Not Required,True,0,False,Not Applicable,MH-LAO-2022-0603,0.3482,928,Rehabilitation (R&R)
22-014-003-570750,Urban Metro - Bilaspur Stretch 7,Urban Metro,Metro Rail Corp,Chhattisgarh,Bilaspur,Bilaspur North,Ganeshpura,22.03167,81.99471,2023-11-18,2026-06-07,2026-06-07,40.6,110,60,1.478,True,1,Clear,7.75,1258.6,902.44,847.39,93.9,28.3,True,3,1,Filed,False,160,True,73.0,False,78,Compensation Disbursement,68,2,Not Required,Obtained,True,0,False,Not Applicable,CG-LAO-2022-0241,0.268,932,Legal Dispute
23-016-008-480112,Power Transmission - Indore Stretch 3,Power Transmission,POWERGRID,Madhya Pradesh,Indore,Indore South,Narsapur,22.72882,75.92705,2023-06-26,2025-08-13,2025-08-13,166.4,205,222,1.334,False,0,Clear,58.27,19392.26,17727.0,15156.58,85.5,8.59,True,1,1,Under Hearing,False,96,True,84.5,True,169,Award Declared,81,0,Pending,Obtained,True,0,False,Not Applicable,MP-LAO-2021-0254,0.2403,779,Legal Dispute
27-037-002-577568,Industrial Corridor - Nashik Stretch 3,Industrial Corridor,State Industrial Corp,Maharashtra,Nashik,Nashik North,Kothapalli,19.95971,73.88392,2021-01-19,2022-11-12,2022-11-12,42.3,45,49,1.158,False,0,Clear,28.32,4791.74,2968.54,1665.35,56.1,38.05,True,4,0,None,False,0,True,38.5,False,12,Award Declared,19,1,Obtained,Obtained,True,0,False,Not Applicable,MH-LAO-2025-0385,0.2794,662,Compensation Disbursal
21-026-015-668150,State Highway - Sambalpur Stretch 1,State Highway,State PWD,Odisha,Sambalpur,Sambalpur East,Madhavgarh,21.41955,83.92901,2023-04-20,2025-07-01,2025-12-09,20.2,40,36,1.782,True,1,Partial,6.93,559.94,392.16,263.53,67.2,29.96,True,5,2,Under Hearing,False,159,False,9.9,True,3,SIA Completed,71,5,Applied,Not Required,True,161,True,Rehabilitation (R&R),OD-LAO-2024-0281,0.4871,803,Rehabilitation (R&R)
23-028-015-262626,Urban Metro - Jabalpur Stretch 5,Urban Metro,Metro Rail Corp,Madhya Pradesh,Jabalpur,Jabalpur East,Madhavgarh,23.11616,79.78864,2021-07-25,2023-05-29,2023-05-29,60.5,86,90,1.488,False,0,Clear,13.29,3216.18,2112.92,1521.3,72.0,34.3,True,3,0,None,False,0,True,49.8,True,35,R&R Implementation,31,4,Applied,Applied,True,0,False,Not Applicable,MP-LAO-2022-0917,0.3021,673,Administrative Approval
27-001-024-519408,State Highway - Mumbai Suburban Stretch 7,State Highway,State PWD,Maharashtra,Mumbai Suburban,Mumbai Suburban West,Zamania,19.26393,72.90664,2023-10-03,2025-02-11,2025-02-11,13.4,27,27,2.015,False,0,Clear,58.82,1576.38,1178.67,681.27,57.8,25.23,True,2,2,Resolved,False,265,True,78.8,True,15,Compensation Disbursement,64,3,Pending,Not Required,True,0,False,Not Applicable,MH-LAO-2022-0603,0.3404,497,Administrative Approval
27-013-007-293988,National Highway - Pune Stretch 7,National Highway,NHAI,Maharashtra,Pune,Pune South,Chandrapalli,18.61429,74.05449,2020-10-06,2022-03-07,2022-03-07,81.4,150,133,1.634,False,0,Clear,89.19,14520.13,11382.08,9094.28,79.9,21.61,True,2,2,Under Hearing,False,22,True,45.2,False,58,Possession Taken,77,2,Applied,Not Required,True,0,False,Not Applicable,MH-LAO-2023-0454,0.3511,517,Legal Dispute
27-001-007-996044,Irrigation Canal - Mumbai Suburban Stretch 2,Irrigation Canal,State Irrigation Dept,Maharashtra,Mumbai Suburban,Mumbai Suburban South,Chandrapalli,19.10245,72.71575,2021-04-30,2022-10-10,2022-10-10,23.2,57,37,1.595,False,0,Clear,61.9,2872.16,1924.43,1524.15,79.2,33.0,True,2,1,Filed,False,33,True,57.3,True,29,R&R Implementation,89,1,Obtained,Not Required,True,0,False,Not Applicable,MH-LAO-2022-0603,0.3628,528,Compensation Disbursal
36-019-016-850029,Industrial Corridor - Karimnagar Stretch 4,Industrial Corridor,State Industrial Corp,Telangana,Karimnagar,Karimnagar East,Nandgaon,18.20362,79.05892,2020-01-23,2021-07-19,2021-07-19,8.5,27,17,2.0,False,0,Clear,8.23,279.82,192.67,179.57,93.2,31.15,True,3,0,None,False,0,True,51.5,True,13,Award Declared,233,2,Not Required,Not Required,True,0,False,Not Applicable,TG-LAO-2024-0235,0.2082,543,Rehabilitation (R&R)
33-014-008-315668,Airport Expansion - Chennai Stretch 8,Airport Expansion,Airports Authority of India,Tamil Nadu,Chennai,Chennai South,Narsapur,13.11149,80.32107,2019-06-15,2021-08-09,2021-08-09,29.3,56,30,1.024,True,2,Partial,54.76,3208.94,1950.67,698.34,35.8,39.21,True,1,1,Resolved,False,400,True,71.9,True,38,R&R Implementation,87,1,Obtained,Obtained,True,0,False,Not Applicable,TN-LAO-2021-0562,0.4756,786,Compensation Disbursal
09-002-019-319626,Airport Expansion - Lucknow Stretch 3,Airport Expansion,Airports Authority of India,Uttar Pradesh,Lucknow,Lucknow West,Shivnagar,26.77534,81.0453,2019-03-09,2021-06-01,2021-10-28,132.3,308,179,1.353,True,7,Disputed,82.93,21943.28,18924.68,14363.83,75.9,13.76,False,0,3,Under Hearing,False,39,True,49.1,True,129,Possession Taken,26,0,Pending,Applied,True,149,True,Ownership / Title,UP-LAO-2021-0734,0.5603,815,Ownership / Title
22-002-007-199555,Industrial Corridor - Raipur Stretch 4,Industrial Corridor,State Industrial Corp,Chhattisgarh,Raipur,Raipur South,Chandrapalli,21.26786,81.70306,2019-07-16,2020-10-02,2021-08-19,14.0,32,24,1.714,True,3,Partial,63.94,1790.32,1652.99,373.58,22.6,7.67,True,1,1,Filed,False,173,True,31.9,True,9,Compensation Disbursement,6,5,Obtained,Pending,True,321,True,Administrative Approval,CG-LAO-2022-0755,0.6398,444,Administrative Approval
29-007-016-587124,National Highway - Bengaluru Urban Stretch 8,National Highway,NHAI,Karnataka,Bengaluru Urban,Bengaluru Urban East,Nandgaon,12.93241,77.55036,2023-05-03,2024-11-29,2024-11-29,80.2,148,120,1.496,True,1,Clear,71.26,11430.1,8023.58,3337.81,41.6,29.8,True,3,2,Resolved,False,200,True,55.1,True,62,Compensation Disbursement,68,0,Applied,Not Required,True,0,False,Not Applicable,KA-LAO-2024-0628,0.3764,576,Compensation Disbursal
36-011-011-599983,Irrigation Canal - Warangal Stretch 2,Irrigation Canal,State Irrigation Dept,Telangana,Warangal,Warangal South,Amrapur,17.88242,79.6873,2020-08-25,2022-08-01,2022-08-01,30.2,34,36,1.192,False,0,Clear,8.87,1071.5,539.16,371.48,68.9,49.68,True,3,2,Filed,False,7,True,57.6,True,19,Compensation Disbursement,199,2,Applied,Obtained,True,0,False,Not Applicable,TG-LAO-2021-0919,0.4247,706,Compensation Disbursal
21-012-011-039271,Irrigation Canal - Cuttack Stretch 7,Irrigation Canal,State Irrigation Dept,Odisha,Cuttack,Cuttack South,Amrapur,20.37537,85.87262,2022-05-17,2024-08-17,2025-05-14,34.1,62,59,1.73,True,2,Disputed,30.58,4171.11,2944.22,1266.01,43.0,29.41,False,0,4,Filed,False,17,True,34.8,False,16,Possession Taken,41,1,Applied,Applied,True,270,True,Legal Dispute,OD-LAO-2021-0890,0.5938,823,Legal Dispute
33-014-019-817481,National Highway - Chennai Stretch 6,National Highway,NHAI,Tamil Nadu,Chennai,Chennai West,Shivnagar,13.10812,80.14612,2022-07-10,2024-06-05,2025-01-04,50.1,75,71,1.417,True,3,Disputed,44.11,4419.82,4084.04,980.17,24.0,7.6,False,0,4,Stayed by Court,True,51,True,59.2,False,31,Award Declared,9,3,Obtained,Obtained,True,213,True,Legal Dispute,TN-LAO-2021-0562,0.6437,696,Legal Dispute
29-007-019-408769,Urban Metro - Bengaluru Urban Stretch 7,Urban Metro,Metro Rail Corp,Karnataka,Bengaluru Urban,Bengaluru Urban West,Shivnagar,12.85637,77.53443,2021-05-30,2023-08-03,2023-08-03,66.4,140,96,1.446,False,0,Clear,84.47,11217.62,9575.58,7535.98,78.7,14.64,False,0,0,None,False,0,False,22.5,False,31,Award Declared,3,2,Obtained,Obtained,True,0,False,Not Applicable,KA-LAO-2024-0628,0.2019,795,Rehabilitation (R&R)
36-011-010-014722,Railway Line - Warangal Stretch 1,Railway Line,Indian Railways,Telangana,Warangal,Warangal South,Mallapuram,17.88225,79.55257,2019-09-01,2021-01-03,2021-03-28,34.7,70,43,1.239,True,2,Partial,19.68,2731.58,1310.19,864.73,66.0,52.04,True,8,3,Stayed by Court,True,131,True,79.3,True,53,Section 11 Notification Issued,94,1,Obtained,Not Required,True,84,True,Legal Dispute,TG-LAO-2021-0919,0.5249,490,Legal Dispute
33-045-008-394565,Industrial Corridor - Tiruchirappalli Stretch 5,Industrial Corridor,State Industrial Corp,Tamil Nadu,Tiruchirappalli,Tiruchirappalli South,Narsapur,10.7144,78.73101,2019-01-03,2020-08-26,2020-08-26,30.3,45,43,1.419,False,0,Clear,24.96,3025.15,2966.48,1239.99,41.8,1.94,True,1,0,None,False,0,True,41.8,True,18,Section 11 Notification Issued,23,2,Obtained,Not Required,True,0,False,Not Applicable,TN-LAO-2022-0490,0.2032,601,Rehabilitation (R&R)
29-009-009-003611,Airport Expansion - Tumakuru Stretch 1,Airport Expansion,Airports Authority of India,Karnataka,Tumakuru,Tumakuru South,Basavanahalli,13.19375,77.17268,2022-12-28,2024-12-03,2024-12-03,25.5,72,40,1.569,True,3,Partial,14.98,1527.96,1372.42,806.98,58.8,10.18,True,2,1,Resolved,False,141,True,78.7,True,50,Section 11 Notification Issued,146,6,Not Required,Not Required,True,0,False,Not Applicable,KA-LAO-2023-0611,0.306,706,Administrative Approval
36-027-002-641401,Urban Metro - Nizamabad Stretch 4,Urban Metro,Metro Rail Corp,Telangana,Nizamabad,Nizamabad North,Kothapalli,18.84876,77.9821,2021-10-28,2024-02-10,2025-03-21,24.5,31,29,1.184,True,5,Disputed,23.37,2290.26,1751.62,611.32,34.9,23.52,True,3,4,Under Hearing,False,61,True,78.8,True,19,SIA Completed,284,1,Obtained,Pending,True,405,True,Ownership / Title,TG-LAO-2021-0135,0.6847,835,Ownership / Title
27-025-017-830802,Airport Expansion - Nagpur Stretch 2,Airport Expansion,Airports Authority of India,Maharashtra,Nagpur,Nagpur East,Peddapalli,21.03532,78.99837,2021-08-22,2024-03-09,2024-06-19,120.4,165,171,1.42,True,1,Clear,43.02,10359.22,6939.45,770.28,11.1,33.01,True,5,1,Filed,False,357,False,15.1,False,22,Compensation Disbursement,39,1,Obtained,Applied,True,102,True,Compensation Disbursal,MH-LAO-2025-0718,0.5047,930,Compensation Disbursal
36-019-009-582253,National Highway - Karimnagar Stretch 5,National Highway,NHAI,Telangana,Karimnagar,Karimnagar South,Basavanahalli,18.47946,79.10863,2020-03-05,2021-06-20,2021-07-30,40.5,71,60,1.481,False,0,Clear,31.86,5161.32,4087.74,249.35,6.1,20.8,True,5,0,None,False,0,True,33.4,False,20,Award Declared,235,2,Pending,Not Required,True,40,True,Administrative Approval,TG-LAO-2024-0235,0.4055,472,Administrative Approval
29-022-018-446569,Power Transmission - Belagavi Stretch 5,Power Transmission,POWERGRID,Karnataka,Belagavi,Belagavi East,Raghunathpur,15.90367,74.46815,2022-12-08,2025-01-16,2025-07-25,77.2,108,108,1.399,True,2,Clear,23.61,7290.77,3276.45,1051.74,32.1,55.06,True,4,1,Stayed by Court,True,327,True,34.1,False,33,SIA Completed,118,8,Not Required,Not Required,True,190,True,Compensation Disbursal,KA-LAO-2025-0488,0.6456,770,Compensation Disbursal
22-002-013-975593,Irrigation Canal - Raipur Stretch 1,Irrigation Canal,State Irrigation Dept,Chhattisgarh,Raipur,Raipur East,Kesarpur,21.29273,81.60703,2021-02-13,2022-08-16,2023-06-06,22.9,69,40,1.747,True,6,Disputed,57.24,2621.59,1553.27,456.66,29.4,40.75,True,2,7,Filed,False,5,False,36.4,True,24,Section 11 Notification Issued,81,4,Obtained,Not Required,True,294,True,Ownership / Title,CG-LAO-2022-0755,0.7227,549,Ownership / Title
33-014-016-217560,Industrial Corridor - Chennai Stretch 2,Industrial Corridor,State Industrial Corp,Tamil Nadu,Chennai,Chennai East,Nandgaon,12.97501,80.38552,2019-02-27,2021-01-04,2021-05-19,98.4,229,122,1.24,True,4,Partial,40.69,8007.79,6171.18,2462.3,39.9,22.94,False,0,3,Under Hearing,False,19,True,53.0,True,101,Compensation Disbursement,71,2,Obtained,Not Required,True,135,True,Legal Dispute,TN-LAO-2021-0562,0.5484,677,Legal Dispute
33-031-010-491079,Urban Metro - Madurai Stretch 4,Urban Metro,Metro Rail Corp,Tamil Nadu,Madurai,Madurai South,Mallapuram,9.84906,78.0619,2023-03-10,2025-10-23,2025-10-23,27.1,84,46,1.697,True,1,Clear,27.18,2946.31,2542.54,1258.56,49.5,13.7,True,2,1,Under Hearing,False,159,False,8.8,False,5,Possession Taken,21,1,Applied,Applied,True,0,False,Not Applicable,TN-LAO-2021-0436,0.3749,958,Rehabilitation (R&R)
36-019-008-771013,Industrial Corridor - Karimnagar Stretch 3,Industrial Corridor,State Industrial Corp,Telangana,Karimnagar,Karimnagar South,Narsapur,18.36238,79.10235,2023-03-04,2025-02-14,2025-02-14,7.1,16,14,1.972,True,2,Clear,17.99,510.92,373.73,355.04,95.0,26.85,False,0,1,Filed,False,405,False,18.9,False,2,Award Declared,30,1,Applied,Obtained,True,0,False,Not Applicable,TG-LAO-2024-0235,0.2804,713,Rehabilitation (R&R)
29-007-004-376370,Power Transmission - Bengaluru Urban Stretch 5,Power Transmission,POWERGRID,Karnataka,Bengaluru Urban,Bengaluru Urban North,Bhimnagar,13.03785,77.65553,2023-12-02,2025-06-01,2025-06-01,48.0,85,70,1.458,True,1,Clear,84.89,8149.44,6211.78,3366.78,54.2,23.78,True,2,1,Resolved,False,197,True,58.9,True,40,Section 11 Notification Issued,50,1,Applied,Applied,True,0,False,Not Applicable,KA-LAO-2024-0628,0.3096,547,Compensation Disbursal
33-031-002-770404,National Highway - Madurai Stretch 4,National Highway,NHAI,Tamil Nadu,Madurai,Madurai North,Kothapalli,10.05481,78.22734,2022-11-06,2025-04-26,2025-04-26,23.0,50,36,1.565,True,1,Clear,17.66,1624.72,1303.89,787.55,60.4,19.75,True,2,1,Under Hearing,False,422,True,30.4,True,12,Possession Taken,17,1,Pending,Obtained,True,0,False,Not Applicable,TN-LAO-2021-0436,0.3613,902,Rehabilitation (R&R)
21-019-024-331631,Airport Expansion - Ganjam Stretch 4,Airport Expansion,Airports Authority of India,Odisha,Ganjam,Ganjam West,Zamania,19.49282,84.85634,2022-07-11,2024-03-14,2024-11-14,41.6,71,57,1.37,True,3,Partial,8.41,1399.42,1072.82,460.24,42.9,23.34,True,3,7,Under Hearing,False,83,True,15.9,False,8,Possession Taken,21,2,Obtained,Not Required,True,245,True,Legal Dispute,OD-LAO-2025-0784,0.5732,612,Legal Dispute
36-019-019-376825,Industrial Corridor - Karimnagar Stretch 6,Industrial Corridor,State Industrial Corp,Telangana,Karimnagar,Karimnagar West,Shivnagar,18.26974,79.22665,2021-07-11,2023-05-10,2023-05-10,36.1,60,55,1.524,True,1,Clear,8.91,1286.6,1237.85,422.11,34.1,3.79,False,0,0,None,False,0,True,83.0,False,45,Possession Taken,55,3,Not Required,Not Required,True,0,False,Not Applicable,TG-LAO-2024-0235,0.2557,668,Administrative Approval
33-045-022-073492,Irrigation Canal - Tiruchirappalli Stretch 4,Irrigation Canal,State Irrigation Dept,Tamil Nadu,Tiruchirappalli,Tiruchirappalli West,Veerapuram,10.71484,78.60406,2020-07-27,2022-10-20,2022-10-20,16.5,38,30,1.818,True,2,Partial,19.5,1287.0,1214.95,392.43,32.3,5.6,False,0,0,None,False,0,True,16.6,True,4,Section 11 Notification Issued,164,3,Applied,Not Required,True,0,False,Not Applicable,TN-LAO-2022-0490,0.4261,815,Rehabilitation (R&R)
22-014-019-915871,National Highway - Bilaspur Stretch 5,National Highway,NHAI,Chhattisgarh,Bilaspur,Bilaspur West,Shivnagar,21.8967,82.15467,2023-03-16,2024-12-29,2025-12-17,184.4,433,250,1.356,True,4,Disputed,10.48,7730.05,7385.19,1573.05,21.3,4.46,True,1,3,Under Hearing,False,294,True,30.2,False,112,SIA Completed,82,2,Pending,Applied,True,353,True,Ownership / Title,CG-LAO-2022-0241,0.7051,654,Ownership / Title
09-015-005-300589,Irrigation Canal - Kanpur Nagar Stretch 6,Irrigation Canal,State Irrigation Dept,Uttar Pradesh,Kanpur Nagar,Kanpur Nagar North,Sultanpur,26.57264,80.37883,2022-08-05,2024-10-02,2026-05-23,123.7,197,166,1.342,True,5,Disputed,8.76,4334.45,2179.41,316.01,14.5,49.72,True,4,5,Under Hearing,False,74,False,38.9,True,70,SIA Completed,6,2,Pending,Obtained,True,598,True,Ownership / Title,UP-LAO-2023-0451,0.8031,789,Ownership / Title
21-026-009-694289,National Highway - Sambalpur Stretch 1,National Highway,NHAI,Odisha,Sambalpur,Sambalpur South,Basavanahalli,21.43228,83.91069,2020-02-21,2021-08-25,2023-01-06,92.4,242,135,1.461,True,5,Disputed,29.24,10807.1,6516.11,1987.41,30.5,39.71,True,3,4,Stayed by Court,True,729,True,11.0,False,22,SIA Completed,99,1,Not Required,Obtained,True,499,True,Ownership / Title,OD-LAO-2024-0281,0.7279,551,Ownership / Title
21-012-024-341332,Airport Expansion - Cuttack Stretch 4,Airport Expansion,Airports Authority of India,Odisha,Cuttack,Cuttack West,Zamania,20.34652,85.83633,2022-06-04,2024-10-15,2026-01-04,17.4,44,24,1.379,True,8,Partial,21.82,1518.67,631.96,63.2,10.0,58.39,True,2,5,Under Hearing,False,210,True,44.6,False,18,R&R Implementation,23,3,Pending,Applied,True,446,True,Legal Dispute,OD-LAO-2021-0890,0.7283,864,Legal Dispute
29-009-016-811799,National Highway - Tumakuru Stretch 7,National Highway,NHAI,Karnataka,Tumakuru,Tumakuru East,Nandgaon,13.37989,77.05472,2020-12-05,2022-04-08,2022-04-11,30.9,68,41,1.327,False,0,Clear,20.1,2484.36,1280.72,762.03,59.5,48.45,True,3,3,Under Hearing,False,68,False,34.0,False,22,R&R Implementation,114,0,Obtained,Not Required,True,3,False,Not Applicable,KA-LAO-2023-0611,0.4666,489,Legal Dispute
33-031-001-173185,Railway Line - Madurai Stretch 1,Railway Line,Indian Railways,Tamil Nadu,Madurai,Madurai North,Rampur,9.83794,78.23844,2020-02-09,2022-02-04,2022-02-04,15.8,35,25,1.582,False,0,Clear,17.64,1114.85,879.64,187.36,21.3,21.1,False,0,2,Filed,False,323,True,89.3,True,24,R&R Implementation,86,0,Pending,Applied,True,0,False,Not Applicable,TN-LAO-2021-0436,0.3515,726,Compensation Disbursal
23-033-015-841738,Railway Line - Gwalior Stretch 7,Railway Line,Indian Railways,Madhya Pradesh,Gwalior,Gwalior East,Madhavgarh,26.22845,78.13178,2020-12-15,2023-02-25,2023-02-25,27.4,72,44,1.606,True,1,Clear,14.81,1623.18,1409.09,166.27,11.8,13.19,False,0,1,Filed,False,56,True,68.4,False,34,Compensation Disbursement,36,1,Obtained,Not Required,True,0,False,Not Applicable,MP-LAO-2024-0467,0.35,802,Compensation Disbursal
21-012-007-712206,Power Transmission - Cuttack Stretch 5,Power Transmission,POWERGRID,Odisha,Cuttack,Cuttack South,Chandrapalli,20.4248,85.93192,2020-04-22,2021-10-26,2021-10-26,65.8,214,117,1.778,True,2,Clear,20.65,5435.08,3852.08,2530.82,65.7,29.13,True,2,1,Under Hearing,False,338,True,31.2,False,49,Compensation Disbursement,57,5,Not Required,Not Required,True,0,False,Not Applicable,OD-LAO-2021-0890,0.4721,552,Rehabilitation (R&R)
22-009-022-705887,Airport Expansion - Durg Stretch 8,Airport Expansion,Airports Authority of India,Chhattisgarh,Durg,Durg West,Veerapuram,21.25846,81.27915,2019-03-31,2021-04-04,2021-04-04,76.7,109,116,1.512,True,2,Clear,31.87,9777.72,4378.49,2355.63,53.8,55.22,True,3,2,Under Hearing,False,167,True,66.4,True,72,Possession Taken,5,1,Applied,Obtained,True,0,False,Not Applicable,CG-LAO-2024-0988,0.4198,735,Compensation Disbursal
23-004-010-095966,Industrial Corridor - Bhopal Stretch 5,Industrial Corridor,State Industrial Corp,Madhya Pradesh,Bhopal,Bhopal South,Mallapuram,23.0956,77.35677,2021-07-20,2023-04-13,2023-04-13,74.2,195,107,1.442,True,2,Clear,52.09,7730.16,5121.13,2355.72,46.0,33.75,True,3,0,None,False,0,False,37.5,False,65,Award Declared,104,2,Applied,Applied,True,0,False,Not Applicable,MP-LAO-2023-0365,0.2778,632,Rehabilitation (R&R)
29-022-009-442523,Industrial Corridor - Belagavi Stretch 4,Industrial Corridor,State Industrial Corp,Karnataka,Belagavi,Belagavi South,Basavanahalli,15.88449,74.49088,2022-11-11,2025-06-11,2025-06-11,20.4,33,29,1.422,True,1,Clear,17.65,1440.24,1141.12,294.41,25.8,20.77,True,2,0,None,False,0,True,19.6,False,4,SIA Completed,274,5,Not Required,Not Required,True,0,False,Not Applicable,KA-LAO-2025-0488,0.3702,943,Rehabilitation (R&R)
21-019-001-138089,Railway Line - Ganjam Stretch 2,Railway Line,Indian Railways,Odisha,Ganjam,Ganjam North,Rampur,19.32247,84.80642,2022-11-04,2024-12-21,2024-12-21,20.6,40,37,1.796,False,0,Clear,15.4,1268.96,1113.0,555.39,49.9,12.29,True,3,0,None,False,0,True,58.9,False,21,Compensation Disbursement,33,3,Not Required,Pending,True,0,False,Not Applicable,OD-LAO-2025-0784,0.2956,778,Administrative Approval
22-018-017-394037,Power Transmission - Korba Stretch 5,Power Transmission,POWERGRID,Chhattisgarh,Korba,Korba East,Peddapalli,22.39243,82.6571,2021-04-12,2022-12-17,2022-12-17,12.5,39,24,1.92,False,0,Clear,6.52,326.0,261.91,102.41,39.1,19.66,True,2,0,None,False,0,True,49.0,True,14,R&R Implementation,197,4,Obtained,Obtained,True,0,False,Not Applicable,CG-LAO-2024-0820,0.3616,614,Compensation Disbursal
27-001-009-036876,State Highway - Mumbai Suburban Stretch 7,State Highway,State PWD,Maharashtra,Mumbai Suburban,Mumbai Suburban South,Basavanahalli,19.22841,72.91021,2021-07-11,2023-10-05,2023-10-05,34.3,56,56,1.633,True,1,Clear,87.98,6035.43,5600.87,3808.59,68.0,7.2,False,0,0,None,False,0,True,9.1,False,3,SIA Completed,68,3,Obtained,Pending,True,0,False,Not Applicable,MH-LAO-2022-0603,0.217,816,Rehabilitation (R&R)
27-013-015-433170,State Highway - Pune Stretch 6,State Highway,State PWD,Maharashtra,Pune,Pune East,Madhavgarh,18.45023,73.93296,2021-08-23,2022-12-07,2023-05-24,71.9,162,91,1.266,True,1,Partial,81.48,11716.82,10035.81,6794.24,67.7,14.35,False,0,3,Under Hearing,False,20,True,48.4,True,66,Award Declared,43,2,Applied,Applied,True,168,True,Legal Dispute,MH-LAO-2023-0454,0.4746,471,Legal Dispute
09-031-011-782923,Industrial Corridor - Varanasi Stretch 7,Industrial Corridor,State Industrial Corp,Uttar Pradesh,Varanasi,Varanasi South,Amrapur,25.33884,82.96605,2020-03-19,2021-07-07,2021-11-05,166.2,378,243,1.462,False,0,Clear,15.08,10025.18,4251.91,3537.59,83.2,57.59,True,3,4,Filed,False,61,True,37.1,True,101,Compensation Disbursement,3,2,Obtained,Obtained,True,121,True,Legal Dispute,UP-LAO-2025-0822,0.4779,475,Legal Dispute
33-014-007-766605,Airport Expansion - Chennai Stretch 3,Airport Expansion,Airports Authority of India,Tamil Nadu,Chennai,Chennai South,Chandrapalli,13.07253,80.18063,2023-11-14,2025-08-20,2025-08-20,13.6,43,25,1.838,True,1,Clear,41.25,1122.0,862.58,636.58,73.8,23.12,True,3,1,Filed,False,312,True,9.7,True,3,R&R Implementation,42,3,Applied,Obtained,True,0,False,Not Applicable,TN-LAO-2021-0562,0.3872,645,Rehabilitation (R&R)
36-003-012-264469,Power Transmission - Hyderabad Stretch 8,Power Transmission,POWERGRID,Telangana,Hyderabad,Hyderabad South,Jaitpur,17.42289,78.45253,2021-10-08,2023-03-16,2023-03-16,17.4,53,30,1.724,False,0,Clear,94.36,3283.73,2268.89,1120.83,49.4,30.91,True,2,1,Filed,False,1148,True,17.1,False,6,SIA Completed,255,2,Pending,Obtained,True,0,False,Not Applicable,TG-LAO-2025-0884,0.4182,524,Rehabilitation (R&R)
33-031-020-687626,Irrigation Canal - Madurai Stretch 4,Irrigation Canal,State Irrigation Dept,Tamil Nadu,Madurai,Madurai West,Tarapur,10.01446,78.0411,2023-04-25,2024-12-11,2024-12-28,55.7,176,95,1.706,True,3,Clear,14.2,3163.76,1995.66,1406.94,70.5,36.92,True,6,2,Under Hearing,False,27,True,41.5,True,64,Compensation Disbursement,65,0,Obtained,Not Required,True,17,False,Not Applicable,TN-LAO-2021-0436,0.426,596,Legal Dispute
27-025-002-922498,Railway Line - Nagpur Stretch 2,Railway Line,Indian Railways,Maharashtra,Nagpur,Nagpur North,Kothapalli,21.22541,79.10178,2020-07-21,2022-10-10,2023-09-15,88.7,137,107,1.206,True,2,Partial,88.97,15783.28,9726.31,1517.3,15.6,38.38,True,4,1,Under Hearing,False,301,False,15.3,True,16,Compensation Disbursement,141,4,Pending,Applied,True,340,True,Administrative Approval,MH-LAO-2025-0718,0.6563,811,Administrative Approval
33-045-004-081690,State Highway - Tiruchirappalli Stretch 4,State Highway,State PWD,Tamil Nadu,Tiruchirappalli,Tiruchirappalli North,Bhimnagar,10.92038,78.70069,2021-06-25,2023-03-02,2023-03-02,127.0,317,179,1.409,True,1,Clear,27.83,14137.64,11086.6,6552.18,59.1,21.58,False,0,1,Stayed by Court,True,9,True,63.0,False,147,Compensation Disbursement,22,2,Obtained,Applied,True,0,False,Not Applicable,TN-LAO-2022-0490,0.3079,615,Legal Dispute
29-018-024-878590,Airport Expansion - Mysuru Stretch 3,Airport Expansion,Airports Authority of India,Karnataka,Mysuru,Mysuru West,Zamania,12.23873,76.58993,2022-04-24,2025-01-12,2025-09-25,43.9,79,67,1.526,True,3,Clear,14.22,2497.03,985.37,212.84,21.6,60.54,True,6,1,Under Hearing,False,506,False,21.3,True,13,Award Declared,133,6,Not Required,Applied,True,256,True,Compensation Disbursal,KA-LAO-2021-0461,0.6229,994,Compensation Disbursal
22-009-004-522374,State Highway - Durg Stretch 3,State Highway,State PWD,Chhattisgarh,Durg,Durg North,Bhimnagar,21.34804,81.23576,2021-08-16,2022-10-28,2023-01-12,11.4,25,18,1.579,False,0,Clear,7.76,353.86,207.49,130.3,62.8,41.36,True,1,2,Under Hearing,False,40,True,28.1,False,6,R&R Implementation,30,2,Applied,Not Required,True,76,True,Compensation Disbursal,CG-LAO-2024-0988,0.4607,438,Compensation Disbursal
22-009-004-500684,National Highway - Durg Stretch 4,National Highway,NHAI,Chhattisgarh,Durg,Durg North,Bhimnagar,21.35732,81.21974,2019-12-22,2022-05-26,2022-11-17,7.7,15,8,1.039,False,0,Clear,14.82,456.46,237.3,52.68,22.2,48.01,True,5,1,Under Hearing,False,362,True,30.6,False,4,SIA Completed,43,1,Not Required,Not Required,True,175,True,Compensation Disbursal,CG-LAO-2024-0988,0.5815,886,Compensation Disbursal
29-009-003-574868,Irrigation Canal - Tumakuru Stretch 5,Irrigation Canal,State Irrigation Dept,Karnataka,Tumakuru,Tumakuru North,Ganeshpura,13.55808,77.2787,2022-07-29,2024-02-29,2024-02-29,71.9,166,107,1.488,False,0,Clear,30.26,8702.78,7898.85,7511.81,95.1,9.24,False,0,0,None,False,0,True,90.4,True,141,Award Declared,82,4,Pending,Not Required,True,0,False,Not Applicable,KA-LAO-2023-0611,0.1998,580,Administrative Approval
29-022-008-775897,National Highway - Belagavi Stretch 5,National Highway,NHAI,Karnataka,Belagavi,Belagavi South,Narsapur,15.93687,74.43591,2021-01-31,2023-07-18,2023-09-25,28.0,66,51,1.821,True,7,Disputed,20.79,2328.48,1928.92,1417.76,73.5,17.16,True,1,5,Resolved,False,442,True,24.7,True,14,SIA Completed,3,3,Pending,Obtained,True,69,True,Ownership / Title,KA-LAO-2025-0488,0.5334,898,Ownership / Title
21-012-004-030336,Urban Metro - Cuttack Stretch 4,Urban Metro,Metro Rail Corp,Odisha,Cuttack,Cuttack North,Bhimnagar,20.48996,85.7226,2022-12-12,2025-06-14,2026-03-15,8.5,20,12,1.412,False,0,Clear,22.31,758.54,265.49,65.05,24.5,65.0,True,6,4,Under Hearing,False,36,False,8.7,True,1,Possession Taken,3,2,Not Required,Not Required,True,274,True,Legal Dispute,OD-LAO-2021-0890,0.6471,915,Legal Dispute
29-009-016-679482,Urban Metro - Tumakuru Stretch 2,Urban Metro,Metro Rail Corp,Karnataka,Tumakuru,Tumakuru East,Nandgaon,13.37784,77.02677,2019-08-30,2022-05-19,2022-11-24,18.0,35,25,1.389,True,4,Disputed,14.47,1041.84,792.39,385.1,48.6,23.94,True,2,1,Under Hearing,False,151,True,42.1,False,10,Compensation Disbursement,10,5,Pending,Not Required,True,189,True,Ownership / Title,KA-LAO-2023-0611,0.5645,993,Ownership / Title
22-002-004-192320,Railway Line - Raipur Stretch 1,Railway Line,Indian Railways,Chhattisgarh,Raipur,Raipur North,Bhimnagar,21.24179,81.50682,2023-09-23,2025-11-21,2025-11-21,22.1,34,36,1.629,False,0,Clear,85.03,3758.33,2945.66,2636.37,89.5,21.62,True,2,3,Under Hearing,False,84,True,46.3,True,11,Compensation Disbursement,130,0,Obtained,Obtained,True,0,False,Not Applicable,CG-LAO-2022-0755,0.3864,790,Legal Dispute
21-005-013-007041,Irrigation Canal - Khordha Stretch 1,Irrigation Canal,State Irrigation Dept,Odisha,Khordha,Khordha East,Kesarpur,20.16342,85.58661,2020-09-11,2022-09-13,2022-09-13,86.7,214,125,1.442,True,1,Clear,15.72,5451.7,4816.46,2490.11,51.7,11.65,False,0,1,Under Hearing,False,21,False,30.7,True,61,Compensation Disbursement,200,1,Not Required,Obtained,True,0,False,Not Applicable,OD-LAO-2022-0873,0.355,732,Rehabilitation (R&R)
33-023-018-119955,Irrigation Canal - Coimbatore Stretch 6,Irrigation Canal,State Irrigation Dept,Tamil Nadu,Coimbatore,Coimbatore East,Raghunathpur,11.01804,76.97592,2019-09-29,2021-04-24,2021-11-12,48.2,85,79,1.639,True,1,Clear,16.56,3192.77,2285.4,438.8,19.2,28.42,True,4,5,Under Hearing,False,138,True,21.3,True,16,Possession Taken,132,2,Obtained,Not Required,True,202,True,Legal Dispute,TN-LAO-2024-0163,0.5316,573,Legal Dispute
22-014-003-242905,Industrial Corridor - Bilaspur Stretch 2,Industrial Corridor,State Industrial Corp,Chhattisgarh,Bilaspur,Bilaspur North,Ganeshpura,22.03527,82.00738,2020-09-02,2023-01-28,2024-01-28,62.1,134,107,1.723,True,3,Disputed,12.31,3057.8,1893.77,643.88,34.0,38.07,True,1,4,Filed,False,328,True,32.9,False,42,Possession Taken,11,1,Pending,Not Required,True,365,True,Ownership / Title,CG-LAO-2022-0241,0.6365,878,Ownership / Title
22-018-012-901195,Industrial Corridor - Korba Stretch 5,Industrial Corridor,State Industrial Corp,Chhattisgarh,Korba,Korba South,Jaitpur,22.4375,82.62332,2020-05-24,2022-11-13,2022-11-13,44.5,80,50,1.124,True,1,Clear,24.99,4448.22,3396.06,1555.4,45.8,23.65,False,0,2,Filed,False,44,True,84.9,False,62,R&R Implementation,26,1,Not Required,Not Required,True,0,False,Not Applicable,CG-LAO-2024-0820,0.3336,903,Legal Dispute
29-007-002-158342,State Highway - Bengaluru Urban Stretch 2,State Highway,State PWD,Karnataka,Bengaluru Urban,Bengaluru Urban North,Kothapalli,12.82076,77.61389,2020-07-06,2022-05-12,2022-09-09,224.4,424,323,1.439,True,5,Partial,90.66,40688.21,32157.76,31000.08,96.4,20.97,True,1,4,Filed,False,660,True,54.4,True,170,SIA Completed,12,0,Pending,Obtained,True,120,True,Legal Dispute,KA-LAO-2024-0628,0.4975,675,Legal Dispute
29-009-023-846911,Irrigation Canal - Tumakuru Stretch 1,Irrigation Canal,State Irrigation Dept,Karnataka,Tumakuru,Tumakuru West,Yellapur,13.17208,77.14693,2021-05-30,2022-07-27,2022-07-27,25.2,52,34,1.349,True,3,Partial,11.86,1195.49,941.28,679.6,72.2,21.26,True,2,3,Stayed by Court,True,251,True,13.7,False,6,Award Declared,107,0,Obtained,Applied,True,0,False,Not Applicable,KA-LAO-2023-0611,0.4779,423,Legal Dispute
36-027-018-414505,State Highway - Nizamabad Stretch 4,State Highway,State PWD,Telangana,Nizamabad,Nizamabad East,Raghunathpur,18.69391,78.22892,2021-10-13,2023-09-15,2023-09-15,80.9,247,139,1.718,True,2,Clear,21.39,6921.8,5341.14,4240.87,79.4,22.84,False,0,1,Filed,False,198,False,29.7,False,59,Award Declared,119,3,Pending,Pending,True,0,False,Not Applicable,TG-LAO-2021-0135,0.3234,702,Administrative Approval
22-018-021-586883,Power Transmission - Korba Stretch 1,Power Transmission,POWERGRID,Chhattisgarh,Korba,Korba West,Uttanahalli,22.33125,82.6817,2021-12-11,2024-05-22,2024-05-22,53.5,147,79,1.477,False,0,Clear,21.74,4652.36,2919.94,2639.63,90.4,37.24,True,5,2,Filed,False,208,True,62.8,False,73,Award Declared,12,1,Obtained,Not Required,True,0,False,Not Applicable,CG-LAO-2024-0820,0.3241,893,Legal Dispute
09-015-024-187536,Power Transmission - Kanpur Nagar Stretch 8,Power Transmission,POWERGRID,Uttar Pradesh,Kanpur Nagar,Kanpur Nagar West,Zamania,26.39282,80.3121,2019-02-27,2021-09-25,2021-09-25,105.4,202,156,1.48,True,1,Clear,30.99,13065.38,10710.34,6179.87,57.7,18.03,True,2,0,None,False,0,False,16.2,False,23,Compensation Disbursement,55,4,Obtained,Not Required,True,0,False,Not Applicable,UP-LAO-2023-0451,0.3669,941,Rehabilitation (R&R)
29-018-013-003927,Industrial Corridor - Mysuru Stretch 6,Industrial Corridor,State Industrial Corp,Karnataka,Mysuru,Mysuru East,Kesarpur,12.27727,76.60812,2019-12-27,2022-06-30,2023-03-29,38.0,103,63,1.658,True,3,Partial,7.42,1127.84,721.9,493.06,68.3,35.99,True,1,2,Stayed by Court,True,1160,True,12.9,False,11,Section 11 Notification Issued,9,0,Applied,Pending,True,272,True,Legal Dispute,KA-LAO-2021-0461,0.621,916,Legal Dispute
22-009-010-139561,Airport Expansion - Durg Stretch 1,Airport Expansion,Airports Authority of India,Chhattisgarh,Durg,Durg South,Mallapuram,21.25266,81.17483,2023-01-03,2024-07-10,2024-12-01,53.4,133,73,1.367,True,1,Clear,25.14,5369.9,3596.08,888.23,24.7,33.03,True,3,3,Under Hearing,False,100,False,25.5,True,28,SIA Completed,107,2,Obtained,Not Required,True,144,True,Compensation Disbursal,CG-LAO-2024-0988,0.572,554,Compensation Disbursal
09-031-023-935005,Irrigation Canal - Varanasi Stretch 6,Irrigation Canal,State Irrigation Dept,Uttar Pradesh,Varanasi,Varanasi West,Yellapur,25.41679,82.92433,2022-06-05,2025-01-27,2025-05-26,28.6,58,40,1.399,True,3,Partial,22.67,2593.45,1196.22,830.18,69.4,53.88,True,7,2,Resolved,False,318,True,37.4,False,19,SIA Completed,22,3,Not Required,Not Required,True,119,True,Compensation Disbursal,UP-LAO-2025-0822,0.4823,967,Compensation Disbursal
29-009-007-703996,Urban Metro - Tumakuru Stretch 1,Urban Metro,Metro Rail Corp,Karnataka,Tumakuru,Tumakuru South,Chandrapalli,13.48863,77.26132,2023-07-26,2026-03-13,2026-10-17,39.4,83,54,1.371,True,2,Partial,10.84,1708.38,1322.18,659.77,49.9,22.61,True,3,2,Stayed by Court,True,692,True,34.8,False,26,R&R Implementation,22,1,Pending,Obtained,True,218,True,Legal Dispute,KA-LAO-2023-0611,0.5539,961,Legal Dispute
36-019-014-555270,Railway Line - Karimnagar Stretch 3,Railway Line,Indian Railways,Telangana,Karimnagar,Karimnagar East,Lakshmipura,18.44354,79.23026,2021-11-03,2023-06-23,2023-09-10,29.8,53,45,1.51,False,0,Clear,21.95,2616.44,1534.46,619.92,40.4,41.35,True,4,1,Stayed by Court,True,115,True,24.3,True,11,SIA Completed,260,0,Pending,Pending,True,79,True,Compensation Disbursal,TG-LAO-2024-0235,0.4948,597,Compensation Disbursal
29-007-022-089286,Airport Expansion - Bengaluru Urban Stretch 3,Airport Expansion,Airports Authority of India,Karnataka,Bengaluru Urban,Bengaluru Urban West,Veerapuram,13.09288,77.56544,2021-08-10,2023-10-10,2024-02-18,15.4,28,20,1.299,True,3,Partial,47.63,1467.0,941.69,148.79,15.8,35.81,True,1,2,Stayed by Court,True,57,True,74.3,True,14,SIA Completed,334,1,Obtained,Applied,True,131,True,Compensation Disbursal,KA-LAO-2024-0628,0.5407,791,Compensation Disbursal
22-014-003-088548,Urban Metro - Bilaspur Stretch 2,Urban Metro,Metro Rail Corp,Chhattisgarh,Bilaspur,Bilaspur North,Ganeshpura,22.03832,81.9942,2021-03-09,2022-06-13,2022-08-28,27.4,54,50,1.825,False,0,Clear,26.64,2919.74,1581.57,808.18,51.1,45.83,True,1,1,Filed,False,320,False,24.7,False,13,Section 11 Notification Issued,130,4,Applied,Not Required,True,76,True,Compensation Disbursal,CG-LAO-2022-0241,0.4844,461,Compensation Disbursal
22-002-014-783176,Urban Metro - Raipur Stretch 6,Urban Metro,Metro Rail Corp,Chhattisgarh,Raipur,Raipur East,Lakshmipura,21.23896,81.50518,2020-10-07,2022-01-05,2022-01-05,159.7,285,237,1.484,True,1,Clear,52.37,16726.98,11784.34,9003.24,76.4,29.55,True,3,1,Under Hearing,False,116,True,15.2,False,42,Section 11 Notification Issued,95,2,Applied,Not Required,True,0,False,Not Applicable,CG-LAO-2022-0755,0.3757,455,Rehabilitation (R&R)
27-001-009-170912,Power Transmission - Mumbai Suburban Stretch 6,Power Transmission,POWERGRID,Maharashtra,Mumbai Suburban,Mumbai Suburban South,Basavanahalli,19.21851,72.91724,2022-08-13,2025-01-22,2025-08-05,120.3,241,158,1.313,True,8,Disputed,80.25,19308.15,13398.35,3470.17,25.9,30.61,True,3,8,Under Hearing,False,172,True,58.0,False,99,Possession Taken,107,0,Not Required,Applied,True,195,True,Ownership / Title,MH-LAO-2022-0603,0.6203,893,Ownership / Title
23-004-004-590038,Railway Line - Bhopal Stretch 4,Railway Line,Indian Railways,Madhya Pradesh,Bhopal,Bhopal North,Bhimnagar,23.19655,77.48627,2021-07-10,2023-09-29,2023-09-29,49.3,95,82,1.663,True,1,Clear,75.85,7478.81,4329.38,3589.06,82.9,42.11,True,2,2,Stayed by Court,True,64,False,27.3,False,24,Possession Taken,93,1,Pending,Obtained,True,0,False,Not Applicable,MP-LAO-2023-0365,0.4201,811,Legal Dispute
33-023-012-541773,National Highway - Coimbatore Stretch 7,National Highway,NHAI,Tamil Nadu,Coimbatore,Coimbatore South,Jaitpur,11.01111,77.05714,2022-04-18,2024-04-23,2024-04-23,71.4,128,119,1.667,False,0,Partial,21.17,6046.15,5876.43,299.7,5.1,2.81,False,0,2,Filed,False,105,True,39.7,True,44,Possession Taken,49,1,Applied,Obtained,True,0,False,Not Applicable,TN-LAO-2024-0163,0.4178,736,Legal Dispute
23-016-022-952940,Railway Line - Indore Stretch 8,Railway Line,Indian Railways,Madhya Pradesh,Indore,Indore West,Veerapuram,22.6365,75.77697,2021-10-23,2023-06-21,2023-09-03,183.5,504,270,1.471,False,0,Clear,92.24,33852.08,17490.11,10301.67,58.9,48.33,True,3,1,Under Hearing,False,103,False,29.8,True,144,Section 11 Notification Issued,5,4,Applied,Obtained,True,74,True,Compensation Disbursal,MP-LAO-2021-0254,0.4884,606,Compensation Disbursal
22-014-021-856754,National Highway - Bilaspur Stretch 8,National Highway,NHAI,Chhattisgarh,Bilaspur,Bilaspur West,Uttanahalli,22.20893,82.08877,2020-04-04,2021-09-29,2021-09-29,25.4,55,36,1.417,False,0,Clear,9.43,958.09,631.22,253.75,40.2,34.12,True,4,0,None,False,0,True,73.2,True,35,R&R Implementation,73,0,Obtained,Not Required,True,0,False,Not Applicable,CG-LAO-2022-0241,0.1887,543,Compensation Disbursal
29-009-015-531038,Irrigation Canal - Tumakuru Stretch 3,Irrigation Canal,State Irrigation Dept,Karnataka,Tumakuru,Tumakuru East,Madhavgarh,13.29987,77.17032,2022-03-20,2024-05-15,2024-05-15,26.5,57,46,1.736,False,0,Clear,26.26,2783.56,2505.74,2079.76,83.0,9.98,True,1,0,None,False,0,True,65.9,True,29,SIA Completed,77,3,Applied,Pending,True,0,False,Not Applicable,KA-LAO-2023-0611,0.2438,787,Administrative Approval
23-016-005-952491,Airport Expansion - Indore Stretch 4,Airport Expansion,Airports Authority of India,Madhya Pradesh,Indore,Indore North,Sultanpur,22.63999,75.80714,2023-01-03,2024-10-30,2024-10-30,40.8,87,54,1.324,False,0,Partial,87.41,7132.66,7091.64,2623.91,37.0,0.58,False,0,0,None,False,0,True,38.5,False,28,R&R Implementation,152,1,Applied,Pending,True,0,False,Not Applicable,MP-LAO-2021-0254,0.2548,666,Administrative Approval
21-019-011-899752,National Highway - Ganjam Stretch 5,National Highway,NHAI,Odisha,Ganjam,Ganjam South,Amrapur,19.32139,84.79399,2023-04-18,2024-09-23,2024-09-23,48.5,86,65,1.34,True,1,Clear,31.19,6050.86,2715.73,2197.03,80.9,55.12,True,2,2,Filed,False,164,True,54.0,False,39,Section 11 Notification Issued,11,1,Not Required,Applied,True,0,False,Not Applicable,OD-LAO-2025-0784,0.4124,524,Compensation Disbursal
36-011-017-938212,Industrial Corridor - Warangal Stretch 6,Industrial Corridor,State Industrial Corp,Telangana,Warangal,Warangal East,Peddapalli,18.13545,79.65997,2023-03-22,2025-02-04,2025-05-21,24.1,57,48,1.992,True,5,Partial,7.68,740.35,569.54,199.91,35.1,23.07,False,0,2,Stayed by Court,True,5,False,34.4,False,19,Compensation Disbursement,139,1,Pending,Pending,True,106,True,Legal Dispute,TG-LAO-2021-0919,0.5614,685,Legal Dispute
29-007-022-003059,Airport Expansion - Bengaluru Urban Stretch 6,Airport Expansion,Airports Authority of India,Karnataka,Bengaluru Urban,Bengaluru Urban West,Veerapuram,13.08236,77.53364,2019-07-17,2021-05-27,2021-09-02,35.5,77,50,1.408,False,0,Clear,88.78,6303.38,3353.93,1485.79,44.3,46.79,True,3,3,Filed,False,199,True,59.5,True,42,Award Declared,54,1,Obtained,Applied,True,98,True,Compensation Disbursal,KA-LAO-2024-0628,0.4769,680,Compensation Disbursal
21-012-018-340012,Industrial Corridor - Cuttack Stretch 4,Industrial Corridor,State Industrial Corp,Odisha,Cuttack,Cuttack East,Raghunathpur,20.51463,85.88975,2022-10-27,2025-01-16,2025-01-16,38.9,88,53,1.362,True,1,Clear,23.34,3631.7,3283.29,1956.84,59.6,9.59,False,0,0,None,False,0,True,28.9,True,23,Compensation Disbursement,146,3,Not Required,Applied,True,0,False,Not Applicable,OD-LAO-2021-0890,0.3014,812,Administrative Approval
33-023-020-307456,Industrial Corridor - Coimbatore Stretch 2,Industrial Corridor,State Industrial Corp,Tamil Nadu,Coimbatore,Coimbatore West,Tarapur,11.21126,76.84167,2023-11-17,2025-10-12,2026-07-26,40.0,76,63,1.575,True,2,Clear,14.69,2350.4,1992.64,366.65,18.4,15.22,False,0,1,Stayed by Court,True,383,False,26.6,False,15,Section 11 Notification Issued,236,3,Pending,Obtained,True,287,True,Administrative Approval,TN-LAO-2024-0163,0.5717,695,Administrative Approval
09-044-020-405265,Industrial Corridor - Prayagraj Stretch 5,Industrial Corridor,State Industrial Corp,Uttar Pradesh,Prayagraj,Prayagraj West,Tarapur,25.4248,81.83351,2019-08-25,2022-03-29,2022-03-29,32.5,71,51,1.569,True,2,Clear,10.19,1324.7,1065.15,542.16,50.9,19.59,True,1,1,Stayed by Court,True,137,True,51.2,False,26,R&R Implementation,33,1,Obtained,Not Required,True,0,False,Not Applicable,UP-LAO-2023-0576,0.3988,947,Legal Dispute
22-014-020-275962,Urban Metro - Bilaspur Stretch 8,Urban Metro,Metro Rail Corp,Chhattisgarh,Bilaspur,Bilaspur West,Tarapur,22.13995,82.25008,2020-06-21,2022-05-01,2022-05-01,32.9,37,38,1.155,False,0,Clear,22.27,2930.73,2810.19,873.97,31.1,4.11,True,1,1,Under Hearing,False,5,True,83.1,True,25,SIA Completed,86,4,Obtained,Applied,True,0,False,Not Applicable,CG-LAO-2022-0241,0.3228,679,Administrative Approval
33-023-024-849398,Power Transmission - Coimbatore Stretch 6,Power Transmission,POWERGRID,Tamil Nadu,Coimbatore,Coimbatore West,Zamania,11.20229,76.86684,2020-01-13,2022-01-30,2022-01-30,72.4,173,96,1.326,True,2,Clear,16.31,4723.38,4164.11,1245.07,29.9,11.84,True,1,0,None,False,0,True,16.1,True,19,R&R Implementation,7,1,Not Required,Not Required,True,0,False,Not Applicable,TN-LAO-2024-0163,0.2998,748,Rehabilitation (R&R)
21-012-022-745758,State Highway - Cuttack Stretch 2,State Highway,State PWD,Odisha,Cuttack,Cuttack West,Veerapuram,20.46886,85.86262,2019-05-11,2021-01-15,2021-01-15,15.4,32,24,1.558,False,0,Clear,14.55,896.28,672.92,370.11,55.0,24.92,True,1,0,None,False,0,True,55.3,True,14,Possession Taken,100,2,Applied,Not Required,True,0,False,Not Applicable,OD-LAO-2021-0890,0.2628,615,Administrative Approval
22-002-003-642583,Power Transmission - Raipur Stretch 5,Power Transmission,POWERGRID,Chhattisgarh,Raipur,Raipur North,Ganeshpura,21.10113,81.47734,2021-01-31,2022-06-12,2023-02-17,39.9,84,56,1.404,True,1,Clear,85.4,6814.92,5421.17,596.33,11.0,20.45,True,6,3,Under Hearing,False,144,True,45.3,True,31,Section 11 Notification Issued,30,2,Applied,Not Required,True,250,True,Legal Dispute,CG-LAO-2022-0755,0.602,497,Legal Dispute
09-015-023-422636,State Highway - Kanpur Nagar Stretch 2,State Highway,State PWD,Uttar Pradesh,Kanpur Nagar,Kanpur Nagar West,Yellapur,26.42516,80.26825,2020-07-29,2023-01-30,2023-11-12,131.3,258,206,1.569,True,1,Partial,26.31,13818.01,11114.16,3189.76,28.7,19.57,True,2,3,Under Hearing,False,240,False,23.0,False,42,R&R Implementation,87,3,Not Required,Pending,True,286,True,Legal Dispute,UP-LAO-2023-0451,0.6962,915,Legal Dispute
22-009-012-513964,Irrigation Canal - Durg Stretch 6,Irrigation Canal,State Irrigation Dept,Chhattisgarh,Durg,Durg South,Jaitpur,21.33826,81.4566,2023-09-27,2026-03-08,2026-03-08,59.9,174,99,1.653,False,0,Clear,14.74,3531.7,2347.93,1775.04,75.6,33.52,True,3,0,None,False,0,True,13.1,False,19,Possession Taken,131,0,Applied,Pending,True,0,False,Not Applicable,CG-LAO-2024-0988,0.3306,893,Rehabilitation (R&R)
09-044-018-641015,Urban Metro - Prayagraj Stretch 4,Urban Metro,Metro Rail Corp,Uttar Pradesh,Prayagraj,Prayagraj East,Raghunathpur,25.66874,81.93446,2021-07-06,2023-01-24,2023-01-24,38.5,82,57,1.481,False,0,Partial,8.02,1235.08,989.51,269.15,27.2,19.88,True,3,1,Filed,False,11,True,45.0,False,30,Section 11 Notification Issued,40,1,Obtained,Not Required,True,0,False,Not Applicable,UP-LAO-2023-0576,0.461,567,Compensation Disbursal
33-014-015-377807,State Highway - Chennai Stretch 1,State Highway,State PWD,Tamil Nadu,Chennai,Chennai East,Madhavgarh,13.14868,80.2611,2021-12-22,2024-03-18,2024-11-14,19.9,26,23,1.156,True,1,Clear,66.51,2647.1,1867.3,218.47,11.7,29.46,True,6,5,Under Hearing,False,44,True,55.8,False,13,Compensation Disbursement,15,1,Applied,Not Required,True,241,True,Legal Dispute,TN-LAO-2021-0562,0.6132,817,Legal Dispute
27-037-010-996219,National Highway - Nashik Stretch 5,National Highway,NHAI,Maharashtra,Nashik,Nashik South,Mallapuram,20.00594,73.85994,2020-09-23,2022-12-21,2022-12-21,27.3,64,45,1.648,True,1,Clear,24.62,2688.5,2294.52,1346.88,58.7,14.65,False,0,0,None,False,0,True,65.5,True,41,Section 11 Notification Issued,148,3,Pending,Not Required,True,0,False,Not Applicable,MH-LAO-2025-0385,0.3168,819,Administrative Approval
09-015-024-684741,Airport Expansion - Kanpur Nagar Stretch 6,Airport Expansion,Airports Authority of India,Uttar Pradesh,Kanpur Nagar,Kanpur Nagar West,Zamania,26.39451,80.32374,2021-09-16,2024-03-31,2024-03-31,75.9,194,110,1.449,False,0,Clear,18.94,5750.18,4847.6,3936.25,81.2,15.7,True,1,0,None,False,0,True,50.2,True,81,SIA Completed,260,3,Not Required,Pending,True,0,False,Not Applicable,UP-LAO-2023-0451,0.3083,927,Administrative Approval
29-009-005-707378,National Highway - Tumakuru Stretch 6,National Highway,NHAI,Karnataka,Tumakuru,Tumakuru North,Sultanpur,13.25163,77.22401,2023-08-22,2025-12-12,2025-12-12,51.3,91,80,1.559,True,3,Clear,30.54,6266.81,4748.05,3651.25,76.9,24.23,True,2,2,Resolved,False,244,True,88.6,True,78,R&R Implementation,130,3,Obtained,Obtained,True,0,False,Not Applicable,KA-LAO-2023-0611,0.326,843,Ownership / Title
22-018-021-350278,Power Transmission - Korba Stretch 8,Power Transmission,POWERGRID,Chhattisgarh,Korba,Korba West,Uttanahalli,22.33075,82.66575,2021-09-13,2022-12-30,2023-05-16,59.7,93,81,1.357,True,2,Partial,27.08,6466.7,4503.53,2260.77,50.2,30.36,True,1,3,Filed,False,195,False,42.8,False,28,R&R Implementation,18,0,Pending,Pending,True,137,True,Compensation Disbursal,CG-LAO-2024-0820,0.55,473,Compensation Disbursal
29-009-001-560843,Airport Expansion - Tumakuru Stretch 4,Airport Expansion,Airports Authority of India,Karnataka,Tumakuru,Tumakuru North,Rampur,13.29521,77.21645,2019-08-12,2022-03-05,2022-03-05,40.4,79,58,1.436,True,1,Clear,21.26,3435.62,1717.29,1590.21,92.6,50.02,True,4,0,None,False,0,False,10.7,False,6,Award Declared,11,3,Pending,Not Required,True,0,False,Not Applicable,KA-LAO-2023-0611,0.2854,936,Rehabilitation (R&R)
36-003-002-677210,Railway Line - Hyderabad Stretch 1,Railway Line,Indian Railways,Telangana,Hyderabad,Hyderabad North,Kothapalli,17.38195,78.63559,2023-11-28,2025-12-08,2025-12-08,71.1,160,106,1.491,True,1,Clear,59.36,8440.99,6951.9,4713.39,67.8,17.64,True,3,1,Under Hearing,False,113,True,33.3,True,51,Section 11 Notification Issued,36,1,Not Required,Not Required,True,0,False,Not Applicable,TG-LAO-2025-0884,0.3399,741,Rehabilitation (R&R)
21-026-018-182337,Irrigation Canal - Sambalpur Stretch 1,Irrigation Canal,State Irrigation Dept,Odisha,Sambalpur,Sambalpur East,Raghunathpur,21.46185,84.00023,2019-03-13,2021-11-09,2022-06-14,55.1,136,91,1.652,True,7,Disputed,27.41,6041.16,5068.35,2934.57,57.9,16.1,True,1,3,Stayed by Court,True,230,True,62.6,False,65,SIA Completed,20,1,Obtained,Obtained,True,217,True,Ownership / Title,OD-LAO-2024-0281,0.627,972,Ownership / Title
21-005-015-892443,Railway Line - Khordha Stretch 1,Railway Line,Indian Railways,Odisha,Khordha,Khordha East,Madhavgarh,20.11491,85.51421,2022-07-21,2024-05-18,2024-08-03,20.4,52,29,1.422,False,0,Clear,29.21,2383.54,834.24,453.83,54.4,65.0,True,3,1,Under Hearing,False,930,True,45.1,False,22,Compensation Disbursement,107,1,Not Required,Pending,True,77,True,Compensation Disbursal,OD-LAO-2022-0873,0.5052,667,Compensation Disbursal
22-018-019-687038,National Highway - Korba Stretch 3,National Highway,NHAI,Chhattisgarh,Korba,Korba West,Shivnagar,22.19767,82.71839,2019-10-20,2022-06-03,2022-07-06,15.3,31,21,1.373,False,0,Clear,22.92,1402.7,1098.13,277.83,25.3,21.71,True,5,1,Under Hearing,False,6,True,46.2,False,10,Award Declared,41,4,Applied,Applied,True,33,True,Compensation Disbursal,CG-LAO-2024-0820,0.4541,957,Compensation Disbursal
22-002-005-605965,Industrial Corridor - Raipur Stretch 1,Industrial Corridor,State Industrial Corp,Chhattisgarh,Raipur,Raipur North,Sultanpur,21.42772,81.59097,2020-11-01,2023-06-29,2024-05-17,40.0,97,59,1.475,True,4,Disputed,47.12,3769.6,3055.24,2218.1,72.6,18.95,True,3,3,Stayed by Court,True,192,False,17.2,False,12,Section 11 Notification Issued,194,4,Not Required,Pending,True,323,True,Administrative Approval,CG-LAO-2022-0755,0.6506,970,Administrative Approval
22-014-017-781394,Urban Metro - Bilaspur Stretch 6,Urban Metro,Metro Rail Corp,Chhattisgarh,Bilaspur,Bilaspur East,Peddapalli,22.04454,82.07627,2022-11-29,2024-09-16,2024-09-16,13.1,19,16,1.221,True,2,Partial,21.54,1128.7,843.43,619.08,73.4,25.27,True,3,3,Resolved,False,606,True,61.9,False,10,Section 11 Notification Issued,4,6,Obtained,Applied,True,0,False,Not Applicable,CG-LAO-2022-0241,0.3726,657,Administrative Approval
27-037-015-156208,Industrial Corridor - Nashik Stretch 2,Industrial Corridor,State Industrial Corp,Maharashtra,Nashik,Nashik East,Madhavgarh,19.96014,73.85764,2019-03-03,2021-01-15,2021-02-11,73.9,127,107,1.448,True,2,Partial,18.55,5483.38,3600.58,3172.11,88.1,34.34,True,2,4,Stayed by Court,True,52,True,47.2,True,52,Possession Taken,121,1,Pending,Applied,True,27,False,Not Applicable,MH-LAO-2025-0385,0.5039,684,Legal Dispute
09-015-021-965587,Urban Metro - Kanpur Nagar Stretch 6,Urban Metro,Metro Rail Corp,Uttar Pradesh,Kanpur Nagar,Kanpur Nagar West,Uttanahalli,26.3301,80.43054,2020-09-22,2022-11-18,2022-11-18,27.1,64,35,1.292,False,0,Clear,27.45,2975.58,2481.84,1575.97,63.5,16.59,True,1,0,None,False,0,True,67.9,True,41,R&R Implementation,105,2,Pending,Not Required,True,0,False,Not Applicable,UP-LAO-2023-0451,0.2202,787,Administrative Approval
22-018-007-427108,Industrial Corridor - Korba Stretch 8,Industrial Corridor,State Industrial Corp,Chhattisgarh,Korba,Korba South,Chandrapalli,22.44654,82.54012,2020-12-24,2023-03-23,2023-08-24,121.4,233,168,1.384,True,5,Disputed,31.77,15427.51,12944.38,7585.41,58.6,16.1,True,1,4,Filed,False,29,True,18.0,False,29,Award Declared,84,3,Not Required,Pending,True,154,True,Ownership / Title,CG-LAO-2024-0820,0.5838,819,Ownership / Title
22-018-014-243421,Urban Metro - Korba Stretch 6,Urban Metro,Metro Rail Corp,Chhattisgarh,Korba,Korba East,Lakshmipura,22.34534,82.68418,2022-03-27,2024-05-14,2024-05-14,37.1,77,52,1.402,True,2,Clear,9.22,1368.25,1296.67,1198.12,92.4,5.23,False,0,0,None,False,0,False,31.3,False,20,Section 11 Notification Issued,94,4,Applied,Obtained,True,0,False,Not Applicable,CG-LAO-2024-0820,0.1583,779,Administrative Approval
23-004-019-012227,State Highway - Bhopal Stretch 7,State Highway,State PWD,Madhya Pradesh,Bhopal,Bhopal West,Shivnagar,23.31368,77.35874,2023-01-07,2025-05-08,2025-05-08,50.7,112,81,1.598,False,0,Clear,72.26,7327.16,5366.0,3208.87,59.8,26.77,True,1,1,Filed,False,640,True,59.6,True,59,R&R Implementation,22,1,Applied,Pending,True,0,False,Not Applicable,MP-LAO-2023-0365,0.3311,852,Administrative Approval
36-011-016-832685,Urban Metro - Warangal Stretch 6,Urban Metro,Metro Rail Corp,Telangana,Warangal,Warangal East,Nandgaon,17.99369,79.68736,2019-11-08,2021-02-16,2021-02-16,24.0,35,32,1.333,True,1,Clear,28.58,2743.68,2087.25,1721.98,82.5,23.93,False,0,0,None,False,0,True,39.2,False,10,SIA Completed,279,3,Applied,Applied,True,0,False,Not Applicable,TG-LAO-2021-0919,0.2269,466,Administrative Approval
22-009-004-262101,Airport Expansion - Durg Stretch 1,Airport Expansion,Airports Authority of India,Chhattisgarh,Durg,Durg North,Bhimnagar,21.37648,81.22682,2021-07-13,2023-06-10,2023-06-10,135.2,183,196,1.45,True,1,Clear,23.11,12497.89,9854.34,8592.98,87.2,21.15,True,1,0,None,False,0,False,19.7,False,26,Compensation Disbursement,9,3,Obtained,Applied,True,0,False,Not Applicable,CG-LAO-2024-0988,0.2564,697,Rehabilitation (R&R)
27-013-010-520668,Power Transmission - Pune Stretch 7,Power Transmission,POWERGRID,Maharashtra,Pune,Pune South,Mallapuram,18.52586,73.92381,2023-10-21,2024-12-20,2025-01-14,15.7,47,37,2.357,True,5,Disputed,42.66,1339.52,1317.73,504.69,38.3,1.63,False,0,4,Filed,False,256,True,55.9,True,23,Possession Taken,118,0,Applied,Not Required,True,25,False,Not Applicable,MH-LAO-2023-0454,0.4703,426,Ownership / Title
29-018-001-407034,Industrial Corridor - Mysuru Stretch 7,Industrial Corridor,State Industrial Corp,Karnataka,Mysuru,Mysuru North,Rampur,12.34555,76.7092,2023-12-25,2026-08-29,2026-08-29,80.9,116,95,1.174,True,2,Clear,11.04,3572.54,3503.77,2235.41,63.8,1.93,False,0,1,Filed,False,447,True,7.9,False,7,Section 11 Notification Issued,166,1,Obtained,Not Required,True,0,False,Not Applicable,KA-LAO-2021-0461,0.3777,978,Rehabilitation (R&R)
27-025-006-340067,National Highway - Nagpur Stretch 8,National Highway,NHAI,Maharashtra,Nagpur,Nagpur North,Devgaon,21.15072,78.99073,2021-07-05,2023-05-17,2023-11-13,15.0,22,17,1.133,True,2,Partial,45.95,1378.5,897.3,801.29,89.3,34.91,True,3,4,Under Hearing,False,207,True,66.1,False,12,Section 11 Notification Issued,341,3,Not Required,Not Required,True,180,True,Legal Dispute,MH-LAO-2025-0718,0.5407,681,Legal Dispute
22-018-005-566774,National Highway - Korba Stretch 3,National Highway,NHAI,Chhattisgarh,Korba,Korba North,Sultanpur,22.37231,82.59333,2023-09-19,2025-04-29,2025-08-01,34.0,96,56,1.647,True,2,Partial,13.84,1882.24,1734.59,1259.31,72.6,7.84,False,0,4,Filed,False,18,True,62.8,False,52,SIA Completed,330,3,Applied,Obtained,True,94,True,Legal Dispute,CG-LAO-2024-0820,0.5109,588,Legal Dispute
23-028-009-350448,State Highway - Jabalpur Stretch 4,State Highway,State PWD,Madhya Pradesh,Jabalpur,Jabalpur South,Basavanahalli,23.17247,79.92432,2021-12-11,2023-11-08,2023-11-08,23.0,42,44,1.913,True,3,Partial,7.66,704.72,681.92,511.44,75.0,3.24,True,3,3,Resolved,False,223,False,35.7,False,14,Section 11 Notification Issued,3,2,Applied,Not Required,True,0,False,Not Applicable,MP-LAO-2022-0917,0.42,697,Ownership / Title
21-005-017-162591,Industrial Corridor - Khordha Stretch 7,Industrial Corridor,State Industrial Corp,Odisha,Khordha,Khordha East,Peddapalli,20.0961,85.78982,2023-01-23,2024-10-18,2024-10-18,4.0,6,6,1.5,False,0,Clear,12.83,205.28,158.96,114.77,72.2,22.56,True,3,0,None,False,0,False,34.1,True,2,Award Declared,120,1,Pending,Applied,True,0,False,Not Applicable,OD-LAO-2022-0873,0.3304,634,Administrative Approval
36-027-012-002012,Irrigation Canal - Nizamabad Stretch 6,Irrigation Canal,State Irrigation Dept,Telangana,Nizamabad,Nizamabad South,Jaitpur,18.63865,78.21897,2020-12-27,2022-11-15,2022-11-15,29.9,68,51,1.706,False,0,Clear,6.83,816.87,709.22,412.06,58.1,13.18,True,2,0,None,False,0,True,33.5,False,20,Section 11 Notification Issued,167,6,Applied,Not Required,True,0,False,Not Applicable,TG-LAO-2021-0135,0.3313,688,Administrative Approval
27-013-023-243010,Urban Metro - Pune Stretch 6,Urban Metro,Metro Rail Corp,Maharashtra,Pune,Pune West,Yellapur,18.43538,73.853,2021-05-06,2023-02-22,2023-12-07,26.4,49,34,1.288,True,2,Partial,66.42,3506.98,2580.84,1396.23,54.1,26.41,True,1,4,Under Hearing,False,143,True,39.7,True,16,SIA Completed,218,4,Applied,Not Required,True,288,True,Legal Dispute,MH-LAO-2023-0454,0.68,657,Legal Dispute
29-022-011-013199,Power Transmission - Belagavi Stretch 1,Power Transmission,POWERGRID,Karnataka,Belagavi,Belagavi South,Amrapur,15.94609,74.29213,2022-08-11,2024-01-03,2024-08-10,46.6,116,73,1.567,True,4,Disputed,27.17,5064.49,3386.88,1249.76,36.9,33.12,True,4,3,Filed,False,415,True,24.4,False,24,Award Declared,235,6,Applied,Not Required,True,220,True,Ownership / Title,KA-LAO-2025-0488,0.6203,510,Ownership / Title
29-009-013-663209,State Highway - Tumakuru Stretch 2,State Highway,State PWD,Karnataka,Tumakuru,Tumakuru East,Kesarpur,13.38804,77.16759,2020-03-14,2021-10-17,2021-10-17,46.0,97,66,1.435,False,0,Clear,6.55,1205.2,820.46,487.35,59.4,31.92,True,2,1,Under Hearing,False,261,True,20.2,True,15,Award Declared,41,1,Obtained,Not Required,True,0,False,Not Applicable,KA-LAO-2023-0611,0.3449,582,Rehabilitation (R&R)
33-031-001-407630,Power Transmission - Madurai Stretch 4,Power Transmission,POWERGRID,Tamil Nadu,Madurai,Madurai North,Rampur,9.84569,78.23708,2020-12-06,2022-03-20,2022-03-20,38.9,69,50,1.285,True,3,Clear,10.13,1576.23,1157.78,48.63,4.2,26.55,False,0,0,None,False,0,True,13.0,True,7,R&R Implementation,26,3,Not Required,Not Required,True,0,False,Not Applicable,TN-LAO-2021-0436,0.4461,469,Compensation Disbursal
33-045-014-160020,State Highway - Tiruchirappalli Stretch 1,State Highway,State PWD,Tamil Nadu,Tiruchirappalli,Tiruchirappalli East,Lakshmipura,10.7703,78.76847,2022-04-06,2023-07-25,2023-09-30,98.0,286,159,1.622,True,5,Disputed,12.49,4896.08,4321.94,2835.19,65.6,11.73,True,1,3,Stayed by Court,True,474,True,18.0,True,46,Award Declared,118,2,Obtained,Not Required,True,67,True,Ownership / Title,TN-LAO-2022-0490,0.5331,475,Ownership / Title
33-045-009-108717,Power Transmission - Tiruchirappalli Stretch 5,Power Transmission,POWERGRID,Tamil Nadu,Tiruchirappalli,Tiruchirappalli South,Basavanahalli,10.79896,78.67482,2023-07-11,2025-10-30,2025-12-09,36.8,65,41,1.114,True,2,Partial,16.39,2412.61,1524.94,794.49,52.1,36.79,True,2,4,Filed,False,419,False,28.2,False,13,Possession Taken,59,1,Applied,Not Required,True,40,True,Legal Dispute,TN-LAO-2022-0490,0.4707,842,Legal Dispute
22-014-009-741647,National Highway - Bilaspur Stretch 2,National Highway,NHAI,Chhattisgarh,Bilaspur,Bilaspur South,Basavanahalli,22.01825,82.02105,2023-07-23,2025-11-16,2025-11-16,21.1,29,32,1.517,True,1,Clear,15.91,1342.8,936.06,819.05,87.5,30.29,True,1,1,Stayed by Court,True,12,True,85.0,True,23,Compensation Disbursement,77,2,Applied,Obtained,True,0,False,Not Applicable,CG-LAO-2022-0241,0.3964,847,Legal Dispute
22-002-017-463019,Industrial Corridor - Raipur Stretch 1,Industrial Corridor,State Industrial Corp,Chhattisgarh,Raipur,Raipur East,Peddapalli,21.22305,81.48554,2020-02-26,2021-07-19,2021-11-18,59.1,123,90,1.523,True,2,Partial,84.67,10007.99,5522.0,2584.3,46.8,44.82,True,2,6,Resolved,False,635,False,39.0,False,45,Compensation Disbursement,124,0,Pending,Not Required,True,122,True,Compensation Disbursal,CG-LAO-2022-0755,0.6009,509,Compensation Disbursal
33-014-011-860752,Airport Expansion - Chennai Stretch 2,Airport Expansion,Airports Authority of India,Tamil Nadu,Chennai,Chennai South,Amrapur,13.13902,80.39012,2023-06-14,2025-02-12,2025-07-08,93.2,199,125,1.341,True,1,Partial,53.02,9882.93,8230.56,4148.2,50.4,16.72,False,0,5,Filed,False,76,True,64.2,False,109,R&R Implementation,62,0,Applied,Not Required,True,146,True,Legal Dispute,TN-LAO-2021-0562,0.5277,609,Legal Dispute
33-023-007-616189,Railway Line - Coimbatore Stretch 4,Railway Line,Indian Railways,Tamil Nadu,Coimbatore,Coimbatore South,Chandrapalli,11.11156,76.96211,2023-08-31,2025-02-25,2025-02-25,19.0,27,27,1.421,False,0,Clear,31.47,2391.72,1708.27,951.51,55.7,28.58,True,1,0,None,False,0,True,69.3,False,16,Compensation Disbursement,79,2,Obtained,Not Required,True,0,False,Not Applicable,TN-LAO-2024-0163,0.3104,544,Compensation Disbursal
09-044-008-240799,State Highway - Prayagraj Stretch 3,State Highway,State PWD,Uttar Pradesh,Prayagraj,Prayagraj South,Narsapur,25.57882,81.73735,2023-08-19,2025-01-09,2025-01-09,11.2,17,15,1.339,True,1,Clear,22.86,1024.13,515.94,310.6,60.2,49.62,True,3,0,None,False,0,True,31.6,True,3,Section 11 Notification Issued,44,2,Obtained,Not Required,True,0,False,Not Applicable,UP-LAO-2023-0576,0.3031,509,Compensation Disbursal
29-022-015-483322,Railway Line - Belagavi Stretch 8,Railway Line,Indian Railways,Karnataka,Belagavi,Belagavi East,Madhavgarh,15.82147,74.48138,2021-10-01,2024-06-14,2024-06-14,39.8,57,61,1.533,True,1,Clear,13.66,2174.67,897.94,805.45,89.7,58.71,True,3,1,Resolved,False,167,False,39.9,True,18,Possession Taken,74,2,Pending,Not Required,True,0,False,Not Applicable,KA-LAO-2025-0488,0.3458,987,Compensation Disbursal
22-009-014-008304,Urban Metro - Durg Stretch 6,Urban Metro,Metro Rail Corp,Chhattisgarh,Durg,Durg East,Lakshmipura,21.24254,81.25501,2022-08-08,2023-11-29,2024-01-23,38.6,102,56,1.451,True,7,Disputed,27.21,4201.22,3447.9,2572.13,74.6,17.93,True,3,2,Under Hearing,False,215,True,48.8,True,41,Award Declared,46,2,Not Required,Obtained,True,55,True,Ownership / Title,CG-LAO-2024-0988,0.4846,478,Ownership / Title
33-023-013-164968,State Highway - Coimbatore Stretch 3,State Highway,State PWD,Tamil Nadu,Coimbatore,Coimbatore East,Kesarpur,11.17491,76.81535,2019-07-10,2021-01-29,2021-01-29,319.7,729,452,1.414,True,2,Clear,6.97,8913.24,8174.97,4316.38,52.8,8.28,True,1,0,None,False,0,True,55.8,True,359,Award Declared,104,5,Not Required,Obtained,True,0,False,Not Applicable,TN-LAO-2024-0163,0.3369,569,Administrative Approval
36-019-016-909493,Airport Expansion - Karimnagar Stretch 3,Airport Expansion,Airports Authority of India,Telangana,Karimnagar,Karimnagar East,Nandgaon,18.25155,79.04577,2019-02-21,2020-11-16,2022-01-06,47.8,71,74,1.548,True,5,Disputed,25.24,4825.89,3081.17,2819.27,91.5,36.15,True,2,6,Under Hearing,False,260,True,40.9,False,23,Award Declared,107,5,Pending,Pending,True,416,True,Ownership / Title,TG-LAO-2024-0235,0.7115,634,Ownership / Title
22-002-010-292044,State Highway - Raipur Stretch 4,State Highway,State PWD,Chhattisgarh,Raipur,Raipur South,Mallapuram,21.21329,81.50659,2023-07-18,2024-09-25,2024-09-25,28.9,62,43,1.488,True,2,Clear,77.81,4497.42,3667.01,443.71,12.1,18.46,True,1,1,Filed,False,141,True,36.8,True,20,Possession Taken,13,1,Not Required,Applied,True,0,False,Not Applicable,CG-LAO-2022-0755,0.4253,435,Compensation Disbursal
09-031-009-999808,Power Transmission - Varanasi Stretch 3,Power Transmission,POWERGRID,Uttar Pradesh,Varanasi,Varanasi South,Basavanahalli,25.4278,82.78118,2021-08-26,2022-12-10,2022-12-28,17.4,39,23,1.322,True,1,Clear,28.38,1975.25,1031.86,580.94,56.3,47.76,True,5,1,Filed,False,51,False,23.3,False,8,Section 11 Notification Issued,413,2,Obtained,Obtained,True,18,False,Not Applicable,UP-LAO-2025-0822,0.4535,471,Compensation Disbursal
09-002-004-284613,Railway Line - Lucknow Stretch 3,Railway Line,Indian Railways,Uttar Pradesh,Lucknow,Lucknow North,Bhimnagar,26.85337,80.79839,2022-03-24,2023-09-14,2023-09-14,14.4,40,25,1.736,True,1,Clear,86.78,2499.26,1789.65,554.79,31.0,28.39,True,3,3,Resolved,False,183,True,57.3,False,21,Compensation Disbursement,243,1,Applied,Not Required,True,0,False,Not Applicable,UP-LAO-2021-0734,0.4538,539,Compensation Disbursal
27-037-013-390322,State Highway - Nashik Stretch 5,State Highway,State PWD,Maharashtra,Nashik,Nashik East,Kesarpur,19.94713,73.80876,2020-02-08,2021-04-27,2021-06-12,46.8,69,73,1.56,True,3,Partial,20.9,3912.48,2760.78,1253.39,45.4,29.44,True,3,2,Under Hearing,False,5,True,60.6,True,38,Award Declared,7,5,Obtained,Obtained,True,46,True,Compensation Disbursal,MH-LAO-2025-0385,0.4978,444,Compensation Disbursal
33-023-012-198673,National Highway - Coimbatore Stretch 1,National Highway,NHAI,Tamil Nadu,Coimbatore,Coimbatore South,Jaitpur,11.00585,77.02782,2023-09-22,2025-08-23,2025-08-23,39.8,50,56,1.407,False,0,Clear,14.67,2335.46,1794.65,1123.45,62.6,23.16,True,2,0,None,False,0,True,86.1,True,42,Award Declared,140,1,Pending,Not Required,True,0,False,Not Applicable,TN-LAO-2024-0163,0.2285,701,Administrative Approval
29-022-018-747654,Railway Line - Belagavi Stretch 7,Railway Line,Indian Railways,Karnataka,Belagavi,Belagavi East,Raghunathpur,15.92609,74.43536,2020-01-22,2021-12-10,2021-12-10,28.6,55,42,1.469,True,3,Clear,24.23,2771.91,2204.54,1719.54,78.0,20.47,True,1,1,Under Hearing,False,398,True,39.1,True,16,Compensation Disbursement,19,2,Not Required,Applied,True,0,False,Not Applicable,KA-LAO-2025-0488,0.419,688,Rehabilitation (R&R)
33-014-012-988183,Irrigation Canal - Chennai Stretch 2,Irrigation Canal,State Irrigation Dept,Tamil Nadu,Chennai,Chennai South,Jaitpur,13.071,80.38273,2023-12-16,2025-07-26,2025-08-20,71.1,181,106,1.491,True,4,Clear,83.95,11937.69,9567.32,2583.18,27.0,19.86,True,1,1,Filed,False,375,False,22.1,True,34,R&R Implementation,116,4,Not Required,Obtained,True,25,False,Not Applicable,TN-LAO-2021-0562,0.4493,588,Rehabilitation (R&R)
09-031-010-551779,Irrigation Canal - Varanasi Stretch 8,Irrigation Canal,State Irrigation Dept,Uttar Pradesh,Varanasi,Varanasi South,Mallapuram,25.40535,82.90948,2019-08-12,2021-09-19,2021-09-19,44.4,90,64,1.441,True,2,Partial,13.51,2399.38,1775.78,488.34,27.5,25.99,True,1,1,Resolved,False,543,True,51.4,False,36,R&R Implementation,114,0,Not Required,Applied,True,0,False,Not Applicable,UP-LAO-2025-0822,0.3432,769,Compensation Disbursal
36-011-021-472394,Airport Expansion - Warangal Stretch 2,Airport Expansion,Airports Authority of India,Telangana,Warangal,Warangal West,Uttanahalli,17.9094,79.67368,2022-01-01,2023-09-05,2024-01-09,36.3,61,56,1.543,True,1,Partial,14.71,2135.89,1508.34,966.85,64.1,29.38,True,1,1,Under Hearing,False,326,False,29.0,False,13,SIA Completed,66,10,Obtained,Applied,True,126,True,Administrative Approval,TG-LAO-2021-0919,0.5097,612,Administrative Approval
23-028-021-892002,National Highway - Jabalpur Stretch 3,National Highway,NHAI,Madhya Pradesh,Jabalpur,Jabalpur West,Uttanahalli,23.2094,80.00643,2022-08-17,2024-06-03,2024-07-08,91.4,167,145,1.586,True,2,Partial,14.38,5257.33,4438.58,1056.38,23.8,15.57,True,1,2,Filed,False,727,True,48.0,False,76,Section 11 Notification Issued,227,1,Obtained,Applied,True,35,True,Compensation Disbursal,MP-LAO-2022-0917,0.4734,656,Compensation Disbursal
23-033-016-644629,State Highway - Gwalior Stretch 3,State Highway,State PWD,Madhya Pradesh,Gwalior,Gwalior East,Nandgaon,26.19367,78.45851,2021-04-18,2023-03-06,2023-06-04,33.8,58,51,1.509,True,1,Partial,21.92,2963.58,2519.15,1624.85,64.5,15.0,False,0,3,Under Hearing,False,96,True,31.8,False,14,Section 11 Notification Issued,184,3,Applied,Not Required,True,90,True,Legal Dispute,MP-LAO-2024-0467,0.4623,687,Legal Dispute
23-004-012-503573,Industrial Corridor - Bhopal Stretch 6,Industrial Corridor,State Industrial Corp,Madhya Pradesh,Bhopal,Bhopal South,Jaitpur,23.28271,77.49196,2021-07-30,2023-02-27,2023-02-27,37.1,77,51,1.375,True,1,Partial,53.6,3977.12,3699.29,2226.97,60.2,6.99,False,0,2,Under Hearing,False,93,True,77.0,True,48,SIA Completed,87,7,Not Required,Obtained,True,0,False,Not Applicable,MP-LAO-2023-0365,0.3619,577,Legal Dispute
36-011-018-687163,National Highway - Warangal Stretch 5,National Highway,NHAI,Telangana,Warangal,Warangal East,Raghunathpur,17.99678,79.51838,2021-04-18,2022-11-08,2022-11-23,60.7,111,79,1.301,True,2,Clear,31.98,7764.74,5300.93,2136.27,40.3,31.73,False,0,4,Resolved,False,298,True,79.1,False,77,Possession Taken,69,1,Pending,Not Required,True,15,False,Not Applicable,TG-LAO-2021-0919,0.4639,569,Compensation Disbursal
29-009-013-979296,National Highway - Tumakuru Stretch 3,National Highway,NHAI,Karnataka,Tumakuru,Tumakuru East,Kesarpur,13.38105,77.14345,2020-02-04,2021-08-21,2021-08-21,82.0,203,114,1.39,True,1,Clear,8.77,2876.56,1948.38,1100.83,56.5,32.27,True,1,0,None,False,0,True,27.9,False,39,Compensation Disbursement,174,4,Obtained,Applied,True,0,False,Not Applicable,KA-LAO-2023-0611,0.3492,564,Administrative Approval
22-002-022-310918,Urban Metro - Raipur Stretch 4,Urban Metro,Metro Rail Corp,Chhattisgarh,Raipur,Raipur West,Veerapuram,21.32672,81.52026,2019-10-14,2021-10-16,2021-12-23,28.5,39,41,1.439,True,4,Partial,47.35,2698.95,1596.89,977.3,61.2,40.83,True,5,2,Stayed by Court,True,663,True,27.6,True,7,Compensation Disbursement,54,2,Not Required,Not Required,True,68,True,Legal Dispute,CG-LAO-2022-0755,0.499,733,Legal Dispute
23-016-021-366099,Airport Expansion - Indore Stretch 3,Airport Expansion,Airports Authority of India,Madhya Pradesh,Indore,Indore West,Uttanahalli,22.62547,75.83834,2019-06-19,2022-03-08,2022-03-08,81.3,159,102,1.255,False,0,Clear,78.14,12705.56,11779.75,6961.83,59.1,7.29,False,0,0,None,False,0,False,9.7,False,14,Possession Taken,71,1,Not Required,Pending,True,0,False,Not Applicable,MP-LAO-2021-0254,0.2514,993,Rehabilitation (R&R)
33-023-020-563851,Power Transmission - Coimbatore Stretch 6,Power Transmission,POWERGRID,Tamil Nadu,Coimbatore,Coimbatore West,Tarapur,11.21783,76.82935,2022-08-12,2024-05-05,2024-05-05,54.8,76,84,1.533,False,0,Clear,11.63,2549.3,2291.53,1860.72,81.2,10.11,True,1,1,Under Hearing,False,142,True,32.2,True,19,Award Declared,183,2,Obtained,Not Required,True,0,False,Not Applicable,TN-LAO-2024-0163,0.2932,632,Rehabilitation (R&R)
27-037-006-607466,State Highway - Nashik Stretch 8,State Highway,State PWD,Maharashtra,Nashik,Nashik North,Devgaon,19.95199,73.73407,2022-03-01,2024-11-05,2025-03-21,28.4,50,43,1.514,True,3,Partial,22.49,2554.86,1351.96,643.53,47.6,47.08,True,1,0,None,False,0,True,44.0,False,17,SIA Completed,294,5,Pending,Not Required,True,136,True,Administrative Approval,MH-LAO-2025-0385,0.5585,980,Administrative Approval
23-028-018-084890,Railway Line - Jabalpur Stretch 7,Railway Line,Indian Railways,Madhya Pradesh,Jabalpur,Jabalpur East,Raghunathpur,23.16765,79.9839,2021-08-12,2023-06-04,2023-10-27,95.3,191,125,1.312,True,1,Clear,13.13,5005.16,3480.02,1343.29,38.6,30.47,True,3,1,Under Hearing,False,87,True,29.6,True,45,Compensation Disbursement,19,2,Pending,Pending,True,145,True,Compensation Disbursal,MP-LAO-2022-0917,0.5229,661,Compensation Disbursal
29-022-006-882933,State Highway - Belagavi Stretch 8,State Highway,State PWD,Karnataka,Belagavi,Belagavi North,Devgaon,15.74694,74.55163,2023-06-04,2024-08-10,2024-09-09,55.0,109,96,1.745,True,1,Clear,23.6,5192.0,2109.64,1556.91,73.8,59.37,True,5,2,Resolved,False,326,True,28.5,True,29,Award Declared,302,2,Obtained,Not Required,True,30,False,Not Applicable,KA-LAO-2025-0488,0.5068,433,Compensation Disbursal
36-003-024-033546,Industrial Corridor - Hyderabad Stretch 7,Industrial Corridor,State Industrial Corp,Telangana,Hyderabad,Hyderabad West,Zamania,17.56792,78.26851,2020-12-13,2022-07-23,2023-08-19,65.5,166,93,1.42,True,9,Disputed,62.11,8136.41,5599.72,862.36,15.4,31.18,False,0,6,Filed,False,197,False,3.4,False,5,Possession Taken,74,3,Not Required,Not Required,True,392,True,Ownership / Title,TG-LAO-2025-0884,0.6985,587,Ownership / Title
23-004-005-460454,Airport Expansion - Bhopal Stretch 3,Airport Expansion,Airports Authority of India,Madhya Pradesh,Bhopal,Bhopal North,Sultanpur,23.17655,77.44274,2022-08-03,2023-12-10,2024-09-21,53.2,131,80,1.504,True,2,Partial,79.45,8453.48,4105.13,1543.53,37.6,51.44,True,1,4,Stayed by Court,True,61,True,4.9,False,6,R&R Implementation,131,1,Applied,Obtained,True,286,True,Legal Dispute,MP-LAO-2023-0365,0.6628,494,Legal Dispute
27-001-004-922750,Railway Line - Mumbai Suburban Stretch 8,Railway Line,Indian Railways,Maharashtra,Mumbai Suburban,Mumbai Suburban North,Bhimnagar,19.11409,72.76712,2021-02-11,2023-09-22,2023-09-22,94.5,231,149,1.577,True,1,Clear,76.51,14460.39,11278.36,5605.34,49.7,22.01,True,3,0,None,False,0,True,41.0,False,79,SIA Completed,240,3,Obtained,Not Required,True,0,False,Not Applicable,MH-LAO-2022-0603,0.2469,953,Rehabilitation (R&R)
22-009-020-067439,Irrigation Canal - Durg Stretch 7,Irrigation Canal,State Irrigation Dept,Chhattisgarh,Durg,Durg West,Tarapur,21.13766,81.51521,2023-02-26,2024-09-17,2024-09-30,173.4,284,257,1.482,True,1,Clear,6.36,4411.3,3675.09,1466.36,39.9,16.69,True,2,3,Under Hearing,False,70,True,82.6,False,226,R&R Implementation,323,3,Not Required,Not Required,True,13,False,Not Applicable,CG-LAO-2024-0988,0.4584,569,Legal Dispute
22-018-001-716122,State Highway - Korba Stretch 6,State Highway,State PWD,Chhattisgarh,Korba,Korba North,Rampur,22.38746,82.59466,2022-06-25,2024-10-06,2024-10-06,26.0,63,38,1.462,False,0,Clear,21.04,2188.16,1346.37,1170.0,86.9,38.47,True,3,0,None,False,0,False,41.1,False,25,Compensation Disbursement,124,0,Obtained,Obtained,True,0,False,Not Applicable,CG-LAO-2024-0820,0.1876,834,Rehabilitation (R&R)
36-003-023-854605,National Highway - Hyderabad Stretch 8,National Highway,NHAI,Telangana,Hyderabad,Hyderabad West,Yellapur,17.45849,78.42952,2020-11-04,2023-07-06,2023-07-06,16.7,18,18,1.078,True,1,Clear,64.99,2170.67,928.98,284.27,30.6,57.2,True,5,0,None,False,0,True,78.2,True,13,Award Declared,191,0,Obtained,Not Required,True,0,False,Not Applicable,TG-LAO-2025-0884,0.3236,974,Compensation Disbursal
22-018-002-476787,Power Transmission - Korba Stretch 2,Power Transmission,POWERGRID,Chhattisgarh,Korba,Korba North,Kothapalli,22.2863,82.52099,2021-10-22,2024-05-15,2024-05-15,37.1,51,49,1.321,True,4,Partial,14.93,2215.61,1769.73,854.78,48.3,20.12,True,2,2,Stayed by Court,True,184,True,89.6,True,38,Possession Taken,33,2,Not Required,Obtained,True,0,False,Not Applicable,CG-LAO-2024-0820,0.426,936,Legal Dispute
36-019-008-500438,Irrigation Canal - Karimnagar Stretch 6,Irrigation Canal,State Irrigation Dept,Telangana,Karimnagar,Karimnagar South,Narsapur,18.36867,79.11213,2022-04-20,2023-08-09,2023-10-31,59.9,193,115,1.92,True,2,Partial,30.51,7310.2,5453.66,1739.72,31.9,25.4,True,3,3,Stayed by Court,True,160,True,16.5,False,29,R&R Implementation,46,5,Obtained,Obtained,True,83,True,Legal Dispute,TG-LAO-2024-0235,0.538,476,Legal Dispute
36-019-011-175224,Power Transmission - Karimnagar Stretch 6,Power Transmission,POWERGRID,Telangana,Karimnagar,Karimnagar South,Amrapur,18.57351,79.11167,2020-02-18,2022-08-11,2022-08-11,58.5,177,96,1.641,True,2,Clear,23.79,5566.86,4769.56,2117.68,44.4,14.32,True,1,1,Filed,False,295,False,33.2,False,52,Possession Taken,94,0,Obtained,Obtained,True,0,False,Not Applicable,TG-LAO-2024-0235,0.2733,905,Rehabilitation (R&R)
21-012-011-176514,State Highway - Cuttack Stretch 3,State Highway,State PWD,Odisha,Cuttack,Cuttack South,Amrapur,20.36328,85.86542,2021-03-03,2022-05-13,2022-05-25,32.6,64,54,1.656,False,0,Partial,9.06,1181.42,921.12,565.57,61.4,22.03,True,1,0,None,False,0,True,42.8,True,19,Section 11 Notification Issued,208,2,Pending,Not Required,True,12,False,Not Applicable,OD-LAO-2021-0890,0.3591,436,Administrative Approval
09-015-003-087671,Airport Expansion - Kanpur Nagar Stretch 8,Airport Expansion,Airports Authority of India,Uttar Pradesh,Kanpur Nagar,Kanpur Nagar North,Ganeshpura,26.47156,80.30912,2022-01-09,2023-06-19,2024-04-26,99.0,160,149,1.505,True,4,Partial,16.68,6605.28,5399.27,1668.37,30.9,18.26,False,0,6,Under Hearing,False,247,True,82.3,True,111,Compensation Disbursement,51,1,Not Required,Obtained,True,312,True,Legal Dispute,UP-LAO-2023-0451,0.6696,526,Legal Dispute
27-037-018-096087,Power Transmission - Nashik Stretch 4,Power Transmission,POWERGRID,Maharashtra,Nashik,Nashik East,Raghunathpur,20.04528,73.63263,2021-08-13,2023-10-30,2023-10-30,36.0,57,59,1.639,True,3,Disputed,30.6,4406.4,3858.29,3163.8,82.0,12.44,False,0,3,Filed,False,39,True,62.4,True,33,Possession Taken,14,2,Pending,Obtained,True,0,False,Not Applicable,MH-LAO-2025-0385,0.4501,808,Ownership / Title
23-028-014-466935,Railway Line - Jabalpur Stretch 7,Railway Line,Indian Railways,Madhya Pradesh,Jabalpur,Jabalpur East,Lakshmipura,23.10371,80.00244,2019-11-08,2021-12-13,2021-12-13,88.3,136,142,1.608,True,2,Clear,14.26,5036.63,4330.66,1052.35,24.3,14.02,True,1,0,None,False,0,True,35.6,True,42,Award Declared,37,3,Not Required,Obtained,True,0,False,Not Applicable,MP-LAO-2022-0917,0.395,766,Compensation Disbursal
22-009-011-853396,Power Transmission - Durg Stretch 5,Power Transmission,POWERGRID,Chhattisgarh,Durg,Durg South,Amrapur,21.18413,81.46358,2020-10-07,2023-04-03,2023-05-12,22.9,56,35,1.528,False,0,Clear,7.46,683.34,632.03,50.56,8.0,7.51,False,0,1,Filed,False,361,True,45.0,True,19,SIA Completed,69,3,Obtained,Not Required,True,39,True,Compensation Disbursal,CG-LAO-2024-0988,0.4881,908,Compensation Disbursal
21-019-002-291996,Power Transmission - Ganjam Stretch 3,Power Transmission,POWERGRID,Odisha,Ganjam,Ganjam North,Kothapalli,19.52781,84.77565,2019-03-10,2021-03-23,2021-03-23,17.1,31,26,1.52,False,0,Clear,15.08,1031.47,812.98,538.19,66.2,21.18,False,0,0,None,False,0,True,75.7,True,21,Possession Taken,75,1,Not Required,Not Required,True,0,False,Not Applicable,OD-LAO-2025-0784,0.1717,744,Compensation Disbursal
22-002-023-768360,National Highway - Raipur Stretch 7,National Highway,NHAI,Chhattisgarh,Raipur,Raipur West,Yellapur,21.24078,81.48202,2020-04-11,2022-02-13,2022-07-01,38.0,114,64,1.684,False,0,Clear,41.45,3150.2,1380.01,80.04,5.8,56.19,True,5,2,Stayed by Court,True,932,False,32.0,False,26,Possession Taken,29,0,Not Required,Applied,True,138,True,Compensation Disbursal,CG-LAO-2022-0755,0.5392,673,Compensation Disbursal
22-018-001-023764,Industrial Corridor - Korba Stretch 5,Industrial Corridor,State Industrial Corp,Chhattisgarh,Korba,Korba North,Rampur,22.40101,82.57537,2021-03-15,2022-06-20,2022-06-20,28.2,52,44,1.56,False,0,Clear,11.0,1240.8,1029.88,600.42,58.3,17.0,True,2,2,Filed,False,14,False,10.4,False,4,Compensation Disbursement,25,3,Obtained,Not Required,True,0,False,Not Applicable,CG-LAO-2024-0820,0.3573,462,Rehabilitation (R&R)
29-022-004-891765,Railway Line - Belagavi Stretch 3,Railway Line,Indian Railways,Karnataka,Belagavi,Belagavi North,Bhimnagar,15.89062,74.61192,2023-02-16,2025-04-08,2025-04-08,7.9,24,14,1.772,True,3,Disputed,26.53,838.35,713.46,294.66,41.3,14.9,False,0,1,Filed,False,23,True,52.1,False,10,Section 11 Notification Issued,62,2,Obtained,Obtained,True,0,False,Not Applicable,KA-LAO-2025-0488,0.3929,782,Ownership / Title
21-012-021-517164,National Highway - Cuttack Stretch 1,National Highway,NHAI,Odisha,Cuttack,Cuttack West,Uttanahalli,20.52501,85.86593,2020-01-22,2022-07-25,2023-03-07,124.2,269,168,1.353,True,1,Partial,11.65,5787.72,2445.12,826.45,33.8,57.75,True,5,2,Under Hearing,False,68,True,18.6,True,41,Section 11 Notification Issued,49,1,Applied,Not Required,True,225,True,Compensation Disbursal,OD-LAO-2021-0890,0.5746,915,Compensation Disbursal
33-045-005-983657,Urban Metro - Tiruchirappalli Stretch 2,Urban Metro,Metro Rail Corp,Tamil Nadu,Tiruchirappalli,Tiruchirappalli North,Sultanpur,10.69278,78.84288,2022-02-26,2023-08-04,2023-08-04,49.2,118,78,1.585,True,2,Partial,28.71,5650.13,4083.74,3140.4,76.9,27.72,True,1,2,Stayed by Court,True,508,True,34.0,False,39,Award Declared,30,0,Not Required,Not Required,True,0,False,Not Applicable,TN-LAO-2022-0490,0.3486,524,Legal Dispute
09-015-009-345447,Power Transmission - Kanpur Nagar Stretch 6,Power Transmission,POWERGRID,Uttar Pradesh,Kanpur Nagar,Kanpur Nagar South,Basavanahalli,26.40084,80.33541,2022-05-28,2023-10-31,2024-11-29,4.2,18,10,2.381,True,4,Partial,9.41,158.09,107.26,11.48,10.7,32.15,True,3,5,Resolved,False,447,True,44.1,True,6,SIA Completed,172,1,Applied,Applied,True,395,True,Compensation Disbursal,UP-LAO-2023-0451,0.7138,521,Compensation Disbursal
33-023-021-091857,Airport Expansion - Coimbatore Stretch 8,Airport Expansion,Airports Authority of India,Tamil Nadu,Coimbatore,Coimbatore West,Uttanahalli,11.17212,77.05838,2019-09-12,2021-09-06,2021-09-06,4.0,7,8,2.0,True,1,Clear,11.95,191.2,183.67,88.71,48.3,3.94,False,0,0,None,False,0,True,44.6,True,2,Possession Taken,94,0,Obtained,Applied,True,0,False,Not Applicable,TN-LAO-2024-0163,0.278,725,Rehabilitation (R&R)
27-001-009-050185,Irrigation Canal - Mumbai Suburban Stretch 8,Irrigation Canal,State Irrigation Dept,Maharashtra,Mumbai Suburban,Mumbai Suburban South,Basavanahalli,19.22294,72.89731,2021-02-06,2023-08-19,2023-08-21,14.5,46,25,1.724,True,1,Clear,72.04,2089.16,1902.3,1341.12,70.5,8.94,True,1,1,Stayed by Court,True,29,False,6.3,False,2,R&R Implementation,18,2,Pending,Not Required,True,2,False,Not Applicable,MH-LAO-2022-0603,0.4753,924,Rehabilitation (R&R)
21-005-012-977271,Irrigation Canal - Khordha Stretch 7,Irrigation Canal,State Irrigation Dept,Odisha,Khordha,Khordha South,Jaitpur,20.28123,85.48255,2020-03-06,2022-08-31,2022-08-31,40.7,102,59,1.45,False,0,Clear,7.05,1147.74,1013.22,522.82,51.6,11.72,True,1,1,Stayed by Court,True,272,True,61.5,True,51,Compensation Disbursement,43,4,Obtained,Not Required,True,0,False,Not Applicable,OD-LAO-2022-0873,0.3823,908,Legal Dispute
23-004-017-758244,National Highway - Bhopal Stretch 3,National Highway,NHAI,Madhya Pradesh,Bhopal,Bhopal East,Peddapalli,23.33138,77.2698,2023-06-21,2026-01-22,2026-01-22,17.6,31,23,1.307,True,1,Clear,61.57,2167.26,1872.71,707.88,37.8,13.59,True,1,0,None,False,0,True,50.8,False,11,Award Declared,100,1,Applied,Not Required,True,0,False,Not Applicable,MP-LAO-2023-0365,0.3378,946,Compensation Disbursal
21-012-012-264754,National Highway - Cuttack Stretch 5,National Highway,NHAI,Odisha,Cuttack,Cuttack South,Jaitpur,20.48372,85.99786,2019-12-31,2022-07-23,2022-07-23,163.1,220,234,1.435,False,0,Clear,20.31,13250.24,8403.17,6798.16,80.9,36.58,True,3,2,Stayed by Court,True,194,False,32.5,False,65,Award Declared,105,2,Applied,Not Required,True,0,False,Not Applicable,OD-LAO-2021-0890,0.4462,935,Legal Dispute
29-009-002-673400,Irrigation Canal - Tumakuru Stretch 6,Irrigation Canal,State Irrigation Dept,Karnataka,Tumakuru,Tumakuru North,Kothapalli,13.35992,77.04527,2022-10-17,2024-11-01,2025-06-23,48.7,94,63,1.294,True,4,Disputed,23.02,4484.3,2633.2,1200.74,45.6,41.28,True,3,7,Filed,False,130,True,51.3,True,43,Compensation Disbursement,115,0,Not Required,Applied,True,234,True,Ownership / Title,KA-LAO-2023-0611,0.6346,746,Ownership / Title
36-011-020-606190,Railway Line - Warangal Stretch 2,Railway Line,Indian Railways,Telangana,Warangal,Warangal West,Tarapur,18.12959,79.56479,2023-05-31,2024-11-27,2024-11-27,37.5,102,57,1.52,False,0,Clear,21.18,3177.0,2330.36,347.22,14.9,26.65,True,1,1,Filed,False,170,False,30.6,False,25,SIA Completed,3,2,Not Required,Not Required,True,0,False,Not Applicable,TG-LAO-2021-0919,0.436,546,Compensation Disbursal
36-011-001-148953,Industrial Corridor - Warangal Stretch 4,Industrial Corridor,State Industrial Corp,Telangana,Warangal,Warangal North,Rampur,18.02068,79.69674,2020-04-03,2021-08-24,2021-09-28,44.2,103,66,1.493,True,1,Clear,29.68,5247.42,3772.22,2817.85,74.7,28.11,True,2,2,Under Hearing,False,112,False,23.9,False,23,Award Declared,35,0,Applied,Applied,True,35,True,Legal Dispute,TG-LAO-2021-0919,0.5095,508,Legal Dispute
36-003-009-708559,Railway Line - Hyderabad Stretch 5,Railway Line,Indian Railways,Telangana,Hyderabad,Hyderabad South,Basavanahalli,17.40685,78.6436,2023-09-06,2026-05-14,2026-07-28,221.7,509,344,1.552,True,3,Partial,60.35,26759.19,21602.23,16720.13,77.4,19.27,False,0,5,Stayed by Court,True,146,False,36.1,False,156,Section 11 Notification Issued,30,2,Not Required,Applied,True,75,True,Legal Dispute,TG-LAO-2025-0884,0.4604,981,Legal Dispute
23-004-018-841296,Power Transmission - Bhopal Stretch 4,Power Transmission,POWERGRID,Madhya Pradesh,Bhopal,Bhopal East,Raghunathpur,23.15101,77.43238,2023-10-23,2026-04-27,2026-04-27,111.5,214,158,1.417,True,2,Clear,44.42,9905.66,6027.08,3519.81,58.4,39.16,True,3,1,Filed,False,505,False,20.4,True,42,SIA Completed,153,2,Pending,Applied,True,0,False,Not Applicable,MP-LAO-2023-0365,0.3718,917,Rehabilitation (R&R)
27-037-019-721758,State Highway - Nashik Stretch 2,State Highway,State PWD,Maharashtra,Nashik,Nashik West,Shivnagar,20.02364,73.79969,2020-04-17,2021-09-15,2021-09-15,24.3,69,37,1.523,True,1,Clear,16.24,1578.53,874.86,359.57,41.1,44.58,True,4,2,Under Hearing,False,604,False,27.5,True,17,SIA Completed,76,2,Not Required,Obtained,True,0,False,Not Applicable,MH-LAO-2025-0385,0.4818,516,Compensation Disbursal
36-011-020-139805,Airport Expansion - Warangal Stretch 3,Airport Expansion,Airports Authority of India,Telangana,Warangal,Warangal West,Tarapur,18.133,79.54759,2021-09-10,2023-08-14,2024-12-31,5.6,11,9,1.607,True,3,Disputed,28.64,641.54,521.28,47.96,9.2,18.75,True,2,6,Stayed by Court,True,176,False,21.9,False,2,Section 11 Notification Issued,60,3,Applied,Obtained,True,505,True,Legal Dispute,TG-LAO-2021-0919,0.7705,703,Legal Dispute
29-007-013-109732,Urban Metro - Bengaluru Urban Stretch 1,Urban Metro,Metro Rail Corp,Karnataka,Bengaluru Urban,Bengaluru Urban East,Kesarpur,13.00887,77.64233,2023-08-23,2025-12-19,2026-02-16,39.7,87,59,1.486,True,1,Clear,93.17,7397.7,6227.91,2142.4,34.4,15.81,True,3,2,Under Hearing,False,265,False,11.5,False,7,Award Declared,251,2,Not Required,Not Required,True,59,True,Rehabilitation (R&R),KA-LAO-2024-0628,0.4561,849,Rehabilitation (R&R)
21-005-009-621265,Railway Line - Khordha Stretch 5,Railway Line,Indian Railways,Odisha,Khordha,Khordha South,Basavanahalli,20.07445,85.75711,2022-11-15,2024-07-18,2024-07-18,54.2,168,93,1.716,False,0,Clear,13.03,2824.9,2107.67,1058.05,50.2,25.39,True,3,0,None,False,0,True,35.4,True,44,Section 11 Notification Issued,119,2,Applied,Not Required,True,0,False,Not Applicable,OD-LAO-2022-0873,0.3619,611,Compensation Disbursal
29-009-010-380524,Irrigation Canal - Tumakuru Stretch 5,Irrigation Canal,State Irrigation Dept,Karnataka,Tumakuru,Tumakuru South,Mallapuram,13.43121,77.12426,2021-08-04,2023-07-24,2023-09-29,17.0,36,33,1.941,True,2,Disputed,22.26,1513.68,1355.76,673.81,49.7,10.43,True,1,3,Under Hearing,False,86,True,65.6,True,23,Award Declared,210,2,Applied,Obtained,True,67,True,Legal Dispute,KA-LAO-2023-0611,0.5399,719,Legal Dispute
27-001-013-521331,Airport Expansion - Mumbai Suburban Stretch 7,Airport Expansion,Airports Authority of India,Maharashtra,Mumbai Suburban,Mumbai Suburban East,Kesarpur,19.27765,72.94935,2023-10-25,2026-02-19,2026-11-13,26.7,32,30,1.124,True,5,Disputed,72.53,3873.1,3681.16,1730.15,47.0,4.96,False,0,4,Filed,False,164,True,28.4,False,8,Compensation Disbursement,53,3,Obtained,Obtained,True,267,True,Ownership / Title,MH-LAO-2022-0603,0.6067,848,Ownership / Title
22-014-006-813946,Urban Metro - Bilaspur Stretch 8,Urban Metro,Metro Rail Corp,Chhattisgarh,Bilaspur,Bilaspur North,Devgaon,22.10351,82.17319,2020-08-14,2021-10-27,2022-03-02,35.3,97,58,1.643,True,6,Disputed,8.42,1188.9,898.1,203.87,22.7,24.46,False,0,4,Under Hearing,False,175,True,85.9,True,63,Compensation Disbursement,38,2,Obtained,Not Required,True,126,True,Ownership / Title,CG-LAO-2022-0241,0.5926,439,Ownership / Title
33-045-012-872493,Industrial Corridor - Tiruchirappalli Stretch 8,Industrial Corridor,State Industrial Corp,Tamil Nadu,Tiruchirappalli,Tiruchirappalli South,Jaitpur,10.83367,78.73267,2020-04-21,2023-01-05,2023-01-05,89.3,126,116,1.299,True,3,Clear,23.09,8247.75,4670.71,2895.84,62.0,43.37,True,2,1,Filed,False,85,True,38.6,True,37,Possession Taken,73,1,Not Required,Obtained,True,0,False,Not Applicable,TN-LAO-2022-0490,0.4735,989,Compensation Disbursal
22-002-001-831933,Railway Line - Raipur Stretch 6,Railway Line,Indian Railways,Chhattisgarh,Raipur,Raipur North,Rampur,21.31608,81.66569,2023-10-22,2026-07-01,2026-11-03,40.3,94,78,1.935,True,3,Disputed,94.07,7582.04,5363.08,4633.7,86.4,29.27,True,1,4,Resolved,False,58,True,38.5,True,28,Section 11 Notification Issued,57,0,Not Required,Obtained,True,125,True,Ownership / Title,CG-LAO-2022-0755,0.5065,983,Ownership / Title
27-001-021-201524,Power Transmission - Mumbai Suburban Stretch 4,Power Transmission,POWERGRID,Maharashtra,Mumbai Suburban,Mumbai Suburban West,Uttanahalli,19.08239,72.87531,2019-06-21,2021-05-23,2021-12-23,66.1,110,96,1.452,False,0,Clear,57.17,7557.87,4028.33,1671.76,41.5,46.7,True,9,2,Under Hearing,False,142,True,35.8,True,27,Award Declared,41,3,Obtained,Applied,True,214,True,Compensation Disbursal,MH-LAO-2022-0603,0.5569,702,Compensation Disbursal
29-007-015-623697,Power Transmission - Bengaluru Urban Stretch 5,Power Transmission,POWERGRID,Karnataka,Bengaluru Urban,Bengaluru Urban East,Madhavgarh,13.15784,77.43169,2020-06-09,2022-06-06,2022-06-06,33.7,62,47,1.395,True,1,Clear,80.5,5425.7,4759.29,2155.96,45.3,12.28,True,1,1,Under Hearing,False,284,True,70.6,True,35,Section 11 Notification Issued,115,1,Obtained,Applied,True,0,False,Not Applicable,KA-LAO-2024-0628,0.4041,727,Legal Dispute
27-001-013-406899,Power Transmission - Mumbai Suburban Stretch 2,Power Transmission,POWERGRID,Maharashtra,Mumbai Suburban,Mumbai Suburban East,Kesarpur,19.28892,72.92228,2021-11-18,2024-01-08,2024-08-02,52.3,111,74,1.415,True,1,Clear,79.04,8267.58,3924.09,486.59,12.4,52.54,True,3,5,Stayed by Court,True,273,False,17.1,False,14,Section 11 Notification Issued,187,2,Not Required,Obtained,True,207,True,Legal Dispute,MH-LAO-2022-0603,0.6359,781,Legal Dispute
27-013-008-442347,National Highway - Pune Stretch 5,National Highway,NHAI,Maharashtra,Pune,Pune South,Narsapur,18.4586,73.7594,2019-04-20,2021-01-02,2021-09-01,28.5,62,36,1.263,True,3,Partial,57.5,3277.5,2788.18,1868.08,67.0,14.93,True,2,4,Under Hearing,False,72,True,34.6,True,15,SIA Completed,64,2,Obtained,Applied,True,242,True,Legal Dispute,MH-LAO-2023-0454,0.5647,623,Legal Dispute
27-025-010-633548,Irrigation Canal - Nagpur Stretch 7,Irrigation Canal,State Irrigation Dept,Maharashtra,Nagpur,Nagpur South,Mallapuram,21.14222,79.12967,2022-07-16,2024-12-22,2025-10-29,153.9,273,224,1.455,True,1,Partial,58.73,18077.09,9923.14,4574.57,46.1,45.11,True,7,3,Under Hearing,False,17,True,12.6,False,31,Compensation Disbursement,67,0,Pending,Obtained,True,311,True,Legal Dispute,MH-LAO-2025-0718,0.6516,890,Legal Dispute
27-025-014-520805,Urban Metro - Nagpur Stretch 7,Urban Metro,Metro Rail Corp,Maharashtra,Nagpur,Nagpur East,Lakshmipura,21.25519,78.96767,2022-05-30,2024-10-13,2024-10-13,231.3,550,330,1.427,True,2,Clear,75.71,35023.45,28104.3,18773.67,66.8,19.76,True,3,0,None,False,0,True,52.9,True,278,Section 11 Notification Issued,36,3,Applied,Not Required,True,0,False,Not Applicable,MH-LAO-2025-0718,0.2875,867,Administrative Approval
36-019-012-035966,National Highway - Karimnagar Stretch 2,National Highway,NHAI,Telangana,Karimnagar,Karimnagar South,Jaitpur,18.3767,79.22413,2022-08-30,2024-04-21,2025-03-07,65.5,107,100,1.527,True,1,Partial,25.99,6809.38,2649.22,543.09,20.5,61.09,True,2,5,Filed,False,5,True,52.0,True,53,Award Declared,26,4,Applied,Applied,True,320,True,Compensation Disbursal,TG-LAO-2024-0235,0.7226,600,Compensation Disbursal
27-037-018-505922,Urban Metro - Nashik Stretch 7,Urban Metro,Metro Rail Corp,Maharashtra,Nashik,Nashik East,Raghunathpur,20.06323,73.65516,2023-03-24,2024-09-06,2024-09-06,43.4,51,52,1.198,True,1,Clear,24.52,4256.67,2972.55,1768.67,59.5,30.17,True,1,1,Filed,False,204,True,24.1,False,8,Section 11 Notification Issued,186,1,Pending,Pending,True,0,False,Not Applicable,MH-LAO-2025-0385,0.3241,532,Rehabilitation (R&R)
36-011-005-032698,Industrial Corridor - Warangal Stretch 3,Industrial Corridor,State Industrial Corp,Telangana,Warangal,Warangal North,Sultanpur,17.96257,79.40325,2019-08-10,2021-05-23,2022-07-02,120.1,245,170,1.415,True,10,Disputed,12.75,6125.1,5747.95,1557.69,27.1,6.16,False,0,5,Filed,False,8,False,30.6,False,63,Award Declared,42,2,Pending,Obtained,True,405,True,Ownership / Title,TG-LAO-2021-0919,0.7167,652,Ownership / Title
27-037-019-331655,Airport Expansion - Nashik Stretch 5,Airport Expansion,Airports Authority of India,Maharashtra,Nashik,Nashik West,Shivnagar,20.01059,73.78788,2021-11-16,2023-10-23,2023-10-23,4.0,11,11,2.75,True,2,Clear,8.22,131.52,101.63,99.09,97.5,22.73,True,1,1,Under Hearing,False,114,False,10.0,False,0,R&R Implementation,46,4,Obtained,Obtained,True,0,False,Not Applicable,MH-LAO-2025-0385,0.3875,706,Rehabilitation (R&R)
09-031-007-727656,Urban Metro - Varanasi Stretch 7,Urban Metro,Metro Rail Corp,Uttar Pradesh,Varanasi,Varanasi South,Chandrapalli,25.4457,82.90422,2021-12-26,2023-05-28,2023-09-23,32.3,72,39,1.207,True,2,Partial,8.31,1073.65,731.89,374.73,51.2,31.83,True,1,1,Under Hearing,False,16,False,15.1,False,10,Possession Taken,58,1,Not Required,Not Required,True,118,True,Rehabilitation (R&R),UP-LAO-2025-0822,0.4551,518,Rehabilitation (R&R)
09-031-006-321237,National Highway - Varanasi Stretch 1,National Highway,NHAI,Uttar Pradesh,Varanasi,Varanasi North,Devgaon,25.2674,82.83104,2023-05-15,2025-06-02,2025-10-16,18.6,25,24,1.29,True,1,Clear,14.48,1077.31,737.99,521.76,70.7,31.5,True,3,4,Under Hearing,False,300,False,31.1,False,7,Award Declared,10,3,Applied,Pending,True,136,True,Legal Dispute,UP-LAO-2025-0822,0.5111,749,Legal Dispute
23-028-006-428938,Railway Line - Jabalpur Stretch 1,Railway Line,Indian Railways,Madhya Pradesh,Jabalpur,Jabalpur North,Devgaon,23.10007,80.01304,2020-11-23,2022-03-19,2022-03-19,50.1,87,65,1.297,True,2,Partial,9.23,1849.69,1753.75,1259.19,71.8,5.19,True,1,4,Filed,False,87,True,38.5,False,27,Compensation Disbursement,39,3,Not Required,Applied,True,0,False,Not Applicable,MP-LAO-2022-0917,0.4682,481,Legal Dispute
27-001-002-033233,State Highway - Mumbai Suburban Stretch 2,State Highway,State PWD,Maharashtra,Mumbai Suburban,Mumbai Suburban North,Kothapalli,19.12794,72.87716,2019-02-02,2021-06-28,2021-06-28,6.8,18,12,1.765,True,2,Partial,54.37,739.43,596.83,534.16,89.5,19.29,True,1,1,Under Hearing,False,120,True,64.5,True,10,SIA Completed,225,3,Not Required,Not Required,True,0,False,Not Applicable,MH-LAO-2022-0603,0.417,877,Legal Dispute
22-018-021-691048,Industrial Corridor - Korba Stretch 6,Industrial Corridor,State Industrial Corp,Chhattisgarh,Korba,Korba West,Uttanahalli,22.32137,82.66646,2021-01-23,2023-03-18,2023-05-19,45.7,102,58,1.269,True,1,Partial,30.67,5606.48,4017.05,2418.26,60.2,28.35,True,2,3,Stayed by Court,True,324,False,16.4,False,13,Possession Taken,4,1,Pending,Obtained,True,62,True,Legal Dispute,CG-LAO-2024-0820,0.4934,784,Legal Dispute
33-031-013-524134,Power Transmission - Madurai Stretch 1,Power Transmission,POWERGRID,Tamil Nadu,Madurai,Madurai East,Kesarpur,9.98711,78.17403,2022-11-06,2025-03-16,2025-08-03,41.5,143,76,1.831,True,5,Partial,17.32,2875.12,2126.1,616.57,29.0,26.05,True,1,1,Under Hearing,False,123,False,12.7,False,15,Possession Taken,56,3,Pending,Not Required,True,140,True,Ownership / Title,TN-LAO-2021-0436,0.5299,861,Ownership / Title
22-014-007-664694,Irrigation Canal - Bilaspur Stretch 4,Irrigation Canal,State Irrigation Dept,Chhattisgarh,Bilaspur,Bilaspur South,Chandrapalli,22.06371,82.13841,2022-05-31,2023-11-22,2025-02-12,62.6,122,86,1.374,True,2,Disputed,25.38,6355.15,5651.06,1356.25,24.0,11.08,True,1,8,Under Hearing,False,62,False,24.5,True,28,SIA Completed,130,5,Applied,Pending,True,448,True,Administrative Approval,CG-LAO-2022-0241,0.7665,540,Administrative Approval
21-019-002-659698,Airport Expansion - Ganjam Stretch 2,Airport Expansion,Airports Authority of India,Odisha,Ganjam,Ganjam North,Kothapalli,19.52475,84.77225,2023-11-14,2025-12-15,2026-03-26,75.0,159,109,1.453,True,6,Disputed,15.28,4584.0,3429.55,2030.29,59.2,25.18,True,3,2,Stayed by Court,True,114,True,58.9,False,77,Award Declared,284,2,Not Required,Not Required,True,101,True,Ownership / Title,OD-LAO-2025-0784,0.5416,762,Ownership / Title
33-014-017-126907,National Highway - Chennai Stretch 1,National Highway,NHAI,Tamil Nadu,Chennai,Chennai East,Peddapalli,13.13501,80.26222,2020-10-22,2022-06-26,2022-12-08,17.5,54,31,1.771,True,4,Partial,87.27,3054.45,1548.93,473.97,30.6,49.29,True,3,7,Stayed by Court,True,794,True,32.1,False,13,R&R Implementation,15,1,Obtained,Not Required,True,165,True,Legal Dispute,TN-LAO-2021-0562,0.6737,612,Legal Dispute
27-001-023-324558,Urban Metro - Mumbai Suburban Stretch 8,Urban Metro,Metro Rail Corp,Maharashtra,Mumbai Suburban,Mumbai Suburban West,Yellapur,19.10724,72.83487,2023-03-04,2025-02-06,2025-05-19,26.8,48,39,1.455,True,4,Partial,63.5,3403.6,3253.42,1926.02,59.2,4.41,True,1,2,Filed,False,5,False,25.2,True,10,SIA Completed,362,5,Applied,Applied,True,102,True,Administrative Approval,MH-LAO-2022-0603,0.4676,705,Administrative Approval
22-009-018-967292,State Highway - Durg Stretch 2,State Highway,State PWD,Chhattisgarh,Durg,Durg East,Raghunathpur,21.08345,81.41264,2022-12-13,2024-11-14,2024-11-14,160.7,329,210,1.307,True,2,Clear,17.95,11538.26,6933.09,6004.06,86.6,39.91,True,3,2,Filed,False,596,True,53.9,False,176,Compensation Disbursement,219,2,Applied,Not Required,True,0,False,Not Applicable,CG-LAO-2024-0988,0.41,702,Administrative Approval
29-022-004-754634,Power Transmission - Belagavi Stretch 8,Power Transmission,POWERGRID,Karnataka,Belagavi,Belagavi North,Bhimnagar,15.90457,74.63784,2021-02-27,2022-08-17,2022-10-22,64.9,158,86,1.325,False,0,Clear,10.46,2715.42,1928.78,1423.44,73.8,28.97,True,1,4,Filed,False,531,True,43.2,True,49,Section 11 Notification Issued,96,1,Applied,Not Required,True,66,True,Legal Dispute,KA-LAO-2025-0488,0.4799,536,Legal Dispute
21-012-017-308238,National Highway - Cuttack Stretch 4,National Highway,NHAI,Odisha,Cuttack,Cuttack East,Peddapalli,20.43314,85.87341,2022-04-12,2024-11-25,2025-06-26,55.8,115,96,1.72,True,1,Clear,24.42,5450.54,4263.42,1458.09,34.2,21.78,True,2,2,Under Hearing,False,64,False,31.5,True,26,SIA Completed,6,2,Pending,Applied,True,213,True,Legal Dispute,OD-LAO-2021-0890,0.5452,958,Legal Dispute
21-026-008-513213,Power Transmission - Sambalpur Stretch 1,Power Transmission,POWERGRID,Odisha,Sambalpur,Sambalpur South,Narsapur,21.4573,83.98303,2019-05-13,2021-01-23,2021-01-23,93.4,193,151,1.617,False,0,Clear,31.12,11626.43,7596.68,4482.04,59.0,34.66,True,6,0,None,False,0,False,28.9,True,39,SIA Completed,276,1,Applied,Not Required,True,0,False,Not Applicable,OD-LAO-2024-0281,0.3544,621,Rehabilitation (R&R)
09-015-015-720181,State Highway - Kanpur Nagar Stretch 3,State Highway,State PWD,Uttar Pradesh,Kanpur Nagar,Kanpur Nagar East,Madhavgarh,26.40148,80.39715,2020-08-09,2022-10-02,2022-10-02,20.1,62,37,1.841,True,2,Clear,28.38,2281.75,2260.89,972.18,43.0,0.91,False,0,0,None,False,0,True,87.7,True,41,Compensation Disbursement,67,5,Not Required,Not Required,True,0,False,Not Applicable,UP-LAO-2023-0451,0.3249,784,Administrative Approval
22-002-016-810586,Irrigation Canal - Raipur Stretch 1,Irrigation Canal,State Irrigation Dept,Chhattisgarh,Raipur,Raipur East,Nandgaon,21.23646,81.74083,2021-01-06,2023-09-29,2023-09-29,207.9,562,298,1.433,False,0,Clear,45.37,18864.85,18124.08,16347.92,90.2,3.93,True,1,1,Under Hearing,False,24,False,38.7,True,216,Compensation Disbursement,10,0,Not Required,Applied,True,0,False,Not Applicable,CG-LAO-2022-0755,0.1584,996,Legal Dispute
36-027-006-464235,Power Transmission - Nizamabad Stretch 2,Power Transmission,POWERGRID,Telangana,Nizamabad,Nizamabad North,Devgaon,18.65828,78.09951,2023-04-12,2024-10-14,2024-10-14,16.9,23,25,1.479,False,0,Clear,30.17,2039.49,1671.29,1096.37,65.6,18.05,False,0,0,None,False,0,True,60.9,False,12,R&R Implementation,110,0,Pending,Obtained,True,0,False,Not Applicable,TG-LAO-2021-0135,0.1753,551,Administrative Approval
22-014-014-138282,Power Transmission - Bilaspur Stretch 3,Power Transmission,POWERGRID,Chhattisgarh,Bilaspur,Bilaspur East,Lakshmipura,22.04082,82.12961,2019-04-06,2021-11-12,2021-11-12,125.4,235,160,1.276,True,1,Partial,27.54,13814.06,10593.35,3887.76,36.7,23.31,True,5,1,Filed,False,74,True,49.5,False,107,R&R Implementation,9,1,Obtained,Not Required,True,0,False,Not Applicable,CG-LAO-2022-0241,0.4283,951,Compensation Disbursal
33-045-007-769939,Power Transmission - Tiruchirappalli Stretch 1,Power Transmission,POWERGRID,Tamil Nadu,Tiruchirappalli,Tiruchirappalli South,Chandrapalli,10.73213,78.63836,2020-01-04,2021-07-21,2022-07-24,22.8,48,35,1.535,True,2,Disputed,6.02,549.02,398.69,177.82,44.6,27.38,True,2,3,Under Hearing,False,230,True,35.0,False,12,Award Declared,97,3,Pending,Obtained,True,368,True,Ownership / Title,TN-LAO-2022-0490,0.6368,564,Ownership / Title
36-011-002-639503,Airport Expansion - Warangal Stretch 3,Airport Expansion,Airports Authority of India,Telangana,Warangal,Warangal North,Kothapalli,18.01887,79.57858,2022-02-05,2024-03-25,2024-03-25,41.3,47,41,0.993,True,1,Clear,14.06,2322.71,2241.61,1943.48,86.7,3.49,False,0,1,Under Hearing,False,85,False,9.1,False,3,Award Declared,92,1,Obtained,Not Required,True,0,False,Not Applicable,TG-LAO-2021-0919,0.3017,779,Rehabilitation (R&R)
27-037-004-566073,Urban Metro - Nashik Stretch 1,Urban Metro,Metro Rail Corp,Maharashtra,Nashik,Nashik North,Bhimnagar,19.92555,73.69233,2020-09-26,2022-06-25,2022-06-25,36.0,74,48,1.333,False,0,Clear,29.31,4220.64,3939.8,1871.4,47.5,6.65,False,0,0,None,False,0,True,55.4,False,39,Section 11 Notification Issued,161,0,Applied,Obtained,True,0,False,Not Applicable,MH-LAO-2025-0385,0.2352,637,Compensation Disbursal
29-018-007-197634,Irrigation Canal - Mysuru Stretch 7,Irrigation Canal,State Irrigation Dept,Karnataka,Mysuru,Mysuru South,Chandrapalli,12.31154,76.65688,2022-01-10,2023-03-27,2024-03-21,40.2,65,54,1.343,True,10,Disputed,21.08,3389.66,2352.68,1865.68,79.3,30.59,True,2,5,Filed,False,193,False,32.8,False,15,Award Declared,265,4,Applied,Obtained,True,360,True,Ownership / Title,KA-LAO-2021-0461,0.6795,441,Ownership / Title
29-018-016-141916,Industrial Corridor - Mysuru Stretch 6,Industrial Corridor,State Industrial Corp,Karnataka,Mysuru,Mysuru East,Nandgaon,12.34596,76.62492,2023-02-13,2025-07-29,2025-11-16,119.3,280,170,1.425,True,5,Partial,10.7,5106.04,4654.72,2653.19,57.0,8.84,True,1,0,None,False,0,False,31.4,True,64,SIA Completed,10,1,Pending,Obtained,True,110,True,Ownership / Title,KA-LAO-2021-0461,0.4853,897,Ownership / Title
09-015-019-290559,Irrigation Canal - Kanpur Nagar Stretch 8,Irrigation Canal,State Irrigation Dept,Uttar Pradesh,Kanpur Nagar,Kanpur Nagar West,Shivnagar,26.41014,80.22699,2023-07-25,2026-04-18,2026-06-14,35.5,100,69,1.944,False,0,Clear,26.74,3797.08,3214.57,1144.39,35.6,15.34,False,0,3,Under Hearing,False,5,True,75.3,True,75,Award Declared,155,1,Not Required,Obtained,True,57,True,Legal Dispute,UP-LAO-2023-0451,0.5227,998,Legal Dispute
33-014-009-322546,Airport Expansion - Chennai Stretch 3,Airport Expansion,Airports Authority of India,Tamil Nadu,Chennai,Chennai South,Basavanahalli,13.0736,80.1341,2022-07-24,2024-02-01,2024-09-07,11.6,37,20,1.724,True,4,Disputed,47.2,1095.04,948.33,556.67,58.7,13.4,True,1,2,Under Hearing,False,20,False,18.1,False,5,SIA Completed,14,2,Obtained,Applied,True,219,True,Ownership / Title,TN-LAO-2021-0562,0.5757,557,Ownership / Title
27-013-011-919993,Railway Line - Pune Stretch 8,Railway Line,Indian Railways,Maharashtra,Pune,Pune South,Amrapur,18.65899,73.97168,2021-09-08,2022-12-05,2022-12-05,58.0,152,99,1.707,True,2,Clear,43.07,4996.12,4112.47,2224.85,54.1,17.69,True,2,1,Stayed by Court,True,77,True,17.4,False,21,SIA Completed,181,3,Not Required,Not Required,True,0,False,Not Applicable,MH-LAO-2023-0454,0.4291,453,Rehabilitation (R&R)
22-002-006-583299,Railway Line - Raipur Stretch 4,Railway Line,Indian Railways,Chhattisgarh,Raipur,Raipur North,Devgaon,21.2789,81.63492,2019-07-25,2021-08-31,2021-12-10,65.7,161,97,1.476,True,3,Partial,83.28,10942.99,10483.61,1457.22,13.9,4.2,False,0,2,Under Hearing,False,319,True,49.4,False,66,SIA Completed,240,1,Not Required,Pending,True,101,True,Legal Dispute,CG-LAO-2022-0755,0.5006,768,Legal Dispute
27-001-017-880105,Urban Metro - Mumbai Suburban Stretch 2,Urban Metro,Metro Rail Corp,Maharashtra,Mumbai Suburban,Mumbai Suburban East,Peddapalli,19.28452,72.83631,2020-02-20,2022-09-07,2022-10-18,49.5,67,62,1.253,False,0,Clear,88.4,8751.6,8228.12,1645.62,20.0,5.98,False,0,1,Stayed by Court,True,33,False,30.6,True,18,R&R Implementation,26,3,Obtained,Not Required,True,41,True,Rehabilitation (R&R),MH-LAO-2022-0603,0.4757,930,Rehabilitation (R&R)
27-001-003-822573,National Highway - Mumbai Suburban Stretch 8,National Highway,NHAI,Maharashtra,Mumbai Suburban,Mumbai Suburban North,Ganeshpura,19.09861,72.91124,2021-11-30,2023-04-03,2023-04-03,80.3,196,121,1.507,False,0,Clear,45.28,7271.97,6224.78,3454.75,55.5,14.4,True,3,1,Filed,False,127,True,84.5,True,154,Compensation Disbursement,11,4,Obtained,Obtained,True,0,False,Not Applicable,MH-LAO-2022-0603,0.3001,489,Legal Dispute
33-023-016-503673,Power Transmission - Coimbatore Stretch 6,Power Transmission,POWERGRID,Tamil Nadu,Coimbatore,Coimbatore East,Nandgaon,10.93306,77.08033,2021-10-20,2024-05-05,2024-05-08,62.1,113,104,1.675,False,0,Clear,7.98,1982.23,1025.55,473.8,46.2,48.26,True,2,2,Resolved,False,138,False,37.7,False,39,R&R Implementation,86,4,Applied,Not Required,True,3,False,Not Applicable,TN-LAO-2024-0163,0.3908,928,Compensation Disbursal
29-009-015-901494,Industrial Corridor - Tumakuru Stretch 2,Industrial Corridor,State Industrial Corp,Karnataka,Tumakuru,Tumakuru East,Madhavgarh,13.3462,77.19122,2019-01-14,2021-06-22,2021-06-22,46.2,106,68,1.472,True,2,Partial,10.84,2003.23,1391.66,1114.72,80.1,30.53,True,3,1,Filed,False,46,True,10.1,False,8,Award Declared,49,1,Obtained,Not Required,True,0,False,Not Applicable,KA-LAO-2023-0611,0.3976,890,Rehabilitation (R&R)
23-016-023-315833,Industrial Corridor - Indore Stretch 5,Industrial Corridor,State Industrial Corp,Madhya Pradesh,Indore,Indore West,Yellapur,22.81736,75.96155,2022-11-06,2025-02-27,2025-04-23,22.4,44,31,1.384,False,0,Clear,75.28,3372.54,2316.33,1088.68,47.0,31.32,True,1,3,Resolved,False,130,True,42.2,False,17,R&R Implementation,357,2,Obtained,Applied,True,55,True,Administrative Approval,MP-LAO-2021-0254,0.4905,844,Administrative Approval
33-023-018-457297,Urban Metro - Coimbatore Stretch 7,Urban Metro,Metro Rail Corp,Tamil Nadu,Coimbatore,Coimbatore East,Raghunathpur,10.99481,76.96393,2021-06-23,2022-09-23,2022-09-23,28.5,91,54,1.895,False,0,Clear,13.97,1592.58,1418.38,1025.49,72.3,10.94,True,3,0,None,False,0,True,64.3,False,56,Award Declared,197,3,Not Required,Obtained,True,0,False,Not Applicable,TN-LAO-2024-0163,0.197,457,Administrative Approval
09-015-018-040011,National Highway - Kanpur Nagar Stretch 6,National Highway,NHAI,Uttar Pradesh,Kanpur Nagar,Kanpur Nagar East,Raghunathpur,26.36809,80.27439,2021-01-28,2022-11-13,2023-04-02,56.8,93,82,1.444,True,4,Disputed,31.18,7084.1,5238.18,4190.54,80.0,26.06,True,4,4,Stayed by Court,True,338,True,31.7,True,28,Compensation Disbursement,70,2,Obtained,Not Required,True,140,True,Legal Dispute,UP-LAO-2023-0451,0.5793,654,Legal Dispute
22-002-010-326081,State Highway - Raipur Stretch 3,State Highway,State PWD,Chhattisgarh,Raipur,Raipur South,Mallapuram,21.21747,81.49789,2023-09-09,2025-05-22,2025-07-31,22.3,34,27,1.211,False,0,Partial,51.89,2314.29,1260.05,813.99,64.6,45.55,True,1,6,Under Hearing,False,22,True,48.7,True,15,Section 11 Notification Issued,143,1,Not Required,Obtained,True,70,True,Legal Dispute,CG-LAO-2022-0755,0.493,621,Legal Dispute
21-019-007-966961,Urban Metro - Ganjam Stretch 4,Urban Metro,Metro Rail Corp,Odisha,Ganjam,Ganjam South,Chandrapalli,19.3173,84.95259,2019-11-03,2022-05-09,2022-05-09,26.9,26,29,1.078,True,1,Clear,26.23,2822.35,2556.01,718.24,28.1,9.44,True,1,0,None,False,0,True,9.6,False,2,Possession Taken,3,0,Obtained,Obtained,True,0,False,Not Applicable,OD-LAO-2025-0784,0.2589,918,Rehabilitation (R&R)
36-011-013-293948,Railway Line - Warangal Stretch 3,Railway Line,Indian Railways,Telangana,Warangal,Warangal East,Kesarpur,17.99872,79.51505,2021-02-27,2023-04-25,2023-04-25,7.6,31,18,2.368,True,1,Partial,30.27,920.21,807.47,283.42,35.1,12.25,True,1,0,None,False,0,False,34.7,False,10,R&R Implementation,335,2,Obtained,Pending,True,0,False,Not Applicable,TG-LAO-2021-0919,0.4389,787,Administrative Approval
23-028-009-648235,Power Transmission - Jabalpur Stretch 2,Power Transmission,POWERGRID,Madhya Pradesh,Jabalpur,Jabalpur South,Basavanahalli,23.16135,79.95271,2019-02-08,2021-05-10,2022-02-18,27.6,82,45,1.63,True,3,Disputed,10.71,1182.38,878.57,435.77,49.6,25.7,True,1,3,Filed,False,95,True,22.5,True,16,Compensation Disbursement,312,3,Not Required,Not Required,True,284,True,Ownership / Title,MP-LAO-2022-0917,0.6658,822,Ownership / Title
21-012-010-442084,Power Transmission - Cuttack Stretch 8,Power Transmission,POWERGRID,Odisha,Cuttack,Cuttack South,Mallapuram,20.50802,85.89958,2020-12-01,2022-02-24,2022-07-13,39.9,75,51,1.278,True,4,Partial,17.76,2834.5,1957.97,1349.04,68.9,30.92,True,2,3,Under Hearing,False,790,True,39.7,True,25,SIA Completed,141,3,Not Required,Obtained,True,139,True,Ownership / Title,OD-LAO-2021-0890,0.6016,450,Ownership / Title
33-023-021-442104,Urban Metro - Coimbatore Stretch 5,Urban Metro,Metro Rail Corp,Tamil Nadu,Coimbatore,Coimbatore West,Uttanahalli,11.18738,77.04332,2020-06-07,2022-01-09,2022-01-09,147.2,240,217,1.474,True,1,Clear,10.45,6152.96,5814.9,1616.54,27.8,5.49,True,1,0,None,False,0,True,16.8,False,32,Possession Taken,51,1,Pending,Not Required,True,0,False,Not Applicable,TN-LAO-2024-0163,0.2643,581,Rehabilitation (R&R)
29-009-005-883341,Power Transmission - Tumakuru Stretch 6,Power Transmission,POWERGRID,Karnataka,Tumakuru,Tumakuru North,Sultanpur,13.2484,77.2217,2021-03-25,2022-08-14,2022-09-24,128.5,238,155,1.206,True,1,Clear,17.59,9041.26,6349.19,5161.89,81.3,29.78,True,3,2,Stayed by Court,True,5,True,59.7,False,101,R&R Implementation,100,3,Not Required,Applied,True,41,True,Legal Dispute,KA-LAO-2023-0611,0.4573,507,Legal Dispute
27-013-022-499024,National Highway - Pune Stretch 5,National Highway,NHAI,Maharashtra,Pune,Pune West,Veerapuram,18.59623,73.80288,2020-03-10,2022-05-19,2023-04-07,30.7,63,52,1.694,True,2,Partial,80.91,4967.87,2071.68,370.83,17.9,58.3,True,2,3,Stayed by Court,True,207,True,36.4,True,17,SIA Completed,220,1,Applied,Not Required,True,323,True,Compensation Disbursal,MH-LAO-2023-0454,0.7898,800,Compensation Disbursal
36-011-003-408319,Airport Expansion - Warangal Stretch 6,Airport Expansion,Airports Authority of India,Telangana,Warangal,Warangal North,Ganeshpura,18.0302,79.52544,2020-02-16,2021-07-27,2021-07-27,28.0,44,46,1.643,True,3,Clear,20.77,2326.24,1103.23,1075.65,97.5,52.57,True,6,1,Under Hearing,False,142,True,74.3,True,25,Award Declared,210,0,Applied,Not Required,True,0,False,Not Applicable,TG-LAO-2021-0919,0.3721,527,Legal Dispute
29-007-011-687218,Industrial Corridor - Bengaluru Urban Stretch 6,Industrial Corridor,State Industrial Corp,Karnataka,Bengaluru Urban,Bengaluru Urban South,Amrapur,12.98817,77.55654,2020-01-24,2022-04-28,2022-04-28,15.3,25,20,1.307,True,3,Clear,43.72,1337.83,1049.81,943.78,89.9,21.53,True,2,0,None,False,0,True,77.5,True,17,Possession Taken,38,1,Not Required,Not Required,True,0,False,Not Applicable,KA-LAO-2024-0628,0.1932,825,Ownership / Title
29-018-013-657486,Railway Line - Mysuru Stretch 5,Railway Line,Indian Railways,Karnataka,Mysuru,Mysuru East,Kesarpur,12.24902,76.61043,2022-10-29,2025-06-30,2025-08-26,18.2,42,23,1.264,True,1,Clear,31.71,2308.49,991.56,489.83,49.4,57.05,True,6,1,Under Hearing,False,347,True,25.5,False,9,Award Declared,112,3,Not Required,Not Required,True,57,True,Compensation Disbursal,KA-LAO-2021-0461,0.5112,975,Compensation Disbursal
23-016-019-487040,National Highway - Indore Stretch 2,National Highway,NHAI,Madhya Pradesh,Indore,Indore West,Shivnagar,22.73919,75.87152,2019-04-18,2021-09-08,2021-12-23,344.8,796,473,1.372,False,0,Clear,59.45,40996.72,25987.13,6600.73,25.4,36.61,True,4,1,Filed,False,327,True,49.2,True,332,Compensation Disbursement,154,1,Obtained,Not Required,True,106,True,Compensation Disbursal,MP-LAO-2021-0254,0.4423,874,Compensation Disbursal
23-016-020-768275,Power Transmission - Indore Stretch 3,Power Transmission,POWERGRID,Madhya Pradesh,Indore,Indore West,Tarapur,22.68584,75.85489,2019-08-03,2022-03-29,2022-03-29,22.2,53,30,1.351,True,2,Clear,87.24,3873.46,3379.76,2889.69,85.5,12.75,False,0,0,None,False,0,False,13.2,False,5,Possession Taken,6,1,Not Required,Applied,True,0,False,Not Applicable,MP-LAO-2021-0254,0.2414,969,Rehabilitation (R&R)
27-025-008-676027,Railway Line - Nagpur Stretch 1,Railway Line,Indian Railways,Maharashtra,Nagpur,Nagpur South,Narsapur,20.95248,78.94003,2022-01-05,2023-06-13,2023-06-13,108.3,226,167,1.542,False,0,Partial,94.33,20431.88,16179.98,14367.82,88.8,20.81,True,1,2,Filed,False,100,True,24.5,False,48,SIA Completed,110,4,Obtained,Applied,True,0,False,Not Applicable,MH-LAO-2025-0718,0.4203,524,Administrative Approval
27-025-003-817740,Industrial Corridor - Nagpur Stretch 8,Industrial Corridor,State Industrial Corp,Maharashtra,Nagpur,Nagpur North,Ganeshpura,21.05244,79.14089,2023-08-12,2025-02-23,2025-02-23,70.5,134,113,1.603,False,0,Partial,42.83,6039.03,4286.01,2541.6,59.3,29.03,True,2,0,None,False,0,True,72.3,True,85,R&R Implementation,121,1,Obtained,Applied,True,0,False,Not Applicable,MH-LAO-2025-0718,0.2314,561,Compensation Disbursal
22-018-024-418496,Power Transmission - Korba Stretch 7,Power Transmission,POWERGRID,Chhattisgarh,Korba,Korba West,Zamania,22.49658,82.82087,2023-03-21,2025-10-16,2026-03-28,39.8,88,57,1.432,True,3,Clear,13.03,2074.38,1510.36,598.1,39.6,27.19,True,1,1,Stayed by Court,True,174,True,3.1,True,2,R&R Implementation,318,2,Applied,Not Required,True,163,True,Rehabilitation (R&R),CG-LAO-2024-0820,0.5775,940,Rehabilitation (R&R)
22-018-003-186466,Industrial Corridor - Korba Stretch 6,Industrial Corridor,State Industrial Corp,Chhattisgarh,Korba,Korba North,Ganeshpura,22.34173,82.76455,2019-04-28,2022-01-01,2022-01-01,46.5,73,70,1.505,True,2,Clear,23.25,4324.5,3381.65,1579.23,46.7,21.8,True,2,0,None,False,0,True,57.6,True,32,Award Declared,228,0,Obtained,Applied,True,0,False,Not Applicable,CG-LAO-2024-0820,0.3113,979,Compensation Disbursal
09-031-004-549123,State Highway - Varanasi Stretch 1,State Highway,State PWD,Uttar Pradesh,Varanasi,Varanasi North,Bhimnagar,25.42943,83.0044,2022-01-16,2024-09-03,2024-12-11,138.9,305,188,1.353,True,1,Partial,19.4,10778.64,6267.22,2726.24,43.5,41.86,True,5,1,Under Hearing,False,329,True,89.4,True,243,Compensation Disbursement,12,2,Obtained,Not Required,True,99,True,Compensation Disbursal,UP-LAO-2025-0822,0.4947,961,Compensation Disbursal
33-014-024-980887,Railway Line - Chennai Stretch 1,Railway Line,Indian Railways,Tamil Nadu,Chennai,Chennai West,Zamania,13.06769,80.26808,2023-03-22,2025-02-22,2025-02-22,18.4,59,32,1.739,False,0,Clear,94.57,3480.18,2866.81,920.25,32.1,17.62,True,1,2,Stayed by Court,True,355,True,74.2,False,34,R&R Implementation,112,1,Obtained,Not Required,True,0,False,Not Applicable,TN-LAO-2021-0562,0.321,703,Legal Dispute
09-002-018-837892,Urban Metro - Lucknow Stretch 1,Urban Metro,Metro Rail Corp,Uttar Pradesh,Lucknow,Lucknow East,Raghunathpur,26.82204,80.88255,2023-10-18,2025-04-18,2025-07-03,80.3,148,91,1.133,True,5,Partial,60.9,9780.54,7250.19,3704.85,51.1,25.87,True,1,2,Under Hearing,False,1036,False,17.2,False,24,Award Declared,3,2,Applied,Not Required,True,76,True,Rehabilitation (R&R),UP-LAO-2021-0734,0.5294,548,Rehabilitation (R&R)
27-013-004-846230,State Highway - Pune Stretch 7,State Highway,State PWD,Maharashtra,Pune,Pune North,Bhimnagar,18.56909,73.76458,2020-01-25,2021-08-31,2022-04-30,12.7,24,17,1.339,False,0,Partial,65.93,1674.62,1164.45,656.75,56.4,30.46,True,3,2,Stayed by Court,True,121,False,35.0,True,8,SIA Completed,140,7,Applied,Applied,True,242,True,Administrative Approval,MH-LAO-2023-0454,0.6486,584,Administrative Approval
09-002-007-267190,Irrigation Canal - Lucknow Stretch 6,Irrigation Canal,State Irrigation Dept,Uttar Pradesh,Lucknow,Lucknow South,Chandrapalli,26.7146,80.90621,2021-05-24,2022-08-03,2022-08-03,27.4,53,39,1.423,True,1,Clear,81.7,4477.16,3574.49,1740.78,48.7,20.16,True,3,2,Stayed by Court,True,51,True,19.7,False,9,R&R Implementation,46,0,Not Required,Not Required,True,0,False,Not Applicable,UP-LAO-2021-0734,0.4116,436,Legal Dispute
33-023-021-127686,Power Transmission - Coimbatore Stretch 2,Power Transmission,POWERGRID,Tamil Nadu,Coimbatore,Coimbatore West,Uttanahalli,11.17091,77.05518,2022-02-18,2024-09-07,2025-07-07,46.3,144,82,1.771,True,2,Disputed,30.42,5633.78,4268.34,1737.21,40.7,24.24,True,4,1,Under Hearing,False,33,False,26.7,True,29,SIA Completed,109,7,Applied,Not Required,True,303,True,Administrative Approval,TN-LAO-2024-0163,0.6654,932,Administrative Approval
36-003-002-022189,Urban Metro - Hyderabad Stretch 3,Urban Metro,Metro Rail Corp,Telangana,Hyderabad,Hyderabad North,Kothapalli,17.41363,78.645,2022-06-30,2024-02-07,2024-02-07,38.5,68,61,1.584,True,3,Partial,55.16,4247.32,3675.25,1995.66,54.3,13.47,True,2,0,None,False,0,False,16.7,False,10,Section 11 Notification Issued,62,4,Not Required,Not Required,True,0,False,Not Applicable,TG-LAO-2025-0884,0.3162,587,Rehabilitation (R&R)
29-009-024-146793,Airport Expansion - Tumakuru Stretch 8,Airport Expansion,Airports Authority of India,Karnataka,Tumakuru,Tumakuru West,Zamania,13.3363,76.9346,2022-02-16,2023-09-10,2024-10-07,14.2,20,16,1.127,True,5,Disputed,13.96,792.93,523.01,360.35,68.9,34.04,True,1,6,Stayed by Court,True,472,False,20.2,False,3,Award Declared,103,2,Not Required,Pending,True,393,True,Legal Dispute,KA-LAO-2023-0611,0.679,571,Legal Dispute
23-033-019-156498,Industrial Corridor - Gwalior Stretch 8,Industrial Corridor,State Industrial Corp,Madhya Pradesh,Gwalior,Gwalior West,Shivnagar,26.2062,78.23441,2022-04-02,2024-09-22,2024-09-22,43.2,110,65,1.505,True,1,Clear,26.97,4660.42,3250.78,549.38,16.9,30.25,True,5,1,Under Hearing,False,388,True,92.3,True,91,Possession Taken,153,0,Applied,Obtained,True,0,False,Not Applicable,MP-LAO-2024-0467,0.3902,904,Compensation Disbursal
29-018-010-276444,Power Transmission - Mysuru Stretch 3,Power Transmission,POWERGRID,Karnataka,Mysuru,Mysuru South,Mallapuram,12.34809,76.67988,2023-10-01,2026-01-27,2026-01-27,28.6,61,45,1.573,False,0,Clear,19.68,2251.39,1902.13,1025.25,53.9,15.51,True,1,0,None,False,0,True,33.0,False,15,Possession Taken,75,0,Pending,Not Required,True,0,False,Not Applicable,KA-LAO-2021-0461,0.2478,849,Rehabilitation (R&R)
33-014-011-892673,Railway Line - Chennai Stretch 2,Railway Line,Indian Railways,Tamil Nadu,Chennai,Chennai South,Amrapur,13.15135,80.38256,2022-01-23,2023-07-31,2023-07-31,62.8,155,90,1.433,False,0,Clear,38.62,4850.67,4314.44,3240.14,75.1,11.05,False,0,0,None,False,0,True,10.4,False,11,Award Declared,114,2,Pending,Applied,True,0,False,Not Applicable,TN-LAO-2021-0562,0.2339,554,Rehabilitation (R&R)
09-044-015-501491,State Highway - Prayagraj Stretch 1,State Highway,State PWD,Uttar Pradesh,Prayagraj,Prayagraj East,Madhavgarh,25.40376,81.84883,2019-09-01,2022-03-07,2022-12-04,32.6,63,41,1.258,True,3,Disputed,30.02,3914.61,3499.13,2515.87,71.9,10.61,True,1,6,Stayed by Court,True,27,True,21.3,False,11,SIA Completed,25,0,Applied,Applied,True,272,True,Legal Dispute,UP-LAO-2023-0576,0.5929,918,Legal Dispute
09-002-012-287289,Industrial Corridor - Lucknow Stretch 8,Industrial Corridor,State Industrial Corp,Uttar Pradesh,Lucknow,Lucknow South,Jaitpur,26.76551,81.04457,2023-05-20,2025-01-23,2025-01-23,29.6,60,45,1.52,True,1,Clear,82.46,4881.63,3475.07,3113.66,89.6,28.81,True,4,0,None,False,0,True,67.1,False,37,R&R Implementation,365,1,Not Required,Applied,True,0,False,Not Applicable,UP-LAO-2021-0734,0.2112,614,Administrative Approval
09-015-017-116286,Railway Line - Kanpur Nagar Stretch 6,Railway Line,Indian Railways,Uttar Pradesh,Kanpur Nagar,Kanpur Nagar East,Peddapalli,26.38391,80.30923,2022-08-02,2024-08-11,2024-08-11,28.5,50,38,1.333,True,1,Clear,18.36,2093.04,1713.4,351.25,20.5,18.14,True,2,0,None,False,0,True,12.8,False,5,Possession Taken,63,1,Obtained,Obtained,True,0,False,Not Applicable,UP-LAO-2023-0451,0.2992,740,Rehabilitation (R&R)
21-019-012-187124,Irrigation Canal - Ganjam Stretch 7,Irrigation Canal,State Irrigation Dept,Odisha,Ganjam,Ganjam South,Jaitpur,19.27983,84.92237,2019-10-23,2021-09-29,2021-09-29,33.2,76,42,1.265,True,2,Disputed,16.39,2176.59,1920.28,420.54,21.9,11.78,True,1,1,Resolved,False,525,True,75.9,True,55,R&R Implementation,8,0,Pending,Not Required,True,0,False,Not Applicable,OD-LAO-2025-0784,0.3252,707,Ownership / Title
36-019-009-659671,State Highway - Karimnagar Stretch 3,State Highway,State PWD,Telangana,Karimnagar,Karimnagar South,Basavanahalli,18.46884,79.09993,2019-03-21,2020-11-15,2020-11-15,188.9,459,246,1.302,False,0,Clear,31.11,23506.72,13895.26,12033.3,86.6,40.89,True,2,4,Under Hearing,False,95,True,62.7,True,232,R&R Implementation,119,1,Applied,Not Required,True,0,False,Not Applicable,TG-LAO-2024-0235,0.4825,605,Legal Dispute
29-018-003-950223,Irrigation Canal - Mysuru Stretch 4,Irrigation Canal,State Irrigation Dept,Karnataka,Mysuru,Mysuru North,Ganeshpura,12.43692,76.57099,2021-09-29,2023-04-12,2023-06-16,27.9,42,35,1.254,True,3,Partial,27.26,3042.22,2107.43,1732.31,82.2,30.73,True,2,3,Stayed by Court,True,34,False,34.2,False,11,Award Declared,10,3,Pending,Obtained,True,65,True,Legal Dispute,KA-LAO-2021-0461,0.5476,560,Legal Dispute
27-025-021-006424,Airport Expansion - Nagpur Stretch 6,Airport Expansion,Airports Authority of India,Maharashtra,Nagpur,Nagpur West,Uttanahalli,21.13124,79.05154,2019-11-08,2021-06-17,2021-06-17,44.7,99,80,1.79,True,1,Partial,58.89,5264.77,4014.19,3416.08,85.1,23.75,False,0,4,Filed,False,93,True,71.8,False,60,SIA Completed,78,1,Not Required,Obtained,True,0,False,Not Applicable,MH-LAO-2025-0718,0.3499,587,Legal Dispute
29-009-005-001703,National Highway - Tumakuru Stretch 1,National Highway,NHAI,Karnataka,Tumakuru,Tumakuru North,Sultanpur,13.26082,77.21014,2023-05-28,2025-08-11,2026-03-30,68.2,170,96,1.408,True,4,Partial,23.38,6378.06,4726.86,2372.88,50.2,25.89,True,2,2,Under Hearing,False,183,True,8.3,True,11,Section 11 Notification Issued,34,5,Pending,Obtained,True,231,True,Administrative Approval,KA-LAO-2023-0611,0.6065,806,Administrative Approval
29-009-005-455315,Industrial Corridor - Tumakuru Stretch 2,Industrial Corridor,State Industrial Corp,Karnataka,Tumakuru,Tumakuru North,Sultanpur,13.26071,77.23608,2020-12-26,2023-07-20,2023-12-30,58.1,141,79,1.36,True,1,Clear,22.14,5145.34,2418.63,522.42,21.6,52.99,True,10,2,Stayed by Court,True,78,True,81.9,False,87,Award Declared,118,1,Pending,Pending,True,163,True,Compensation Disbursal,KA-LAO-2023-0611,0.5122,936,Compensation Disbursal
36-027-001-845549,Industrial Corridor - Nizamabad Stretch 8,Industrial Corridor,State Industrial Corp,Telangana,Nizamabad,Nizamabad North,Rampur,18.68196,78.01868,2022-04-04,2023-05-30,2023-06-28,85.3,157,105,1.231,True,3,Partial,22.5,7677.0,3741.8,1560.33,41.7,51.26,True,1,1,Under Hearing,False,114,True,75.3,True,114,SIA Completed,47,4,Applied,Applied,True,29,False,Not Applicable,TG-LAO-2021-0135,0.4738,421,Compensation Disbursal
29-009-020-946469,Industrial Corridor - Tumakuru Stretch 5,Industrial Corridor,State Industrial Corp,Karnataka,Tumakuru,Tumakuru West,Tarapur,13.26663,77.19659,2019-11-21,2021-08-12,2022-05-07,37.4,41,45,1.203,True,5,Partial,21.48,3213.41,1434.04,861.86,60.1,55.37,True,4,4,Filed,False,282,True,39.6,False,11,R&R Implementation,59,1,Applied,Obtained,True,268,True,Legal Dispute,KA-LAO-2023-0611,0.6243,630,Legal Dispute
36-027-001-200502,Railway Line - Nizamabad Stretch 7,Railway Line,Indian Railways,Telangana,Nizamabad,Nizamabad North,Rampur,18.71464,78.02031,2019-12-25,2021-05-13,2021-05-13,8.7,12,11,1.264,True,2,Partial,25.27,879.4,699.08,357.23,51.1,20.5,True,1,1,Under Hearing,False,131,False,23.1,False,2,R&R Implementation,27,3,Obtained,Obtained,True,0,False,Not Applicable,TG-LAO-2021-0135,0.3911,505,Rehabilitation (R&R)
22-018-021-025320,National Highway - Korba Stretch 1,National Highway,NHAI,Chhattisgarh,Korba,Korba West,Uttanahalli,22.31813,82.69696,2020-04-21,2022-05-06,2022-05-06,13.4,21,24,1.791,False,0,Partial,8.14,436.3,326.86,284.37,87.0,25.08,True,2,0,None,False,0,False,9.0,True,1,Section 11 Notification Issued,89,4,Obtained,Not Required,True,0,False,Not Applicable,CG-LAO-2024-0820,0.2695,745,Rehabilitation (R&R)
21-019-009-996875,Airport Expansion - Ganjam Stretch 1,Airport Expansion,Airports Authority of India,Odisha,Ganjam,Ganjam South,Basavanahalli,19.26963,84.75441,2023-01-25,2025-02-20,2025-02-20,55.1,91,65,1.18,False,0,Clear,8.57,1888.83,1583.7,818.77,51.7,16.15,True,4,0,None,False,0,False,18.8,True,17,Award Declared,86,3,Applied,Obtained,True,0,False,Not Applicable,OD-LAO-2025-0784,0.3504,757,Rehabilitation (R&R)
33-031-017-369786,Industrial Corridor - Madurai Stretch 5,Industrial Corridor,State Industrial Corp,Tamil Nadu,Madurai,Madurai East,Peddapalli,9.93742,78.1736,2021-04-29,2023-11-13,2023-11-13,23.0,55,39,1.696,True,1,Clear,21.27,1956.84,1612.94,656.47,40.7,17.57,True,1,0,None,False,0,False,32.5,False,12,Award Declared,505,1,Not Required,Not Required,True,0,False,Not Applicable,TN-LAO-2021-0436,0.3338,928,Rehabilitation (R&R)
09-015-023-594924,Industrial Corridor - Kanpur Nagar Stretch 7,Industrial Corridor,State Industrial Corp,Uttar Pradesh,Kanpur Nagar,Kanpur Nagar West,Yellapur,26.40466,80.27739,2019-12-29,2021-03-09,2021-05-12,20.8,28,29,1.394,True,4,Disputed,26.76,2226.43,994.77,231.78,23.3,55.32,True,1,1,Resolved,False,43,True,34.6,True,9,Possession Taken,142,3,Not Required,Obtained,True,64,True,Ownership / Title,UP-LAO-2023-0451,0.5503,436,Ownership / Title
29-022-002-099610,Industrial Corridor - Belagavi Stretch 6,Industrial Corridor,State Industrial Corp,Karnataka,Belagavi,Belagavi North,Kothapalli,15.81077,74.38137,2019-05-01,2020-09-03,2020-12-19,16.4,45,26,1.585,True,3,Clear,10.06,659.94,470.14,173.01,36.8,28.76,True,2,2,Under Hearing,False,319,False,0.9,False,0,SIA Completed,167,2,Not Required,Obtained,True,107,True,Rehabilitation (R&R),KA-LAO-2025-0488,0.4919,491,Rehabilitation (R&R)
36-011-024-060933,Industrial Corridor - Warangal Stretch 1,Industrial Corridor,State Industrial Corp,Telangana,Warangal,Warangal West,Zamania,18.00748,79.64247,2019-02-22,2021-02-20,2021-05-16,20.2,38,32,1.584,True,2,Disputed,8.7,702.96,607.13,516.67,85.1,13.63,True,1,3,Under Hearing,False,39,False,25.2,True,8,Section 11 Notification Issued,80,3,Obtained,Not Required,True,85,True,Ownership / Title,TG-LAO-2021-0919,0.4518,729,Ownership / Title
29-018-010-881797,Airport Expansion - Mysuru Stretch 6,Airport Expansion,Airports Authority of India,Karnataka,Mysuru,Mysuru South,Mallapuram,12.35252,76.6793,2022-07-07,2024-01-12,2024-01-12,89.2,200,111,1.244,True,1,Clear,21.2,7564.16,6388.87,4414.71,69.1,15.54,True,3,0,None,False,0,True,30.7,False,49,SIA Completed,173,4,Obtained,Not Required,True,0,False,Not Applicable,KA-LAO-2021-0461,0.2736,554,Administrative Approval
22-002-010-780310,Urban Metro - Raipur Stretch 6,Urban Metro,Metro Rail Corp,Chhattisgarh,Raipur,Raipur South,Mallapuram,21.22085,81.49689,2021-12-31,2024-03-04,2024-03-04,65.6,142,88,1.341,False,0,Clear,74.7,9800.64,5217.48,3813.98,73.1,46.76,True,3,0,None,False,0,False,21.4,False,23,R&R Implementation,202,5,Pending,Applied,True,0,False,Not Applicable,CG-LAO-2022-0755,0.344,794,Administrative Approval
36-027-001-557523,Power Transmission - Nizamabad Stretch 4,Power Transmission,POWERGRID,Telangana,Nizamabad,Nizamabad North,Rampur,18.71811,77.99481,2023-02-04,2024-10-17,2025-03-18,30.6,38,40,1.307,True,2,Partial,7.58,927.79,504.36,106.42,21.1,45.64,True,3,2,Filed,False,192,True,22.4,False,6,Compensation Disbursement,44,1,Applied,Not Required,True,152,True,Compensation Disbursal,TG-LAO-2021-0135,0.5145,621,Compensation Disbursal
22-014-011-945886,Urban Metro - Bilaspur Stretch 6,Urban Metro,Metro Rail Corp,Chhattisgarh,Bilaspur,Bilaspur South,Amrapur,21.90952,82.08317,2020-07-11,2022-07-11,2022-07-17,27.9,52,54,1.935,False,0,Clear,9.41,1050.16,894.15,474.79,53.1,14.86,True,1,1,Under Hearing,False,264,False,4.8,True,2,R&R Implementation,112,0,Pending,Not Required,True,6,False,Not Applicable,CG-LAO-2022-0241,0.4385,730,Rehabilitation (R&R)
23-028-022-544680,Airport Expansion - Jabalpur Stretch 5,Airport Expansion,Airports Authority of India,Madhya Pradesh,Jabalpur,Jabalpur West,Veerapuram,23.16898,79.93757,2020-02-15,2021-05-15,2021-09-17,34.8,52,45,1.293,True,1,Clear,17.6,2449.92,1799.41,502.04,27.9,26.55,False,0,1,Filed,False,205,False,19.5,True,9,Section 11 Notification Issued,432,1,Applied,Pending,True,125,True,Administrative Approval,MP-LAO-2022-0917,0.5433,455,Administrative Approval
22-002-004-231516,Airport Expansion - Raipur Stretch 1,Airport Expansion,Airports Authority of India,Chhattisgarh,Raipur,Raipur North,Bhimnagar,21.23275,81.52115,2019-10-31,2022-05-01,2022-05-01,15.4,52,28,1.818,True,1,Clear,38.85,1196.58,753.66,387.38,51.4,37.02,True,3,0,None,False,0,True,62.7,True,27,Award Declared,187,0,Obtained,Obtained,True,0,False,Not Applicable,CG-LAO-2022-0755,0.3564,913,Compensation Disbursal
27-001-021-354655,Irrigation Canal - Mumbai Suburban Stretch 2,Irrigation Canal,State Irrigation Dept,Maharashtra,Mumbai Suburban,Mumbai Suburban West,Uttanahalli,19.07755,72.86707,2019-04-25,2020-10-16,2021-09-24,90.4,223,146,1.615,True,8,Disputed,53.53,9678.22,6856.16,1679.76,24.5,29.16,False,0,5,Under Hearing,False,22,True,27.7,True,45,SIA Completed,87,2,Obtained,Obtained,True,343,True,Ownership / Title,MH-LAO-2022-0603,0.7028,540,Ownership / Title
09-031-022-184217,Industrial Corridor - Varanasi Stretch 5,Industrial Corridor,State Industrial Corp,Uttar Pradesh,Varanasi,Varanasi West,Veerapuram,25.56017,83.02374,2022-08-23,2025-05-12,2025-05-12,41.6,118,71,1.707,True,2,Clear,26.91,4477.82,4147.86,2364.28,57.0,7.37,False,0,1,Resolved,False,606,False,25.1,False,24,Section 11 Notification Issued,33,4,Applied,Pending,True,0,False,Not Applicable,UP-LAO-2025-0822,0.3922,993,Administrative Approval
21-019-018-511650,Urban Metro - Ganjam Stretch 1,Urban Metro,Metro Rail Corp,Odisha,Ganjam,Ganjam East,Raghunathpur,19.37652,84.765,2019-03-28,2020-10-16,2020-10-16,120.2,293,173,1.439,False,0,Partial,9.07,4360.86,2702.26,1521.37,56.3,38.03,True,2,2,Under Hearing,False,164,True,71.7,False,154,SIA Completed,172,2,Obtained,Applied,True,0,False,Not Applicable,OD-LAO-2025-0784,0.4262,568,Compensation Disbursal
36-027-020-551651,Power Transmission - Nizamabad Stretch 7,Power Transmission,POWERGRID,Telangana,Nizamabad,Nizamabad West,Tarapur,18.81498,78.01523,2022-11-09,2024-04-06,2024-04-06,26.2,59,44,1.679,False,0,Clear,31.98,3351.5,2363.57,1323.6,56.0,29.48,True,6,2,Resolved,False,22,False,4.1,False,1,R&R Implementation,309,2,Applied,Applied,True,0,False,Not Applicable,TG-LAO-2021-0135,0.477,514,Rehabilitation (R&R)
09-002-007-873989,Irrigation Canal - Lucknow Stretch 4,Irrigation Canal,State Irrigation Dept,Uttar Pradesh,Lucknow,Lucknow South,Chandrapalli,26.70279,80.91779,2023-11-30,2025-03-16,2025-03-16,254.9,569,365,1.432,True,4,Partial,38.86,19810.83,18386.82,8384.39,45.6,7.19,True,2,3,Resolved,False,11,True,97.1,False,429,SIA Completed,49,2,Obtained,Applied,True,0,False,Not Applicable,UP-LAO-2021-0734,0.3952,472,Ownership / Title
36-027-003-562673,Airport Expansion - Nizamabad Stretch 4,Airport Expansion,Airports Authority of India,Telangana,Nizamabad,Nizamabad North,Ganeshpura,18.65574,78.14151,2021-02-25,2023-03-27,2023-08-10,41.7,77,65,1.559,True,2,Clear,20.73,3457.76,2808.43,1398.6,49.8,18.78,False,0,1,Under Hearing,False,98,False,22.4,True,12,Compensation Disbursement,258,5,Applied,Obtained,True,136,True,Administrative Approval,TG-LAO-2021-0135,0.5493,760,Administrative Approval
29-022-018-398840,Urban Metro - Belagavi Stretch 4,Urban Metro,Metro Rail Corp,Karnataka,Belagavi,Belagavi East,Raghunathpur,15.91427,74.47658,2022-08-22,2024-12-17,2024-12-31,38.5,74,65,1.688,True,3,Partial,18.25,2810.5,1687.04,927.87,55.0,39.97,True,1,1,Filed,False,52,False,13.6,True,8,Section 11 Notification Issued,263,2,Obtained,Not Required,True,14,False,Not Applicable,KA-LAO-2025-0488,0.4879,848,Rehabilitation (R&R)
22-018-016-513419,Power Transmission - Korba Stretch 7,Power Transmission,POWERGRID,Chhattisgarh,Korba,Korba East,Nandgaon,22.22414,82.72827,2020-03-26,2022-06-09,2022-06-21,28.7,53,53,1.847,True,3,Partial,14.31,1642.79,1263.63,652.03,51.6,23.08,True,3,1,Filed,False,5,False,4.8,False,2,Award Declared,117,3,Obtained,Not Required,True,12,False,Not Applicable,CG-LAO-2024-0820,0.4537,805,Rehabilitation (R&R)
21-026-009-986885,Industrial Corridor - Sambalpur Stretch 4,Industrial Corridor,State Industrial Corp,Odisha,Sambalpur,Sambalpur South,Basavanahalli,21.46051,83.95043,2020-09-08,2022-12-14,2022-12-14,23.8,54,42,1.765,True,4,Partial,25.0,2380.0,1911.77,921.47,48.2,19.67,True,2,1,Resolved,False,5,True,67.0,False,32,Section 11 Notification Issued,21,1,Obtained,Not Required,True,0,False,Not Applicable,OD-LAO-2024-0281,0.3123,827,Ownership / Title
36-019-006-179929,National Highway - Karimnagar Stretch 2,National Highway,NHAI,Telangana,Karimnagar,Karimnagar North,Devgaon,18.48228,79.01469,2021-06-27,2024-03-09,2024-09-11,64.7,139,105,1.623,True,2,Partial,7.27,1881.48,1545.48,513.1,33.2,17.86,True,1,3,Under Hearing,False,183,False,8.6,True,11,Award Declared,6,7,Obtained,Obtained,True,186,True,Rehabilitation (R&R),TG-LAO-2024-0235,0.5879,986,Rehabilitation (R&R)
09-031-011-974744,Railway Line - Varanasi Stretch 4,Railway Line,Indian Railways,Uttar Pradesh,Varanasi,Varanasi South,Amrapur,25.363,82.96109,2019-11-06,2021-05-20,2021-05-20,14.3,28,26,1.818,False,0,Clear,23.05,1318.46,1178.45,452.52,38.4,10.62,True,2,0,None,False,0,True,83.6,False,16,R&R Implementation,75,0,Applied,Not Required,True,0,False,Not Applicable,UP-LAO-2025-0822,0.2312,561,Compensation Disbursal
21-019-004-813179,Railway Line - Ganjam Stretch 2,Railway Line,Indian Railways,Odisha,Ganjam,Ganjam North,Bhimnagar,19.44261,84.81538,2020-09-18,2023-05-15,2023-05-30,30.9,83,46,1.489,True,7,Disputed,17.2,2125.92,1810.95,854.77,47.2,14.82,False,0,2,Under Hearing,False,41,True,58.9,True,45,SIA Completed,100,1,Obtained,Obtained,True,15,False,Not Applicable,OD-LAO-2025-0784,0.4132,969,Ownership / Title
27-037-017-071976,State Highway - Nashik Stretch 6,State Highway,State PWD,Maharashtra,Nashik,Nashik East,Peddapalli,20.04614,73.82463,2020-08-06,2022-07-26,2022-07-26,16.8,46,32,1.905,True,1,Clear,15.62,1049.66,637.45,25.5,4.0,39.27,True,4,1,Resolved,False,48,True,71.3,True,30,Compensation Disbursement,32,0,Obtained,Applied,True,0,False,Not Applicable,MH-LAO-2025-0385,0.4482,719,Compensation Disbursal
22-018-001-545491,State Highway - Korba Stretch 7,State Highway,State PWD,Chhattisgarh,Korba,Korba North,Rampur,22.41443,82.59342,2022-03-25,2024-10-17,2025-06-09,54.1,127,79,1.46,True,2,Partial,11.78,2549.19,1835.44,805.76,43.9,28.0,True,3,4,Stayed by Court,True,308,False,18.8,True,17,Possession Taken,72,1,Obtained,Not Required,True,235,True,Legal Dispute,CG-LAO-2024-0820,0.6319,937,Legal Dispute
23-004-003-065678,Urban Metro - Bhopal Stretch 2,Urban Metro,Metro Rail Corp,Madhya Pradesh,Bhopal,Bhopal North,Ganeshpura,23.43902,77.32358,2021-02-01,2023-07-05,2023-07-05,31.4,69,41,1.306,False,0,Clear,49.46,3106.09,2490.11,1576.24,63.3,19.83,False,0,1,Stayed by Court,True,100,True,88.1,True,42,Award Declared,139,3,Applied,Obtained,True,0,False,Not Applicable,MP-LAO-2023-0365,0.3561,884,Legal Dispute
23-028-018-538523,Railway Line - Jabalpur Stretch 2,Railway Line,Indian Railways,Madhya Pradesh,Jabalpur,Jabalpur East,Raghunathpur,23.17523,79.99706,2023-11-25,2025-06-14,2026-03-06,22.0,46,34,1.545,True,3,Partial,14.93,1313.84,1098.41,540.42,49.2,16.4,True,2,1,Stayed by Court,True,244,False,11.1,False,4,R&R Implementation,467,1,Pending,Pending,True,265,True,Administrative Approval,MP-LAO-2022-0917,0.5349,567,Administrative Approval
23-004-019-847768,Railway Line - Bhopal Stretch 3,Railway Line,Indian Railways,Madhya Pradesh,Bhopal,Bhopal West,Shivnagar,23.29618,77.3606,2019-08-17,2021-04-22,2021-05-23,11.2,13,14,1.25,True,1,Clear,48.96,1096.7,866.28,322.26,37.2,21.01,False,0,3,Stayed by Court,True,247,True,26.9,False,2,Award Declared,222,0,Pending,Not Required,True,31,True,Legal Dispute,MP-LAO-2023-0365,0.5242,614,Legal Dispute
22-018-021-968127,Irrigation Canal - Korba Stretch 4,Irrigation Canal,State Irrigation Dept,Chhattisgarh,Korba,Korba West,Uttanahalli,22.32416,82.69124,2023-09-07,2024-11-10,2025-01-28,16.4,27,25,1.524,True,3,Disputed,21.09,1383.5,1122.12,373.67,33.3,18.89,True,3,1,Filed,False,191,True,47.2,False,10,Section 11 Notification Issued,69,0,Obtained,Not Required,True,79,True,Ownership / Title,CG-LAO-2024-0820,0.4653,430,Ownership / Title
22-018-015-420983,Industrial Corridor - Korba Stretch 6,Industrial Corridor,State Industrial Corp,Chhattisgarh,Korba,Korba East,Madhavgarh,22.36529,82.68724,2019-01-23,2020-06-07,2021-07-01,26.0,55,43,1.654,True,4,Disputed,29.11,3027.44,1880.91,605.65,32.2,37.87,True,3,5,Resolved,False,83,True,20.3,True,10,SIA Completed,64,2,Pending,Not Required,True,389,True,Ownership / Title,CG-LAO-2024-0820,0.657,501,Ownership / Title
29-009-001-727216,National Highway - Tumakuru Stretch 8,National Highway,NHAI,Karnataka,Tumakuru,Tumakuru North,Rampur,13.2965,77.18252,2023-10-15,2024-12-09,2024-12-09,46.8,97,80,1.709,True,2,Clear,17.23,3225.46,2425.69,1710.11,70.5,24.8,False,0,0,None,False,0,True,63.6,False,54,Compensation Disbursement,249,1,Obtained,Applied,True,0,False,Not Applicable,KA-LAO-2023-0611,0.2771,421,Administrative Approval
21-012-022-367262,Railway Line - Cuttack Stretch 1,Railway Line,Indian Railways,Odisha,Cuttack,Cuttack West,Veerapuram,20.44596,85.8793,2020-11-18,2022-12-10,2022-12-10,30.8,112,77,2.5,False,0,Clear,13.22,1628.7,1061.16,439.32,41.4,34.85,True,1,0,None,False,0,True,48.6,False,43,Section 11 Notification Issued,44,3,Applied,Not Required,True,0,False,Not Applicable,OD-LAO-2021-0890,0.276,752,Compensation Disbursal
21-026-003-542903,State Highway - Sambalpur Stretch 3,State Highway,State PWD,Odisha,Sambalpur,Sambalpur North,Ganeshpura,21.53792,84.05742,2023-11-23,2025-09-01,2025-09-01,29.5,73,41,1.39,False,0,Clear,10.23,1207.14,863.95,94.17,10.9,28.43,True,1,0,None,False,0,True,54.5,True,37,SIA Completed,31,1,Pending,Not Required,True,0,False,Not Applicable,OD-LAO-2024-0281,0.3535,648,Compensation Disbursal
27-037-019-629965,Irrigation Canal - Nashik Stretch 3,Irrigation Canal,State Irrigation Dept,Maharashtra,Nashik,Nashik West,Shivnagar,19.99193,73.76422,2021-03-07,2023-11-02,2023-11-02,21.2,55,35,1.651,True,2,Clear,26.56,2252.29,2092.76,1186.59,56.7,7.08,False,0,1,Under Hearing,False,427,True,19.8,False,10,Compensation Disbursement,126,1,Pending,Not Required,True,0,False,Not Applicable,MH-LAO-2025-0385,0.3972,970,Rehabilitation (R&R)
33-031-012-609327,Urban Metro - Madurai Stretch 6,Urban Metro,Metro Rail Corp,Tamil Nadu,Madurai,Madurai South,Jaitpur,10.00494,78.1069,2019-07-11,2021-07-15,2022-05-19,132.9,311,187,1.407,True,6,Partial,7.75,4119.9,2609.04,874.03,33.5,36.67,False,0,1,Stayed by Court,True,92,True,4.8,False,13,Award Declared,162,2,Pending,Not Required,True,308,True,Rehabilitation (R&R),TN-LAO-2021-0436,0.6463,735,Rehabilitation (R&R)
29-022-003-474706,Railway Line - Belagavi Stretch 5,Railway Line,Indian Railways,Karnataka,Belagavi,Belagavi North,Ganeshpura,15.84808,74.35257,2020-11-17,2023-03-30,2023-03-30,24.3,49,34,1.399,True,1,Clear,8.76,851.47,528.45,254.18,48.1,37.94,True,1,0,None,False,0,False,30.9,True,15,SIA Completed,3,5,Pending,Applied,True,0,False,Not Applicable,KA-LAO-2025-0488,0.4214,863,Administrative Approval
29-022-015-076657,Power Transmission - Belagavi Stretch 5,Power Transmission,POWERGRID,Karnataka,Belagavi,Belagavi East,Madhavgarh,15.81833,74.4732,2022-07-09,2024-01-31,2024-07-30,44.6,52,47,1.054,True,2,Clear,7.18,1280.91,770.01,347.27,45.1,39.89,True,2,4,Under Hearing,False,421,True,34.3,False,14,SIA Completed,95,1,Not Required,Obtained,True,181,True,Legal Dispute,KA-LAO-2025-0488,0.5522,571,Legal Dispute
33-023-005-642414,Industrial Corridor - Coimbatore Stretch 6,Industrial Corridor,State Industrial Corp,Tamil Nadu,Coimbatore,Coimbatore North,Sultanpur,10.939,76.98983,2023-07-18,2025-03-09,2025-04-30,32.7,69,52,1.59,True,2,Partial,18.68,2443.34,1828.89,883.35,48.3,25.15,True,1,1,Stayed by Court,True,28,True,52.0,True,30,R&R Implementation,49,3,Applied,Not Required,True,52,True,Administrative Approval,TN-LAO-2024-0163,0.4512,600,Administrative Approval
33-031-018-828945,Industrial Corridor - Madurai Stretch 5,Industrial Corridor,State Industrial Corp,Tamil Nadu,Madurai,Madurai East,Raghunathpur,9.81351,78.28679,2020-08-12,2023-04-23,2023-04-23,20.3,31,34,1.675,False,0,Partial,15.69,1274.03,1141.34,640.29,56.1,10.41,True,1,3,Under Hearing,False,19,True,68.9,False,17,Award Declared,393,3,Obtained,Obtained,True,0,False,Not Applicable,TN-LAO-2021-0436,0.4536,984,Legal Dispute
36-019-008-658064,National Highway - Karimnagar Stretch 5,National Highway,NHAI,Telangana,Karimnagar,Karimnagar South,Narsapur,18.35248,79.10978,2019-12-16,2021-05-21,2021-05-21,25.5,67,40,1.569,True,1,Clear,29.49,3007.98,1783.25,1234.01,69.2,40.72,True,3,2,Filed,False,9,True,60.8,False,30,Possession Taken,358,3,Pending,Not Required,True,0,False,Not Applicable,TG-LAO-2024-0235,0.3876,522,Administrative Approval
09-044-007-769720,State Highway - Prayagraj Stretch 3,State Highway,State PWD,Uttar Pradesh,Prayagraj,Prayagraj South,Chandrapalli,25.3787,81.71579,2023-11-17,2026-04-27,2026-04-27,80.5,132,104,1.292,True,7,Disputed,27.15,8742.3,7035.18,6057.29,86.1,19.53,True,4,3,Stayed by Court,True,49,True,37.2,True,38,SIA Completed,25,6,Obtained,Not Required,True,0,False,Not Applicable,UP-LAO-2023-0576,0.4997,892,Ownership / Title
29-022-013-419792,Railway Line - Belagavi Stretch 8,Railway Line,Indian Railways,Karnataka,Belagavi,Belagavi East,Kesarpur,15.86578,74.32623,2020-09-15,2022-11-24,2023-02-17,29.4,74,46,1.565,True,2,Partial,12.95,1522.92,1196.78,793.47,66.3,21.42,True,1,1,Under Hearing,False,232,True,32.6,True,22,Section 11 Notification Issued,58,3,Applied,Pending,True,85,True,Administrative Approval,KA-LAO-2025-0488,0.485,800,Administrative Approval
22-002-023-912116,Railway Line - Raipur Stretch 2,Railway Line,Indian Railways,Chhattisgarh,Raipur,Raipur West,Yellapur,21.24703,81.49568,2019-02-11,2020-11-17,2020-11-17,31.7,68,48,1.514,False,0,Clear,65.18,4132.41,3484.5,888.55,25.5,15.68,True,2,0,None,False,0,False,25.3,True,14,Compensation Disbursement,40,2,Pending,Obtained,True,0,False,Not Applicable,CG-LAO-2022-0755,0.3831,645,Rehabilitation (R&R)
23-033-022-948550,Power Transmission - Gwalior Stretch 3,Power Transmission,POWERGRID,Madhya Pradesh,Gwalior,Gwalior West,Veerapuram,26.34615,78.29416,2020-12-25,2022-04-21,2022-07-10,62.4,166,90,1.442,True,3,Partial,20.36,5081.86,3842.77,587.94,15.3,24.38,True,3,2,Resolved,False,150,False,36.1,False,55,Possession Taken,18,1,Obtained,Obtained,True,80,True,Compensation Disbursal,MP-LAO-2024-0467,0.4772,482,Compensation Disbursal
27-013-017-224465,National Highway - Pune Stretch 3,National Highway,NHAI,Maharashtra,Pune,Pune East,Peddapalli,18.58228,73.85941,2022-04-25,2024-09-21,2024-09-21,36.1,80,69,1.911,False,0,Clear,91.7,6620.74,5287.1,3605.8,68.2,20.14,True,2,2,Filed,False,67,True,90.5,True,70,SIA Completed,92,3,Obtained,Applied,True,0,False,Not Applicable,MH-LAO-2023-0454,0.4379,880,Administrative Approval
09-031-011-403676,State Highway - Varanasi Stretch 3,State Highway,State PWD,Uttar Pradesh,Varanasi,Varanasi South,Amrapur,25.33853,82.99771,2020-03-16,2021-10-15,2021-10-15,18.3,40,31,1.694,False,0,Clear,11.28,825.7,653.55,305.86,46.8,20.85,True,1,0,None,False,0,False,9.5,False,3,Section 11 Notification Issued,129,6,Obtained,Obtained,True,0,False,Not Applicable,UP-LAO-2025-0822,0.3535,578,Rehabilitation (R&R)
21-026-006-801004,Urban Metro - Sambalpur Stretch 7,Urban Metro,Metro Rail Corp,Odisha,Sambalpur,Sambalpur North,Devgaon,21.50519,84.05603,2020-10-04,2023-05-29,2023-05-29,27.7,75,43,1.552,True,1,Partial,23.37,2589.4,1930.47,1287.62,66.7,25.45,True,3,2,Resolved,False,149,False,35.9,False,23,Possession Taken,32,1,Applied,Pending,True,0,False,Not Applicable,OD-LAO-2024-0281,0.3676,967,Administrative Approval
22-002-003-731451,Railway Line - Raipur Stretch 3,Railway Line,Indian Railways,Chhattisgarh,Raipur,Raipur North,Ganeshpura,21.13355,81.49332,2021-02-15,2023-06-10,2023-06-10,59.2,133,75,1.267,False,0,Clear,70.25,8317.6,5012.36,4105.12,81.9,39.74,True,2,1,Under Hearing,False,199,True,15.6,True,15,R&R Implementation,158,4,Applied,Not Required,True,0,False,Not Applicable,CG-LAO-2022-0755,0.44,845,Administrative Approval
36-027-010-959284,Urban Metro - Nizamabad Stretch 1,Urban Metro,Metro Rail Corp,Telangana,Nizamabad,Nizamabad South,Mallapuram,18.65633,78.11927,2021-11-21,2023-03-14,2023-11-04,64.0,83,81,1.266,False,0,Clear,28.8,7372.8,5551.19,3325.16,59.9,24.71,True,4,3,Stayed by Court,True,330,False,33.8,True,23,SIA Completed,29,2,Applied,Pending,True,235,True,Legal Dispute,TG-LAO-2021-0135,0.5797,478,Legal Dispute
36-019-006-621721,Industrial Corridor - Karimnagar Stretch 5,Industrial Corridor,State Industrial Corp,Telangana,Karimnagar,Karimnagar North,Devgaon,18.46007,79.01373,2021-10-08,2024-04-03,2024-07-18,48.3,74,62,1.284,True,3,Partial,9.59,1852.79,1259.34,775.75,61.6,32.03,True,1,4,Under Hearing,False,186,False,24.5,False,15,Compensation Disbursement,123,0,Applied,Not Required,True,106,True,Legal Dispute,TG-LAO-2024-0235,0.5741,908,Legal Dispute
22-009-003-276112,Urban Metro - Durg Stretch 7,Urban Metro,Metro Rail Corp,Chhattisgarh,Durg,Durg North,Ganeshpura,21.32081,81.3061,2021-03-28,2023-02-24,2023-05-07,124.5,311,183,1.47,True,1,Clear,18.94,9432.12,4434.14,2332.36,52.6,52.99,True,8,2,Filed,False,546,True,22.0,True,63,Possession Taken,110,0,Applied,Applied,True,72,True,Compensation Disbursal,CG-LAO-2024-0988,0.5428,698,Compensation Disbursal
21-005-012-204869,Railway Line - Khordha Stretch 7,Railway Line,Indian Railways,Odisha,Khordha,Khordha South,Jaitpur,20.27927,85.48451,2020-11-17,2022-07-21,2022-07-21,27.3,78,44,1.612,False,0,Clear,20.25,2211.3,1884.02,1111.57,59.0,14.8,False,0,0,None,False,0,True,44.1,False,31,Section 11 Notification Issued,12,4,Obtained,Not Required,True,0,False,Not Applicable,OD-LAO-2022-0873,0.2996,611,Compensation Disbursal
33-031-019-065120,Railway Line - Madurai Stretch 3,Railway Line,Indian Railways,Tamil Nadu,Madurai,Madurai West,Shivnagar,10.00057,78.20328,2020-08-20,2022-01-09,2022-01-09,56.6,101,81,1.431,True,4,Partial,20.03,4534.79,3953.74,3941.88,99.7,12.81,True,2,2,Under Hearing,False,5,True,40.7,False,34,Possession Taken,247,1,Obtained,Applied,True,0,False,Not Applicable,TN-LAO-2021-0436,0.3751,507,Ownership / Title
23-028-005-493813,Power Transmission - Jabalpur Stretch 6,Power Transmission,POWERGRID,Madhya Pradesh,Jabalpur,Jabalpur North,Sultanpur,23.06138,80.0228,2020-01-23,2022-04-28,2022-05-16,62.4,153,98,1.571,True,2,Clear,20.14,5026.94,2935.34,2069.41,70.5,41.61,True,3,4,Stayed by Court,True,125,True,76.1,True,103,Section 11 Notification Issued,65,3,Pending,Not Required,True,18,False,Not Applicable,MP-LAO-2022-0917,0.4596,826,Legal Dispute
33-014-003-624419,Industrial Corridor - Chennai Stretch 1,Industrial Corridor,State Industrial Corp,Tamil Nadu,Chennai,Chennai North,Ganeshpura,13.1935,80.3923,2022-07-08,2024-10-08,2024-10-08,29.0,54,46,1.586,True,1,Clear,54.58,3165.64,1304.9,972.15,74.5,58.78,True,4,4,Stayed by Court,True,60,True,45.6,True,23,Possession Taken,63,0,Obtained,Not Required,True,0,False,Not Applicable,TN-LAO-2021-0562,0.463,823,Legal Dispute
27-025-010-264070,National Highway - Nagpur Stretch 6,National Highway,NHAI,Maharashtra,Nagpur,Nagpur South,Mallapuram,21.11552,79.15205,2021-06-22,2023-06-18,2023-10-14,50.1,132,73,1.457,True,2,Clear,64.4,6452.88,4351.52,3037.36,69.8,32.56,True,1,2,Stayed by Court,True,80,False,29.6,True,35,Compensation Disbursement,159,2,Applied,Not Required,True,118,True,Legal Dispute,MH-LAO-2025-0718,0.5079,726,Legal Dispute
09-031-010-245314,Urban Metro - Varanasi Stretch 6,Urban Metro,Metro Rail Corp,Uttar Pradesh,Varanasi,Varanasi South,Mallapuram,25.37334,82.88997,2022-06-16,2023-11-19,2023-11-19,12.5,30,19,1.52,True,1,Clear,26.93,1346.5,1103.88,504.47,45.7,18.02,True,1,0,None,False,0,True,40.9,True,9,Award Declared,68,1,Obtained,Not Required,True,0,False,Not Applicable,UP-LAO-2025-0822,0.2151,521,Compensation Disbursal
29-018-016-583426,Airport Expansion - Mysuru Stretch 8,Airport Expansion,Airports Authority of India,Karnataka,Mysuru,Mysuru East,Nandgaon,12.35565,76.63644,2023-02-15,2024-11-04,2024-11-04,39.7,105,63,1.587,True,3,Clear,9.62,1527.66,1255.46,493.4,39.3,17.82,True,2,4,Under Hearing,False,812,True,77.1,False,61,Compensation Disbursement,86,0,Not Required,Pending,True,0,False,Not Applicable,KA-LAO-2021-0461,0.496,628,Legal Dispute
09-044-013-404185,Power Transmission - Prayagraj Stretch 2,Power Transmission,POWERGRID,Uttar Pradesh,Prayagraj,Prayagraj East,Kesarpur,25.35448,81.88806,2022-07-09,2024-05-19,2024-05-19,15.0,22,14,0.933,False,0,Clear,14.89,893.4,579.1,421.58,72.8,35.18,True,5,1,Stayed by Court,True,13,True,30.6,False,5,Compensation Disbursement,70,1,Not Required,Pending,True,0,False,Not Applicable,UP-LAO-2023-0576,0.3964,680,Rehabilitation (R&R)
23-028-004-042521,Power Transmission - Jabalpur Stretch 3,Power Transmission,POWERGRID,Madhya Pradesh,Jabalpur,Jabalpur North,Bhimnagar,23.35859,79.9928,2023-01-15,2025-07-29,2025-07-29,167.3,240,237,1.417,False,0,Clear,30.7,20544.44,14959.32,8526.81,57.0,27.19,True,4,1,Under Hearing,False,118,True,7.0,False,12,R&R Implementation,28,2,Obtained,Obtained,True,0,False,Not Applicable,MP-LAO-2022-0917,0.3348,926,Rehabilitation (R&R)
22-009-003-212798,National Highway - Durg Stretch 7,National Highway,NHAI,Chhattisgarh,Durg,Durg North,Ganeshpura,21.31846,81.30252,2023-11-02,2026-04-14,2026-04-14,27.8,50,41,1.475,True,1,Clear,31.85,3541.72,2206.79,1758.81,79.7,37.69,True,2,2,Under Hearing,False,5,True,58.8,False,25,Award Declared,198,2,Pending,Not Required,True,0,False,Not Applicable,CG-LAO-2024-0988,0.4427,894,Administrative Approval
21-026-005-799576,Irrigation Canal - Sambalpur Stretch 4,Irrigation Canal,State Irrigation Dept,Odisha,Sambalpur,Sambalpur North,Sultanpur,21.45854,84.03493,2022-07-08,2025-04-02,2025-04-02,18.1,42,28,1.547,True,2,Clear,9.32,674.77,585.8,462.2,78.9,13.18,False,0,2,Resolved,False,251,True,8.6,False,3,R&R Implementation,68,2,Pending,Pending,True,0,False,Not Applicable,OD-LAO-2024-0281,0.3527,999,Rehabilitation (R&R)
22-014-017-793907,State Highway - Bilaspur Stretch 1,State Highway,State PWD,Chhattisgarh,Bilaspur,Bilaspur East,Peddapalli,22.0702,82.08101,2019-01-07,2021-06-06,2021-06-06,12.2,33,18,1.475,False,0,Clear,15.37,750.06,520.26,237.24,45.6,30.64,True,2,0,None,False,0,False,17.9,False,5,SIA Completed,55,5,Applied,Not Required,True,0,False,Not Applicable,CG-LAO-2022-0241,0.2858,881,Rehabilitation (R&R)
22-014-012-594344,Industrial Corridor - Bilaspur Stretch 3,Industrial Corridor,State Industrial Corp,Chhattisgarh,Bilaspur,Bilaspur South,Jaitpur,22.03534,82.06231,2022-11-06,2024-08-11,2024-08-11,39.6,62,59,1.49,True,1,Clear,28.57,4525.49,3128.29,2421.3,77.4,30.87,True,1,2,Under Hearing,False,221,True,40.1,False,18,Section 11 Notification Issued,13,1,Applied,Not Required,True,0,False,Not Applicable,CG-LAO-2022-0241,0.3795,644,Legal Dispute
09-002-004-500329,State Highway - Lucknow Stretch 2,State Highway,State PWD,Uttar Pradesh,Lucknow,Lucknow North,Bhimnagar,26.83727,80.80138,2020-06-23,2021-09-30,2021-09-30,26.6,42,44,1.654,True,1,Partial,44.25,2354.1,2136.38,1219.87,57.1,9.25,False,0,1,Under Hearing,False,399,True,15.6,False,5,Possession Taken,14,1,Not Required,Not Required,True,0,False,Not Applicable,UP-LAO-2021-0734,0.3036,464,Rehabilitation (R&R)
21-005-023-666269,State Highway - Khordha Stretch 3,State Highway,State PWD,Odisha,Khordha,Khordha West,Yellapur,20.28398,85.73381,2020-12-08,2023-08-19,2023-08-19,14.8,38,27,1.824,True,1,Clear,20.57,1217.74,851.83,746.2,87.6,30.05,True,4,0,None,False,0,True,74.6,False,21,Possession Taken,130,1,Not Required,Applied,True,0,False,Not Applicable,OD-LAO-2022-0873,0.1407,984,Compensation Disbursal
33-045-009-097812,Railway Line - Tiruchirappalli Stretch 6,Railway Line,Indian Railways,Tamil Nadu,Tiruchirappalli,Tiruchirappalli South,Basavanahalli,10.79532,78.67421,2023-11-29,2026-04-10,2027-06-06,14.7,20,21,1.429,True,3,Disputed,17.7,1040.76,879.94,280.7,31.9,15.45,True,2,4,Stayed by Court,True,65,True,66.2,True,11,Possession Taken,104,2,Obtained,Pending,True,422,True,Legal Dispute,TN-LAO-2022-0490,0.6885,863,Legal Dispute
27-025-001-660303,Urban Metro - Nagpur Stretch 8,Urban Metro,Metro Rail Corp,Maharashtra,Nagpur,Nagpur North,Rampur,21.25536,79.05018,2020-07-08,2022-07-13,2022-07-13,85.9,140,127,1.478,False,0,Clear,77.95,13391.81,11624.12,9915.37,85.3,13.2,True,1,1,Under Hearing,False,131,False,34.5,True,44,R&R Implementation,21,2,Applied,Obtained,True,0,False,Not Applicable,MH-LAO-2025-0718,0.3194,735,Rehabilitation (R&R)
22-002-001-361870,Urban Metro - Raipur Stretch 5,Urban Metro,Metro Rail Corp,Chhattisgarh,Raipur,Raipur North,Rampur,21.3239,81.68361,2022-07-16,2024-10-27,2025-03-20,37.0,79,51,1.378,False,0,Clear,66.89,4949.86,2353.64,555.46,23.6,52.45,True,7,1,Resolved,False,105,True,85.2,False,59,Section 11 Notification Issued,174,5,Not Required,Pending,True,144,True,Administrative Approval,CG-LAO-2022-0755,0.5011,834,Administrative Approval
27-025-022-646157,State Highway - Nagpur Stretch 3,State Highway,State PWD,Maharashtra,Nagpur,Nagpur West,Veerapuram,21.27338,79.19461,2019-07-14,2020-11-11,2020-12-16,44.3,138,78,1.761,True,2,Clear,87.03,7710.86,6689.24,2093.73,31.3,13.25,True,2,2,Filed,False,96,False,28.3,False,33,Possession Taken,58,1,Pending,Obtained,True,35,True,Rehabilitation (R&R),MH-LAO-2025-0718,0.5182,486,Rehabilitation (R&R)
09-015-013-630484,Power Transmission - Kanpur Nagar Stretch 5,Power Transmission,POWERGRID,Uttar Pradesh,Kanpur Nagar,Kanpur Nagar East,Kesarpur,26.58161,80.391,2023-05-15,2025-12-20,2026-03-25,21.4,55,32,1.495,True,2,Partial,25.94,2220.46,945.62,566.43,59.9,57.41,True,2,6,Filed,False,273,True,16.8,False,7,Possession Taken,60,1,Obtained,Not Required,True,95,True,Rehabilitation (R&R),UP-LAO-2023-0451,0.5115,950,Rehabilitation (R&R)
22-009-002-219883,Railway Line - Durg Stretch 5,Railway Line,Indian Railways,Chhattisgarh,Durg,Durg North,Kothapalli,21.16815,81.29971,2019-08-17,2021-09-20,2021-09-20,6.8,9,10,1.471,True,2,Partial,21.82,593.5,503.32,427.82,85.0,15.2,False,0,2,Stayed by Court,True,68,False,31.0,False,2,Possession Taken,11,3,Applied,Not Required,True,0,False,Not Applicable,CG-LAO-2024-0988,0.429,765,Legal Dispute
27-025-015-665882,Railway Line - Nagpur Stretch 2,Railway Line,Indian Railways,Maharashtra,Nagpur,Nagpur East,Madhavgarh,20.95775,79.02631,2023-05-08,2026-01-31,2026-01-31,50.7,71,76,1.499,False,0,Clear,54.4,5516.16,3964.53,2767.24,69.8,28.13,True,3,2,Filed,False,413,True,75.1,False,50,Award Declared,162,1,Obtained,Obtained,True,0,False,Not Applicable,MH-LAO-2025-0718,0.3727,999,Legal Dispute
21-026-010-849923,Power Transmission - Sambalpur Stretch 7,Power Transmission,POWERGRID,Odisha,Sambalpur,Sambalpur South,Mallapuram,21.40016,84.02093,2020-06-11,2022-06-09,2022-06-09,33.1,89,59,1.782,True,1,Clear,22.23,2943.25,2298.04,1604.03,69.8,21.92,True,6,0,None,False,0,True,70.6,False,49,Award Declared,590,1,Applied,Obtained,True,0,False,Not Applicable,OD-LAO-2024-0281,0.2031,728,Administrative Approval
33-023-003-111318,Railway Line - Coimbatore Stretch 2,Railway Line,Indian Railways,Tamil Nadu,Coimbatore,Coimbatore North,Ganeshpura,11.06661,76.93226,2022-01-28,2023-06-03,2023-06-03,55.1,179,96,1.742,False,0,Clear,15.32,3376.53,2220.58,639.53,28.8,34.23,True,4,1,Filed,False,183,True,79.6,False,112,Section 11 Notification Issued,199,1,Applied,Not Required,True,0,False,Not Applicable,TN-LAO-2024-0163,0.4602,491,Compensation Disbursal
29-009-017-318719,National Highway - Tumakuru Stretch 2,National Highway,NHAI,Karnataka,Tumakuru,Tumakuru East,Peddapalli,13.22061,77.04725,2019-07-12,2020-10-23,2020-10-23,62.7,80,88,1.404,False,0,Partial,19.93,4998.44,3747.36,1150.44,30.7,25.03,True,4,2,Filed,False,39,True,74.2,True,51,Compensation Disbursement,17,1,Obtained,Not Required,True,0,False,Not Applicable,KA-LAO-2023-0611,0.3492,469,Compensation Disbursal
27-025-016-963898,National Highway - Nagpur Stretch 7,National Highway,NHAI,Maharashtra,Nagpur,Nagpur East,Nandgaon,21.24187,79.08967,2023-05-29,2025-06-29,2025-06-29,51.1,103,88,1.722,False,0,Clear,79.87,8162.71,5263.89,1642.33,31.2,35.51,True,2,0,None,False,0,True,3.3,False,2,Award Declared,32,1,Pending,Not Required,True,0,False,Not Applicable,MH-LAO-2025-0718,0.3277,762,Rehabilitation (R&R)
21-026-001-033765,Urban Metro - Sambalpur Stretch 8,Urban Metro,Metro Rail Corp,Odisha,Sambalpur,Sambalpur North,Rampur,21.63057,83.962,2022-08-14,2023-10-14,2024-05-22,31.8,46,34,1.069,False,0,Clear,23.89,3038.81,1524.75,641.92,42.1,49.82,True,7,2,Under Hearing,False,215,True,78.2,True,29,Possession Taken,101,2,Pending,Applied,True,221,True,Compensation Disbursal,OD-LAO-2024-0281,0.5225,426,Compensation Disbursal
21-019-003-645108,Industrial Corridor - Ganjam Stretch 8,Industrial Corridor,State Industrial Corp,Odisha,Ganjam,Ganjam North,Ganeshpura,19.26263,84.69176,2022-08-09,2024-06-01,2024-07-04,5.7,12,8,1.404,True,2,Partial,26.86,612.41,579.51,288.02,49.7,5.37,False,0,1,Filed,False,255,False,6.7,False,0,Possession Taken,17,0,Not Required,Not Required,True,33,True,Rehabilitation (R&R),OD-LAO-2025-0784,0.4058,662,Rehabilitation (R&R)
23-028-011-237736,Airport Expansion - Jabalpur Stretch 6,Airport Expansion,Airports Authority of India,Madhya Pradesh,Jabalpur,Jabalpur South,Amrapur,23.27212,79.89388,2019-06-02,2021-11-12,2022-02-16,28.6,51,47,1.643,False,0,Clear,16.58,1896.75,1104.64,816.33,73.9,41.76,True,1,2,Under Hearing,False,312,False,11.7,False,5,Possession Taken,182,0,Not Required,Applied,True,96,True,Rehabilitation (R&R),MP-LAO-2022-0917,0.487,894,Rehabilitation (R&R)
36-011-020-735729,Urban Metro - Warangal Stretch 6,Urban Metro,Metro Rail Corp,Telangana,Warangal,Warangal West,Tarapur,18.14586,79.56368,2021-09-25,2024-01-31,2024-01-31,30.7,60,56,1.824,True,2,Partial,9.42,1156.78,1040.8,758.74,72.9,10.03,True,1,2,Stayed by Court,True,75,True,29.9,False,17,SIA Completed,81,3,Not Required,Not Required,True,0,False,Not Applicable,TG-LAO-2021-0919,0.4514,858,Legal Dispute
21-019-007-297332,Urban Metro - Ganjam Stretch 8,Urban Metro,Metro Rail Corp,Odisha,Ganjam,Ganjam South,Chandrapalli,19.33856,84.94109,2021-05-18,2024-02-01,2024-07-10,88.6,110,104,1.174,True,4,Disputed,26.32,9327.81,7618.01,4441.3,58.3,18.33,True,2,2,Stayed by Court,True,100,False,26.4,False,23,Compensation Disbursement,232,2,Not Required,Not Required,True,160,True,Ownership / Title,OD-LAO-2025-0784,0.544,989,Ownership / Title
36-019-002-560534,National Highway - Karimnagar Stretch 5,National Highway,NHAI,Telangana,Karimnagar,Karimnagar North,Kothapalli,18.34513,79.09098,2023-04-23,2026-01-15,2026-01-15,9.2,19,19,2.065,True,1,Partial,27.68,1018.62,870.35,610.99,70.2,14.56,True,3,2,Filed,False,496,True,26.4,False,4,R&R Implementation,121,1,Applied,Not Required,True,0,False,Not Applicable,TG-LAO-2024-0235,0.3426,998,Rehabilitation (R&R)
27-013-003-816162,Industrial Corridor - Pune Stretch 2,Industrial Corridor,State Industrial Corp,Maharashtra,Pune,Pune North,Ganeshpura,18.5232,73.94704,2020-05-09,2021-09-25,2021-09-25,44.1,106,57,1.293,False,0,Clear,77.11,6801.1,5760.33,311.06,5.4,15.3,False,0,1,Under Hearing,False,385,True,91.8,False,89,Award Declared,132,3,Obtained,Applied,True,0,False,Not Applicable,MH-LAO-2023-0454,0.447,504,Compensation Disbursal
33-023-022-052203,Railway Line - Coimbatore Stretch 6,Railway Line,Indian Railways,Tamil Nadu,Coimbatore,Coimbatore West,Veerapuram,11.01026,77.16313,2022-06-02,2025-02-01,2025-05-23,71.5,132,108,1.51,True,7,Disputed,19.24,5502.64,3685.93,2336.88,63.4,33.02,True,3,4,Under Hearing,False,671,False,10.0,True,11,Compensation Disbursement,107,3,Obtained,Not Required,True,111,True,Ownership / Title,TN-LAO-2024-0163,0.5641,975,Ownership / Title
29-018-006-070607,State Highway - Mysuru Stretch 4,State Highway,State PWD,Karnataka,Mysuru,Mysuru North,Devgaon,12.30741,76.7247,2020-10-15,2022-10-12,2023-02-13,46.0,86,59,1.283,True,3,Disputed,8.7,1600.8,1027.65,335.01,32.6,35.8,True,4,4,Resolved,False,5,True,26.8,False,17,R&R Implementation,5,0,Not Required,Not Required,True,124,True,Ownership / Title,KA-LAO-2021-0461,0.6017,727,Ownership / Title
21-019-009-226590,Power Transmission - Ganjam Stretch 7,Power Transmission,POWERGRID,Odisha,Ganjam,Ganjam South,Basavanahalli,19.26392,84.73497,2020-01-06,2021-05-26,2021-05-26,49.5,91,66,1.333,False,0,Clear,20.65,4088.7,3886.2,3598.62,92.6,4.95,True,1,1,Stayed by Court,True,615,False,30.6,True,22,Possession Taken,27,2,Obtained,Not Required,True,0,False,Not Applicable,OD-LAO-2025-0784,0.2599,506,Legal Dispute
23-028-018-298105,Airport Expansion - Jabalpur Stretch 2,Airport Expansion,Airports Authority of India,Madhya Pradesh,Jabalpur,Jabalpur East,Raghunathpur,23.14997,79.98063,2023-06-24,2026-01-15,2026-01-15,41.7,92,57,1.367,False,0,Clear,28.51,4755.47,3696.77,1748.57,47.3,22.26,False,0,1,Stayed by Court,True,389,True,33.9,False,31,SIA Completed,126,3,Applied,Not Required,True,0,False,Not Applicable,MP-LAO-2022-0917,0.4393,936,Administrative Approval
22-014-004-452829,State Highway - Bilaspur Stretch 7,State Highway,State PWD,Chhattisgarh,Bilaspur,Bilaspur North,Bhimnagar,22.11606,82.22218,2021-08-05,2023-11-07,2023-11-07,11.9,18,18,1.513,False,0,Clear,18.93,901.07,628.96,286.81,45.6,30.2,True,1,1,Stayed by Court,True,24,True,54.4,True,6,SIA Completed,22,3,Obtained,Obtained,True,0,False,Not Applicable,CG-LAO-2022-0241,0.3967,824,Compensation Disbursal
27-013-001-641445,Railway Line - Pune Stretch 7,Railway Line,Indian Railways,Maharashtra,Pune,Pune North,Rampur,18.52377,73.78357,2023-07-31,2025-06-27,2025-06-27,32.7,57,49,1.498,True,2,Partial,82.46,5392.88,4582.72,1668.11,36.4,15.02,False,0,2,Filed,False,252,True,73.3,True,37,Possession Taken,3,2,Not Required,Obtained,True,0,False,Not Applicable,MH-LAO-2023-0454,0.384,697,Legal Dispute
23-016-005-294751,Power Transmission - Indore Stretch 2,Power Transmission,POWERGRID,Madhya Pradesh,Indore,Indore North,Sultanpur,22.64375,75.80604,2020-05-19,2021-10-11,2021-10-11,8.7,30,22,2.529,True,1,Clear,41.24,717.58,536.65,173.34,32.3,25.21,True,2,1,Under Hearing,False,483,True,27.1,False,6,Compensation Disbursement,62,3,Not Required,Obtained,True,0,False,Not Applicable,MP-LAO-2021-0254,0.4371,510,Rehabilitation (R&R)
23-004-005-150803,Urban Metro - Bhopal Stretch 1,Urban Metro,Metro Rail Corp,Madhya Pradesh,Bhopal,Bhopal North,Sultanpur,23.19895,77.41627,2019-06-26,2021-09-24,2021-10-23,45.0,66,62,1.378,False,0,Clear,64.41,5796.9,4477.83,1213.49,27.1,22.75,True,2,1,Filed,False,86,True,26.5,True,15,Compensation Disbursement,27,1,Applied,Not Required,True,29,False,Not Applicable,MP-LAO-2023-0365,0.423,821,Rehabilitation (R&R)
36-027-021-776499,Irrigation Canal - Nizamabad Stretch 6,Irrigation Canal,State Irrigation Dept,Telangana,Nizamabad,Nizamabad West,Uttanahalli,18.61136,78.12461,2022-05-27,2023-08-10,2023-08-10,22.0,66,39,1.773,False,0,Clear,13.23,1164.24,886.29,638.13,72.0,23.87,True,3,1,Stayed by Court,True,128,True,69.1,False,41,Compensation Disbursement,158,1,Pending,Pending,True,0,False,Not Applicable,TG-LAO-2021-0135,0.4037,440,Administrative Approval
36-003-002-181890,State Highway - Hyderabad Stretch 4,State Highway,State PWD,Telangana,Hyderabad,Hyderabad North,Kothapalli,17.40221,78.65601,2021-07-01,2024-02-26,2024-02-26,26.8,39,40,1.493,True,1,Clear,52.38,2807.57,2516.98,823.05,32.7,10.35,True,3,1,Under Hearing,False,253,True,44.4,True,12,Possession Taken,54,0,Obtained,Obtained,True,0,False,Not Applicable,TG-LAO-2025-0884,0.3499,970,Legal Dispute
33-023-024-641523,Irrigation Canal - Coimbatore Stretch 1,Irrigation Canal,State Irrigation Dept,Tamil Nadu,Coimbatore,Coimbatore West,Zamania,11.22563,76.85199,2019-03-25,2021-04-16,2021-04-16,112.2,196,171,1.524,False,0,Clear,24.57,11027.02,5933.43,3726.19,62.8,46.19,True,4,0,None,False,0,True,84.9,False,142,SIA Completed,33,1,Obtained,Applied,True,0,False,Not Applicable,TN-LAO-2024-0163,0.2709,753,Compensation Disbursal
23-028-024-197282,Industrial Corridor - Jabalpur Stretch 1,Industrial Corridor,State Industrial Corp,Madhya Pradesh,Jabalpur,Jabalpur West,Zamania,23.36488,79.96832,2021-05-06,2023-03-27,2023-03-27,22.1,33,35,1.584,True,1,Clear,29.17,2578.63,2206.88,1140.96,51.7,14.42,False,0,1,Stayed by Court,True,161,True,53.1,True,12,Section 11 Notification Issued,85,7,Not Required,Obtained,True,0,False,Not Applicable,MP-LAO-2022-0917,0.427,690,Legal Dispute
33-014-013-611333,Industrial Corridor - Chennai Stretch 4,Industrial Corridor,State Industrial Corp,Tamil Nadu,Chennai,Chennai East,Kesarpur,13.04849,80.20663,2020-03-05,2021-07-14,2021-08-15,79.3,175,125,1.576,True,1,Clear,41.87,6640.58,5339.25,3086.09,57.8,19.6,True,1,1,Stayed by Court,True,171,True,39.1,True,57,SIA Completed,353,3,Applied,Applied,True,32,True,Administrative Approval,TN-LAO-2021-0562,0.4575,496,Administrative Approval
36-027-013-769515,National Highway - Nizamabad Stretch 6,National Highway,NHAI,Telangana,Nizamabad,Nizamabad East,Kesarpur,18.71127,78.0884,2022-03-27,2023-06-30,2023-06-30,26.5,71,43,1.623,False,0,Clear,7.2,763.2,384.28,260.16,67.7,49.65,True,5,1,Under Hearing,False,102,False,14.8,False,7,Award Declared,73,4,Applied,Applied,True,0,False,Not Applicable,TG-LAO-2021-0135,0.4221,460,Rehabilitation (R&R)
21-026-010-001443,Power Transmission - Sambalpur Stretch 8,Power Transmission,POWERGRID,Odisha,Sambalpur,Sambalpur South,Mallapuram,21.40378,83.99844,2020-01-20,2022-01-03,2022-01-03,53.1,106,74,1.394,True,1,Partial,27.69,5881.36,5204.04,2862.22,55.0,11.52,True,1,1,Filed,False,516,True,11.4,False,9,Award Declared,46,1,Obtained,Not Required,True,0,False,Not Applicable,OD-LAO-2024-0281,0.344,714,Rehabilitation (R&R)
27-001-002-170453,State Highway - Mumbai Suburban Stretch 1,State Highway,State PWD,Maharashtra,Mumbai Suburban,Mumbai Suburban North,Kothapalli,19.14525,72.89903,2023-07-22,2025-05-21,2025-05-21,82.3,174,125,1.519,True,2,Partial,57.63,9485.9,7497.81,7100.43,94.7,20.96,True,2,0,None,False,0,True,43.1,False,72,SIA Completed,220,3,Applied,Not Required,True,0,False,Not Applicable,MH-LAO-2022-0603,0.2651,669,Administrative Approval
27-001-019-044121,Power Transmission - Mumbai Suburban Stretch 2,Power Transmission,POWERGRID,Maharashtra,Mumbai Suburban,Mumbai Suburban West,Shivnagar,19.27314,72.91386,2019-07-18,2022-04-10,2022-04-10,155.7,360,228,1.464,False,0,Clear,86.08,26805.31,18905.96,8545.49,45.2,29.47,True,6,1,Stayed by Court,True,607,True,41.8,True,127,Compensation Disbursement,111,2,Applied,Not Required,True,0,False,Not Applicable,MH-LAO-2022-0603,0.4323,997,Compensation Disbursal
09-015-009-180643,Power Transmission - Kanpur Nagar Stretch 4,Power Transmission,POWERGRID,Uttar Pradesh,Kanpur Nagar,Kanpur Nagar South,Basavanahalli,26.33755,80.35072,2020-12-17,2022-02-16,2022-07-29,13.4,38,28,2.09,True,9,Disputed,9.07,486.15,427.35,158.12,37.0,12.1,False,0,3,Filed,False,300,True,24.7,False,9,Section 11 Notification Issued,29,5,Applied,Not Required,True,163,True,Ownership / Title,UP-LAO-2023-0451,0.5978,426,Ownership / Title
22-009-023-040045,Irrigation Canal - Durg Stretch 6,Irrigation Canal,State Irrigation Dept,Chhattisgarh,Durg,Durg West,Yellapur,21.09382,81.23364,2023-12-18,2025-03-01,2025-03-01,26.5,43,25,0.943,False,0,Clear,8.41,891.46,840.66,495.15,58.9,5.7,True,3,0,None,False,0,False,13.2,False,5,R&R Implementation,173,2,Not Required,Not Required,True,0,False,Not Applicable,CG-LAO-2024-0988,0.211,439,Rehabilitation (R&R)
09-002-024-994533,Industrial Corridor - Lucknow Stretch 3,Industrial Corridor,State Industrial Corp,Uttar Pradesh,Lucknow,Lucknow West,Zamania,26.82355,81.11571,2022-02-03,2024-07-13,2024-12-29,9.6,14,14,1.458,False,0,Clear,56.52,1085.18,379.81,132.55,34.9,65.0,True,8,2,Filed,False,144,False,23.0,True,2,Award Declared,14,2,Pending,Pending,True,169,True,Compensation Disbursal,UP-LAO-2021-0734,0.5565,891,Compensation Disbursal
23-033-017-079894,State Highway - Gwalior Stretch 8,State Highway,State PWD,Madhya Pradesh,Gwalior,Gwalior East,Peddapalli,26.13876,78.27972,2023-03-04,2025-09-14,2026-05-03,15.2,34,27,1.776,True,1,Partial,20.48,1245.18,479.71,246.57,51.4,61.47,True,6,6,Under Hearing,False,102,True,18.9,False,5,R&R Implementation,21,0,Obtained,Obtained,True,231,True,Legal Dispute,MP-LAO-2024-0467,0.656,925,Legal Dispute
36-003-020-722251,Urban Metro - Hyderabad Stretch 1,Urban Metro,Metro Rail Corp,Telangana,Hyderabad,Hyderabad West,Tarapur,17.42204,78.59689,2021-03-28,2023-09-22,2023-10-29,7.9,13,15,1.899,True,4,Partial,42.1,665.18,447.06,251.69,56.3,32.79,True,6,2,Stayed by Court,True,708,True,60.1,False,6,Compensation Disbursement,239,2,Applied,Not Required,True,37,True,Ownership / Title,TG-LAO-2025-0884,0.5559,908,Ownership / Title
22-018-007-031791,Irrigation Canal - Korba Stretch 8,Irrigation Canal,State Irrigation Dept,Chhattisgarh,Korba,Korba South,Chandrapalli,22.43294,82.53549,2019-08-23,2022-02-08,2022-12-04,34.8,61,58,1.667,True,4,Partial,9.53,1326.58,1062.75,96.71,9.1,19.89,True,2,5,Filed,False,143,True,35.8,False,20,SIA Completed,3,2,Not Required,Not Required,True,299,True,Legal Dispute,CG-LAO-2024-0820,0.6696,900,Legal Dispute
23-004-002-021181,Urban Metro - Bhopal Stretch 4,Urban Metro,Metro Rail Corp,Madhya Pradesh,Bhopal,Bhopal North,Kothapalli,23.19059,77.34466,2020-01-06,2022-06-03,2022-09-27,91.3,185,124,1.358,True,4,Disputed,61.82,11288.33,8370.9,5223.44,62.4,25.84,True,4,2,Under Hearing,False,389,True,85.2,False,122,SIA Completed,115,3,Obtained,Obtained,True,116,True,Ownership / Title,MP-LAO-2023-0365,0.5255,879,Ownership / Title
29-009-006-340166,State Highway - Tumakuru Stretch 6,State Highway,State PWD,Karnataka,Tumakuru,Tumakuru North,Devgaon,13.39417,77.11237,2021-10-02,2023-03-15,2023-09-26,35.7,83,57,1.597,True,2,Clear,20.67,2951.68,1402.9,1024.12,73.0,52.47,True,2,2,Filed,False,437,False,18.6,False,11,Compensation Disbursement,249,2,Pending,Pending,True,195,True,Administrative Approval,KA-LAO-2023-0611,0.5246,529,Administrative Approval
23-033-007-742467,National Highway - Gwalior Stretch 7,National Highway,NHAI,Madhya Pradesh,Gwalior,Gwalior South,Chandrapalli,26.24884,78.16643,2023-07-04,2025-02-15,2025-09-09,107.6,248,158,1.468,True,3,Clear,31.59,13596.34,10501.07,6930.71,66.0,22.77,False,0,3,Filed,False,700,True,16.3,True,39,SIA Completed,349,6,Pending,Obtained,True,206,True,Administrative Approval,MP-LAO-2024-0467,0.5732,592,Administrative Approval
33-045-002-169773,Industrial Corridor - Tiruchirappalli Stretch 2,Industrial Corridor,State Industrial Corp,Tamil Nadu,Tiruchirappalli,Tiruchirappalli North,Kothapalli,10.84915,78.52781,2023-08-16,2026-03-13,2026-03-13,23.4,47,35,1.496,False,0,Clear,27.16,2542.18,1598.67,725.8,45.4,37.11,False,0,0,None,False,0,True,41.1,False,16,Award Declared,118,6,Pending,Not Required,True,0,False,Not Applicable,TN-LAO-2022-0490,0.3968,940,Administrative Approval
27-001-019-900824,Irrigation Canal - Mumbai Suburban Stretch 7,Irrigation Canal,State Irrigation Dept,Maharashtra,Mumbai Suburban,Mumbai Suburban West,Shivnagar,19.28654,72.91223,2023-12-13,2025-11-08,2026-08-22,25.5,48,35,1.373,True,5,Partial,85.33,4351.83,2488.56,1065.1,42.8,42.82,True,3,4,Filed,False,396,True,47.2,True,15,Section 11 Notification Issued,112,1,Pending,Obtained,True,287,True,Legal Dispute,MH-LAO-2022-0603,0.6613,696,Legal Dispute
29-009-004-318285,Urban Metro - Tumakuru Stretch 6,Urban Metro,Metro Rail Corp,Karnataka,Tumakuru,Tumakuru North,Bhimnagar,13.32435,77.13749,2019-02-17,2020-11-07,2021-01-07,43.4,107,57,1.313,True,2,Clear,15.76,2735.94,2132.61,511.83,24.0,22.05,False,0,3,Stayed by Court,True,155,True,46.6,True,41,R&R Implementation,40,0,Obtained,Not Required,True,61,True,Legal Dispute,KA-LAO-2023-0611,0.4976,629,Legal Dispute
36-027-013-339968,Railway Line - Nizamabad Stretch 3,Railway Line,Indian Railways,Telangana,Nizamabad,Nizamabad East,Kesarpur,18.66748,78.10104,2019-10-14,2022-05-02,2022-05-02,101.8,157,162,1.591,False,0,Clear,11.71,4768.31,3865.39,1530.69,39.6,18.94,True,3,0,None,False,0,True,14.0,False,16,Award Declared,17,2,Obtained,Not Required,True,0,False,Not Applicable,TG-LAO-2021-0135,0.3461,931,Rehabilitation (R&R)
27-037-008-686288,Irrigation Canal - Nashik Stretch 3,Irrigation Canal,State Irrigation Dept,Maharashtra,Nashik,Nashik South,Narsapur,19.94521,73.77166,2019-03-04,2020-10-26,2020-12-11,12.4,30,19,1.532,False,0,Clear,16.19,803.02,613.44,150.91,24.6,23.61,False,0,2,Under Hearing,False,47,False,23.3,False,5,SIA Completed,301,1,Pending,Obtained,True,46,True,Administrative Approval,MH-LAO-2025-0385,0.4816,602,Administrative Approval
29-018-008-164220,National Highway - Mysuru Stretch 3,National Highway,NHAI,Karnataka,Mysuru,Mysuru South,Narsapur,12.34538,76.44681,2022-10-07,2024-05-23,2024-09-25,98.5,206,130,1.32,True,2,Disputed,19.62,7730.28,6509.53,4127.04,63.4,15.79,True,2,4,Filed,False,203,True,28.4,True,50,Section 11 Notification Issued,132,2,Applied,Not Required,True,125,True,Ownership / Title,KA-LAO-2021-0461,0.5953,594,Ownership / Title
27-037-018-273093,Airport Expansion - Nashik Stretch 8,Airport Expansion,Airports Authority of India,Maharashtra,Nashik,Nashik East,Raghunathpur,20.03834,73.63676,2025-07-03,2028-02-12,,62.0,113,101,1.629,True,5,Disputed,17.28,4285.44,3117.74,2017.18,64.7,27.25,True,1,1,Under Hearing,False,517,False,14.8,True,14,Compensation Disbursement,17,4,Obtained,Obtained,False,,,,MH-LAO-2025-0385,0.4991,954,Ownership / Title
22-002-022-420389,National Highway - Raipur Stretch 2,National Highway,NHAI,Chhattisgarh,Raipur,Raipur West,Veerapuram,21.31834,81.52015,2026-03-14,2028-10-02,,79.8,221,120,1.504,True,2,Partial,90.23,14400.71,11416.66,8882.16,77.8,20.72,True,1,1,Under Hearing,False,506,True,42.5,True,81,Compensation Disbursement,16,5,Pending,Not Required,False,,,,CG-LAO-2022-0755,0.4522,933,Administrative Approval
09-044-014-641225,Urban Metro - Prayagraj Stretch 2,Urban Metro,Metro Rail Corp,Uttar Pradesh,Prayagraj,Prayagraj East,Lakshmipura,25.57101,81.73138,2026-08-15,2029-05-05,,25.5,71,39,1.529,True,1,Clear,21.36,2178.72,1301.55,339.7,26.1,40.26,True,3,3,Resolved,False,46,False,39.3,False,24,SIA Completed,375,2,Pending,Applied,False,,,,UP-LAO-2023-0576,0.5606,994,Administrative Approval
21-005-024-337424,Airport Expansion - Khordha Stretch 1,Airport Expansion,Airports Authority of India,Odisha,Khordha,Khordha West,Zamania,20.21234,85.6567,2025-07-01,2026-11-17,,13.4,28,21,1.567,True,3,Partial,22.56,1209.22,1013.03,655.43,64.7,16.22,True,4,3,Filed,False,5,True,74.6,False,19,Compensation Disbursement,89,4,Not Required,Obtained,False,,,,OD-LAO-2022-0873,0.3178,504,Legal Dispute
23-004-006-093855,Railway Line - Bhopal Stretch 2,Railway Line,Indian Railways,Madhya Pradesh,Bhopal,Bhopal North,Devgaon,23.23088,77.40985,2024-06-25,2026-09-05,,26.6,45,45,1.692,False,0,Clear,38.5,2048.2,1747.76,922.82,52.8,14.67,True,1,0,None,False,0,True,29.8,False,13,SIA Completed,181,4,Not Required,Not Required,False,,,,MP-LAO-2023-0365,0.1834,802,Rehabilitation (R&R)
36-027-007-288778,Urban Metro - Nizamabad Stretch 2,Urban Metro,Metro Rail Corp,Telangana,Nizamabad,Nizamabad South,Chandrapalli,18.64701,78.1275,2026-03-23,2028-05-15,,44.2,61,68,1.538,False,0,Clear,16.76,2963.17,2329.1,2159.08,92.7,21.4,True,3,0,None,False,0,False,30.5,False,18,Compensation Disbursement,70,4,Not Required,Obtained,False,,,,TG-LAO-2021-0135,0.2181,784,Rehabilitation (R&R)
21-026-014-370727,Power Transmission - Sambalpur Stretch 3,Power Transmission,POWERGRID,Odisha,Sambalpur,Sambalpur East,Lakshmipura,21.55677,83.84357,2024-06-28,2028-02-25,,62.1,102,82,1.32,True,5,Disputed,8.18,2031.91,1480.17,338.96,22.9,27.15,True,1,4,Filed,False,286,True,71.4,False,61,R&R Implementation,180,0,Not Required,Applied,False,,,,OD-LAO-2024-0281,0.5777,517,Ownership / Title
29-009-016-192964,Power Transmission - Tumakuru Stretch 4,Power Transmission,POWERGRID,Karnataka,Tumakuru,Tumakuru East,Nandgaon,13.35313,77.0633,2026-03-25,2027-11-09,,38.5,103,64,1.662,True,4,Partial,29.05,4473.7,4060.92,1421.32,35.0,9.23,True,1,3,Stayed by Court,True,28,True,19.8,False,20,SIA Completed,232,5,Obtained,Pending,False,,,,KA-LAO-2023-0611,0.6533,594,Administrative Approval
36-019-003-705316,Irrigation Canal - Karimnagar Stretch 7,Irrigation Canal,State Irrigation Dept,Telangana,Karimnagar,Karimnagar North,Ganeshpura,18.56895,79.13373,2025-02-14,2027-02-08,,33.8,95,54,1.598,True,1,Clear,6.74,911.25,786.23,312.13,39.7,13.72,False,0,1,Filed,False,843,True,65.7,True,53,Possession Taken,167,0,Applied,Pending,False,,,,TG-LAO-2024-0235,0.3431,724,Compensation Disbursal
36-003-020-070680,Airport Expansion - Hyderabad Stretch 4,Airport Expansion,Airports Authority of India,Telangana,Hyderabad,Hyderabad West,Tarapur,17.41721,78.57227,2026-06-02,2029-01-09,,22.3,71,43,1.928,False,0,Clear,40.92,1825.03,1707.76,1051.98,61.6,6.43,True,1,0,None,False,0,True,27.7,False,19,Possession Taken,102,0,Applied,Not Required,False,,,,TG-LAO-2025-0884,0.1979,952,Rehabilitation (R&R)
22-009-020-203958,Urban Metro - Durg Stretch 3,Urban Metro,Metro Rail Corp,Chhattisgarh,Durg,Durg West,Tarapur,21.12486,81.48542,2025-09-10,2027-01-02,,75.6,179,117,1.548,True,3,Partial,6.01,1817.42,1187.39,662.56,55.8,34.67,True,4,3,Stayed by Court,True,316,False,17.5,True,27,Possession Taken,101,1,Not Required,Not Required,False,,,,CG-LAO-2024-0988,0.5741,479,Legal Dispute
22-009-002-176327,Industrial Corridor - Durg Stretch 8,Industrial Corridor,State Industrial Corp,Chhattisgarh,Durg,Durg North,Kothapalli,21.17596,81.30547,2024-10-21,2027-11-07,,21.5,33,29,1.349,True,1,Clear,26.72,2297.92,2137.07,1045.03,48.9,7.0,False,0,0,None,False,0,True,21.3,True,5,Section 11 Notification Issued,122,3,Obtained,Not Required,False,,,,CG-LAO-2024-0988,0.1875,430,Rehabilitation (R&R)
09-044-016-605257,Power Transmission - Prayagraj Stretch 4,Power Transmission,POWERGRID,Uttar Pradesh,Prayagraj,Prayagraj East,Nandgaon,25.46833,81.87489,2024-12-24,2027-07-19,,27.3,63,41,1.502,True,4,Partial,20.68,2258.26,1747.53,421.15,24.1,22.62,True,2,5,Filed,False,208,True,60.5,False,29,Award Declared,62,3,Obtained,Obtained,False,,,,UP-LAO-2023-0576,0.5696,937,Legal Dispute
29-018-018-118244,Railway Line - Mysuru Stretch 5,Railway Line,Indian Railways,Karnataka,Mysuru,Mysuru East,Raghunathpur,12.35592,76.62013,2025-06-17,2028-01-14,,30.7,82,44,1.433,True,2,Clear,21.17,2599.68,1570.65,1415.16,90.1,39.58,True,2,3,Under Hearing,False,292,True,42.0,False,24,Section 11 Notification Issued,220,1,Obtained,Not Required,False,,,,KA-LAO-2021-0461,0.4188,941,Legal Dispute
09-015-015-984880,National Highway - Kanpur Nagar Stretch 4,National Highway,NHAI,Uttar Pradesh,Kanpur Nagar,Kanpur Nagar East,Madhavgarh,26.41202,80.4105,2024-10-26,2028-03-26,,21.6,30,28,1.296,False,0,Clear,28.19,2435.62,1581.94,1306.68,82.6,35.05,True,2,2,Under Hearing,False,313,True,58.8,True,13,Section 11 Notification Issued,165,2,Applied,Obtained,False,,,,UP-LAO-2023-0451,0.2953,567,Legal Dispute
22-014-013-719914,Irrigation Canal - Bilaspur Stretch 6,Irrigation Canal,State Irrigation Dept,Chhattisgarh,Bilaspur,Bilaspur East,Kesarpur,22.14448,82.09874,2026-05-11,2027-10-16,,32.8,85,55,1.677,True,6,Disputed,17.57,2305.18,1262.83,411.68,32.6,45.22,True,5,3,Filed,False,145,True,54.7,True,32,R&R Implementation,120,0,Obtained,Obtained,False,,,,CG-LAO-2022-0241,0.5698,523,Ownership / Title
09-002-018-699715,Industrial Corridor - Lucknow Stretch 2,Industrial Corridor,State Industrial Corp,Uttar Pradesh,Lucknow,Lucknow East,Raghunathpur,26.80064,80.89886,2025-12-29,2028-07-25,,42.5,55,47,1.106,False,0,Partial,66.55,5656.75,3316.5,1359.77,41.0,41.37,True,4,2,Filed,False,46,False,9.8,False,5,SIA Completed,93,2,Applied,Not Required,False,,,,UP-LAO-2021-0734,0.485,939,Compensation Disbursal
33-014-017-005215,Irrigation Canal - Chennai Stretch 4,Irrigation Canal,State Irrigation Dept,Tamil Nadu,Chennai,Chennai East,Peddapalli,13.13762,80.2895,2025-09-14,2027-06-26,,14.9,22,22,1.477,False,0,Clear,77.42,2307.12,1999.07,801.63,40.1,13.35,True,2,1,Under Hearing,False,5,True,53.4,False,10,Section 11 Notification Issued,3,3,Pending,Not Required,False,,,,TN-LAO-2021-0562,0.4099,650,Administrative Approval
09-002-014-978881,Industrial Corridor - Lucknow Stretch 1,Industrial Corridor,State Industrial Corp,Uttar Pradesh,Lucknow,Lucknow East,Lakshmipura,26.88287,81.08283,2026-07-20,2029-03-27,,11.3,30,28,2.478,False,0,Partial,88.25,1994.45,1614.96,796.18,49.3,19.03,False,0,2,Under Hearing,False,385,True,29.8,False,6,R&R Implementation,20,4,Obtained,Applied,False,,,,UP-LAO-2021-0734,0.4166,981,Legal Dispute
29-007-005-512685,Irrigation Canal - Bengaluru Urban Stretch 5,Irrigation Canal,State Irrigation Dept,Karnataka,Bengaluru Urban,Bengaluru Urban North,Sultanpur,12.92369,77.67708,2025-06-17,2027-01-30,,11.6,28,21,1.81,False,0,Clear,43.77,1015.46,751.46,87.17,11.6,26.0,True,4,1,Resolved,False,105,True,68.5,True,15,SIA Completed,339,1,Not Required,Not Required,False,,,,KA-LAO-2024-0628,0.4247,592,Compensation Disbursal
21-005-003-657654,Irrigation Canal - Khordha Stretch 8,Irrigation Canal,State Irrigation Dept,Odisha,Khordha,Khordha North,Ganeshpura,20.19215,85.68143,2024-12-01,2027-05-09,,30.3,79,51,1.683,True,3,Partial,25.32,3068.78,1558.52,841.6,54.0,49.21,True,1,2,Stayed by Court,True,419,False,16.7,False,10,Possession Taken,95,3,Not Required,Not Required,False,,,,OD-LAO-2022-0873,0.5496,889,Compensation Disbursal
22-009-007-337564,Railway Line - Durg Stretch 4,Railway Line,Indian Railways,Chhattisgarh,Durg,Durg South,Chandrapalli,21.2766,81.19302,2025-08-10,2028-03-25,,12.1,20,16,1.322,False,0,Clear,14.35,694.54,470.45,86.56,18.4,32.26,True,4,2,Under Hearing,False,130,True,52.4,True,9,Possession Taken,46,3,Not Required,Not Required,False,,,,CG-LAO-2024-0988,0.6058,958,Compensation Disbursal
21-012-024-149588,National Highway - Cuttack Stretch 5,National Highway,NHAI,Odisha,Cuttack,Cuttack West,Zamania,20.3586,85.86999,2026-06-09,2028-01-11,,81.8,217,127,1.553,True,1,Clear,20.86,6825.39,5987.18,3041.49,50.8,12.28,True,1,2,Stayed by Court,True,214,False,40.9,False,79,R&R Implementation,140,2,Obtained,Not Required,False,,,,OD-LAO-2021-0890,0.393,581,Legal Dispute
29-022-008-374630,Power Transmission - Belagavi Stretch 5,Power Transmission,POWERGRID,Karnataka,Belagavi,Belagavi South,Narsapur,15.93257,74.46034,2026-05-12,2028-10-07,,102.0,155,116,1.137,True,6,Partial,20.92,8535.36,3862.7,2626.64,68.0,54.74,True,6,3,Filed,False,1237,True,62.5,True,76,SIA Completed,295,2,Not Required,Not Required,False,,,,KA-LAO-2025-0488,0.5533,879,Ownership / Title
29-009-010-716020,Railway Line - Tumakuru Stretch 7,Railway Line,Indian Railways,Karnataka,Tumakuru,Tumakuru South,Mallapuram,13.43414,77.13143,2026-01-30,2027-07-15,,74.0,155,105,1.419,True,1,Partial,29.59,8758.64,6451.88,4038.88,62.6,26.34,True,4,0,None,False,0,False,10.5,False,13,Possession Taken,46,1,Obtained,Obtained,False,,,,KA-LAO-2023-0611,0.2882,531,Rehabilitation (R&R)
09-002-008-247131,State Highway - Lucknow Stretch 2,State Highway,State PWD,Uttar Pradesh,Lucknow,Lucknow South,Narsapur,26.92619,80.83491,2026-06-25,2028-03-03,,23.0,60,35,1.522,False,0,Clear,91.88,4226.48,2208.53,982.8,44.5,47.75,True,2,2,Stayed by Court,True,961,True,21.5,False,10,Compensation Disbursement,114,3,Obtained,Not Required,False,,,,UP-LAO-2021-0734,0.465,617,Compensation Disbursal
33-045-019-735619,State Highway - Tiruchirappalli Stretch 1,State Highway,State PWD,Tamil Nadu,Tiruchirappalli,Tiruchirappalli West,Shivnagar,10.70083,78.67115,2024-09-13,2027-01-25,,42.5,57,60,1.412,True,1,Partial,23.49,3993.3,1397.65,322.86,23.1,65.0,True,4,2,Stayed by Court,True,411,True,59.9,True,29,R&R Implementation,84,0,Not Required,Not Required,False,,,,TN-LAO-2022-0490,0.5497,864,Compensation Disbursal
23-028-009-366887,Industrial Corridor - Jabalpur Stretch 2,Industrial Corridor,State Industrial Corp,Madhya Pradesh,Jabalpur,Jabalpur South,Basavanahalli,23.16757,79.90736,2026-06-20,2027-12-03,,86.7,119,109,1.257,True,1,Disputed,31.6,10958.88,9964.85,7413.85,74.4,9.07,False,0,1,Under Hearing,False,21,False,25.7,False,26,Award Declared,61,1,Pending,Obtained,False,,,,MP-LAO-2022-0917,0.3825,531,Rehabilitation (R&R)
09-002-024-838219,National Highway - Lucknow Stretch 5,National Highway,NHAI,Uttar Pradesh,Lucknow,Lucknow West,Zamania,26.82556,81.12459,2024-11-19,2027-07-19,,47.7,117,75,1.572,True,1,Clear,94.26,8992.4,6237.66,3767.55,60.4,30.63,True,3,4,Under Hearing,False,139,True,21.8,False,25,SIA Completed,336,3,Applied,Obtained,False,,,,UP-LAO-2021-0734,0.6448,501,Legal Dispute
09-015-013-453498,Airport Expansion - Kanpur Nagar Stretch 2,Airport Expansion,Airports Authority of India,Uttar Pradesh,Kanpur Nagar,Kanpur Nagar East,Kesarpur,26.57935,80.40758,2025-12-07,2027-03-08,,9.6,19,13,1.354,True,1,Clear,29.7,1140.48,723.65,361.82,50.0,36.55,True,4,5,Under Hearing,False,372,False,7.9,False,1,Award Declared,52,5,Applied,Applied,False,,,,UP-LAO-2023-0451,0.5417,456,Legal Dispute
21-026-020-567288,Industrial Corridor - Sambalpur Stretch 7,Industrial Corridor,State Industrial Corp,Odisha,Sambalpur,Sambalpur West,Tarapur,21.40374,83.93412,2026-04-17,2028-08-18,,10.5,37,28,2.667,True,1,Clear,18.6,781.2,683.79,307.02,44.9,12.47,True,1,1,Filed,False,27,True,44.5,False,14,Compensation Disbursement,74,1,Not Required,Applied,False,,,,OD-LAO-2024-0281,0.3901,854,Rehabilitation (R&R)
22-002-007-592318,State Highway - Raipur Stretch 7,State Highway,State PWD,Chhattisgarh,Raipur,Raipur South,Chandrapalli,21.25506,81.67573,2025-07-03,2027-06-18,,24.8,29,30,1.21,True,1,Clear,81.93,4063.73,2741.84,1107.7,40.4,32.53,True,2,1,Filed,False,342,True,54.2,True,11,Section 11 Notification Issued,23,3,Pending,Applied,False,,,,CG-LAO-2022-0755,0.5093,715,Administrative Approval
22-014-005-537148,Industrial Corridor - Bilaspur Stretch 5,Industrial Corridor,State Industrial Corp,Chhattisgarh,Bilaspur,Bilaspur North,Sultanpur,22.18384,82.17073,2026-06-08,2028-10-21,,59.7,110,94,1.575,False,0,Clear,24.3,5802.84,5600.68,2520.31,45.0,3.48,False,0,0,None,False,0,True,4.6,False,4,SIA Completed,183,1,Applied,Not Required,False,,,,CG-LAO-2022-0241,0.3274,866,Rehabilitation (R&R)
27-001-009-520920,Railway Line - Mumbai Suburban Stretch 5,Railway Line,Indian Railways,Maharashtra,Mumbai Suburban,Mumbai Suburban South,Basavanahalli,19.21564,72.92497,2025-11-29,2027-08-05,,36.7,98,61,1.662,True,3,Disputed,92.53,6791.7,6385.07,332.02,5.2,5.99,False,0,2,Under Hearing,False,5,True,88.8,True,82,Award Declared,80,4,Obtained,Not Required,False,,,,MH-LAO-2022-0603,0.4933,614,Ownership / Title
27-025-017-599201,Irrigation Canal - Nagpur Stretch 8,Irrigation Canal,State Irrigation Dept,Maharashtra,Nagpur,Nagpur East,Peddapalli,21.06155,78.97528,2026-01-31,2028-10-01,,26.4,50,43,1.629,True,1,Clear,63.56,3355.97,2691.95,2363.53,87.8,19.79,True,4,2,Filed,False,298,True,54.9,False,20,Compensation Disbursement,38,1,Applied,Obtained,False,,,,MH-LAO-2025-0718,0.2946,974,Legal Dispute
36-019-009-063906,National Highway - Karimnagar Stretch 7,National Highway,NHAI,Telangana,Karimnagar,Karimnagar South,Basavanahalli,18.47137,79.11273,2024-10-16,2028-03-28,,20.3,46,33,1.626,False,0,Clear,24.99,2029.19,1135.88,524.78,46.2,44.02,True,2,1,Under Hearing,False,361,True,14.7,True,6,SIA Completed,312,5,Not Required,Applied,False,,,,TG-LAO-2024-0235,0.4026,489,Administrative Approval
33-023-012-850145,Airport Expansion - Coimbatore Stretch 8,Airport Expansion,Airports Authority of India,Tamil Nadu,Coimbatore,Coimbatore South,Jaitpur,11.00065,77.04789,2026-03-24,2027-11-29,,61.5,185,108,1.756,True,4,Partial,19.09,4696.14,2328.21,1066.32,45.8,50.42,True,10,3,Filed,False,53,False,39.8,True,72,Compensation Disbursement,60,3,Applied,Applied,False,,,,TN-LAO-2024-0163,0.6115,615,Compensation Disbursal
22-009-008-472058,Power Transmission - Durg Stretch 7,Power Transmission,POWERGRID,Chhattisgarh,Durg,Durg South,Narsapur,21.13207,81.17903,2025-05-06,2027-01-20,,9.2,17,15,1.63,True,1,Clear,19.01,699.57,470.18,447.61,95.2,32.79,True,4,1,Stayed by Court,True,158,False,20.8,False,3,Award Declared,176,3,Obtained,Not Required,False,,,,CG-LAO-2024-0988,0.3748,624,Rehabilitation (R&R)
33-045-020-321548,National Highway - Tiruchirappalli Stretch 5,National Highway,NHAI,Tamil Nadu,Tiruchirappalli,Tiruchirappalli West,Tarapur,10.79116,78.6282,2024-12-03,2026-12-20,,12.7,39,21,1.654,True,3,Disputed,19.18,974.34,876.17,364.49,41.6,10.08,True,1,3,Filed,False,281,False,6.6,False,1,Possession Taken,3,0,Not Required,Pending,False,,,,TN-LAO-2022-0490,0.518,747,Ownership / Title
21-019-008-698182,Railway Line - Ganjam Stretch 7,Railway Line,Indian Railways,Odisha,Ganjam,Ganjam South,Narsapur,19.38076,84.91359,2026-06-09,2028-05-28,,15.0,48,28,1.867,True,1,Clear,31.04,1862.4,1299.67,1203.49,92.6,30.22,True,6,0,None,False,0,True,40.5,True,15,R&R Implementation,51,0,Obtained,Obtained,False,,,,OD-LAO-2025-0784,0.1478,719,Rehabilitation (R&R)
27-013-002-146772,Airport Expansion - Pune Stretch 8,Airport Expansion,Airports Authority of India,Maharashtra,Pune,Pune North,Kothapalli,18.5409,73.80438,2025-09-20,2027-08-14,,59.7,167,103,1.725,True,2,Disputed,67.91,8108.45,5709.27,2649.1,46.4,29.59,False,0,2,Stayed by Court,True,529,True,27.5,False,32,R&R Implementation,62,1,Not Required,Not Required,False,,,,MH-LAO-2023-0454,0.5407,693,Ownership / Title
29-018-011-534431,State Highway - Mysuru Stretch 2,State Highway,State PWD,Karnataka,Mysuru,Mysuru South,Amrapur,12.19595,76.66046,2024-07-23,2026-09-02,,17.3,42,31,1.792,True,4,Partial,14.37,994.4,814.61,382.87,47.0,18.08,True,6,3,Stayed by Court,True,484,True,63.2,True,22,R&R Implementation,16,0,Obtained,Pending,False,,,,KA-LAO-2021-0461,0.5413,771,Legal Dispute
21-005-017-021538,Power Transmission - Khordha Stretch 2,Power Transmission,POWERGRID,Odisha,Khordha,Khordha East,Peddapalli,20.10425,85.78673,2026-08-19,2028-12-20,,58.3,116,96,1.647,False,0,Clear,15.65,3649.58,3480.34,709.99,20.4,4.64,False,0,0,None,False,0,True,81.7,True,75,SIA Completed,631,1,Obtained,Not Required,False,,,,OD-LAO-2022-0873,0.3082,854,Administrative Approval
27-025-024-358473,Airport Expansion - Nagpur Stretch 5,Airport Expansion,Airports Authority of India,Maharashtra,Nagpur,Nagpur West,Zamania,21.16997,78.98534,2026-06-19,2028-01-03,,26.9,69,43,1.599,True,4,Partial,44.46,2391.95,2129.05,1698.98,79.8,10.99,True,4,2,Under Hearing,False,20,False,31.3,False,15,Award Declared,26,3,Obtained,Not Required,False,,,,MH-LAO-2025-0718,0.4634,563,Ownership / Title
21-005-007-105539,Railway Line - Khordha Stretch 6,Railway Line,Indian Railways,Odisha,Khordha,Khordha South,Chandrapalli,20.05067,85.80639,2024-11-01,2027-07-22,,15.9,29,17,1.069,True,1,Clear,23.91,1520.68,1354.29,786.84,58.1,10.94,True,2,1,Under Hearing,False,47,True,35.2,True,10,Possession Taken,3,1,Applied,Applied,False,,,,OD-LAO-2022-0873,0.3364,993,Rehabilitation (R&R)
09-002-005-820092,Power Transmission - Lucknow Stretch 5,Power Transmission,POWERGRID,Uttar Pradesh,Lucknow,Lucknow North,Sultanpur,26.90075,80.91829,2025-02-03,2027-03-31,,33.6,61,42,1.25,True,2,Partial,39.02,2622.14,917.75,586.44,63.9,65.0,True,5,1,Filed,False,366,False,10.3,True,6,R&R Implementation,55,4,Not Required,Not Required,False,,,,UP-LAO-2021-0734,0.6158,786,Rehabilitation (R&R)
22-014-011-799681,Industrial Corridor - Bilaspur Stretch 2,Industrial Corridor,State Industrial Corp,Chhattisgarh,Bilaspur,Bilaspur South,Amrapur,21.90167,82.11891,2025-07-10,2026-09-11,,43.0,134,77,1.791,True,3,Partial,31.3,5383.6,5064.75,3403.51,67.2,5.92,False,0,5,Under Hearing,False,101,False,26.3,False,31,Compensation Disbursement,24,2,Applied,Pending,False,,,,CG-LAO-2022-0241,0.5605,428,Legal Dispute
27-001-002-554599,Irrigation Canal - Mumbai Suburban Stretch 6,Irrigation Canal,State Irrigation Dept,Maharashtra,Mumbai Suburban,Mumbai Suburban North,Kothapalli,19.12037,72.90181,2025-08-31,2028-01-04,,40.7,66,61,1.499,True,3,Partial,52.14,4244.2,3581.0,1450.31,40.5,15.63,True,1,2,Stayed by Court,True,10,True,34.6,False,21,R&R Implementation,82,1,Obtained,Obtained,False,,,,MH-LAO-2022-0603,0.509,856,Legal Dispute
23-016-024-215387,Irrigation Canal - Indore Stretch 8,Irrigation Canal,State Irrigation Dept,Madhya Pradesh,Indore,Indore West,Zamania,22.68878,75.88135,2025-08-07,2027-03-18,,19.2,39,25,1.302,True,1,Clear,66.75,2563.2,2110.36,926.45,43.9,17.67,True,1,2,Resolved,False,167,True,42.0,True,15,Possession Taken,59,3,Applied,Pending,False,,,,MP-LAO-2021-0254,0.4288,588,Administrative Approval
33-014-021-996444,Airport Expansion - Chennai Stretch 2,Airport Expansion,Airports Authority of India,Tamil Nadu,Chennai,Chennai West,Uttanahalli,12.89231,80.18714,2026-07-14,2028-02-29,,19.3,33,20,1.036,True,2,Clear,51.61,1992.15,1648.15,360.94,21.9,17.27,True,2,1,Stayed by Court,True,563,True,35.2,True,8,R&R Implementation,15,1,Applied,Not Required,False,,,,TN-LAO-2021-0562,0.4746,595,Rehabilitation (R&R)
36-011-021-000186,Airport Expansion - Warangal Stretch 8,Airport Expansion,Airports Authority of India,Telangana,Warangal,Warangal West,Uttanahalli,17.88622,79.68615,2025-05-19,2027-07-29,,67.1,142,85,1.267,False,0,Partial,17.04,4573.54,3620.49,1741.46,48.1,20.84,False,0,2,Under Hearing,False,5,True,51.0,True,62,Award Declared,25,1,Obtained,Not Required,False,,,,TG-LAO-2021-0919,0.4402,801,Legal Dispute
27-025-006-055986,Railway Line - Nagpur Stretch 5,Railway Line,Indian Railways,Maharashtra,Nagpur,Nagpur North,Devgaon,21.1354,78.94611,2026-07-15,2028-12-24,,44.1,101,65,1.474,True,2,Clear,75.32,6643.22,3741.77,1848.43,49.4,43.68,False,0,2,Filed,False,179,True,63.1,True,60,SIA Completed,91,0,Not Required,Not Required,False,,,,MH-LAO-2025-0718,0.4358,893,Compensation Disbursal
23-033-023-979338,Airport Expansion - Gwalior Stretch 7,Airport Expansion,Airports Authority of India,Madhya Pradesh,Gwalior,Gwalior West,Yellapur,26.15123,78.19429,2026-04-06,2027-10-10,,85.0,177,115,1.353,True,4,Partial,21.29,7238.6,6613.95,3002.73,45.4,8.63,True,2,5,Under Hearing,False,292,False,2.7,False,3,Compensation Disbursement,17,1,Not Required,Not Required,False,,,,MP-LAO-2024-0467,0.5589,552,Legal Dispute
23-028-003-517002,National Highway - Jabalpur Stretch 3,National Highway,NHAI,Madhya Pradesh,Jabalpur,Jabalpur North,Ganeshpura,23.12181,80.07791,2025-06-13,2027-11-10,,42.6,90,61,1.432,True,3,Clear,10.9,1857.36,1349.97,307.79,22.8,27.32,True,3,1,Filed,False,298,False,17.1,True,13,R&R Implementation,11,2,Obtained,Obtained,False,,,,MP-LAO-2022-0917,0.5232,880,Compensation Disbursal
09-002-012-096995,Industrial Corridor - Lucknow Stretch 2,Industrial Corridor,State Industrial Corp,Uttar Pradesh,Lucknow,Lucknow South,Jaitpur,26.74108,81.04762,2024-08-02,2028-04-16,,54.2,91,78,1.439,True,5,Partial,94.5,10243.8,9147.4,3768.73,41.2,10.7,True,1,3,Filed,False,64,True,57.4,True,47,Possession Taken,73,1,Applied,Pending,False,,,,UP-LAO-2021-0734,0.5113,654,Ownership / Title
22-009-021-927813,Airport Expansion - Durg Stretch 4,Airport Expansion,Airports Authority of India,Chhattisgarh,Durg,Durg West,Uttanahalli,21.24741,81.23311,2025-04-04,2027-12-22,,52.8,76,74,1.402,True,1,Clear,7.0,1478.4,1066.97,561.23,52.6,27.83,True,2,0,None,False,0,False,13.7,True,9,Possession Taken,69,0,Applied,Applied,False,,,,CG-LAO-2024-0988,0.2479,992,Rehabilitation (R&R)
36-027-022-025842,Industrial Corridor - Nizamabad Stretch 8,Industrial Corridor,State Industrial Corp,Telangana,Nizamabad,Nizamabad West,Veerapuram,18.57507,78.17902,2025-10-03,2028-04-23,,29.7,64,44,1.481,True,1,Clear,11.46,1361.45,1005.66,28.16,2.8,26.13,True,2,0,None,False,0,False,18.7,False,10,R&R Implementation,21,1,Not Required,Pending,False,,,,TG-LAO-2021-0135,0.4616,933,Compensation Disbursal
27-013-023-822545,Urban Metro - Pune Stretch 6,Urban Metro,Metro Rail Corp,Maharashtra,Pune,Pune West,Yellapur,18.44066,73.85871,2025-12-12,2028-03-28,,28.8,84,51,1.771,False,0,Clear,68.84,3965.18,3666.65,1748.99,47.7,7.53,True,1,0,None,False,0,True,36.6,False,29,Compensation Disbursement,268,2,Pending,Not Required,False,,,,MH-LAO-2023-0454,0.2295,837,Administrative Approval
22-002-009-216421,National Highway - Raipur Stretch 4,National Highway,NHAI,Chhattisgarh,Raipur,Raipur South,Basavanahalli,21.12792,81.62565,2024-11-06,2028-04-13,,67.8,93,103,1.519,True,1,Clear,77.19,10466.96,6058.64,3574.6,59.0,42.12,True,8,2,Stayed by Court,True,65,False,16.6,False,14,Compensation Disbursement,8,2,Obtained,Obtained,False,,,,CG-LAO-2022-0755,0.4708,462,Rehabilitation (R&R)
27-025-012-427552,Irrigation Canal - Nagpur Stretch 2,Irrigation Canal,State Irrigation Dept,Maharashtra,Nagpur,Nagpur South,Jaitpur,21.24425,79.08432,2024-06-16,2026-11-05,,103.1,208,131,1.271,False,0,Clear,40.6,8371.72,7909.3,3820.19,48.3,5.52,True,1,0,None,False,0,True,35.9,False,55,Compensation Disbursement,49,2,Applied,Pending,False,,,,MH-LAO-2025-0718,0.2955,872,Administrative Approval
21-012-016-832029,National Highway - Cuttack Stretch 7,National Highway,NHAI,Odisha,Cuttack,Cuttack East,Nandgaon,20.45511,85.77981,2024-08-23,2026-10-12,,60.3,107,73,1.211,False,0,Clear,20.75,5004.9,3842.26,3312.03,86.2,23.23,True,4,1,Under Hearing,False,286,True,42.2,True,31,Section 11 Notification Issued,65,0,Pending,Not Required,False,,,,OD-LAO-2021-0890,0.3451,541,Rehabilitation (R&R)
27-037-005-932752,Industrial Corridor - Nashik Stretch 5,Industrial Corridor,State Industrial Corp,Maharashtra,Nashik,Nashik North,Sultanpur,20.13429,73.79543,2025-04-03,2026-08-27,,46.4,125,68,1.466,False,0,Clear,27.83,5165.25,4416.68,2773.68,62.8,14.49,True,2,1,Filed,False,32,False,20.0,False,19,SIA Completed,172,5,Not Required,Not Required,False,,,,MH-LAO-2025-0385,0.4052,511,Administrative Approval
21-005-015-592807,National Highway - Khordha Stretch 1,National Highway,NHAI,Odisha,Khordha,Khordha East,Madhavgarh,20.12128,85.49315,2024-06-07,2026-12-31,,125.4,294,192,1.531,True,5,Clear,28.52,14305.63,11966.99,7706.74,64.4,16.35,True,1,1,Resolved,False,5,False,19.9,False,54,Possession Taken,91,3,Pending,Obtained,False,,,,OD-LAO-2022-0873,0.4136,937,Administrative Approval
29-022-005-835678,Industrial Corridor - Belagavi Stretch 1,Industrial Corridor,State Industrial Corp,Karnataka,Belagavi,Belagavi North,Sultanpur,15.73783,74.44999,2025-11-08,2027-02-21,,62.0,172,95,1.532,True,3,Disputed,9.2,2281.6,1088.83,620.63,57.0,52.28,True,1,8,Stayed by Court,True,151,True,80.8,True,138,SIA Completed,78,2,Pending,Not Required,False,,,,KA-LAO-2025-0488,0.7775,470,Legal Dispute
23-033-002-472071,Railway Line - Gwalior Stretch 8,Railway Line,Indian Railways,Madhya Pradesh,Gwalior,Gwalior North,Kothapalli,26.28705,78.16078,2024-08-02,2027-01-10,,21.7,44,36,1.659,True,2,Partial,20.14,1748.15,1482.14,204.54,13.8,15.22,True,1,3,Under Hearing,False,602,True,27.2,True,10,Compensation Disbursement,3,1,Obtained,Not Required,False,,,,MP-LAO-2024-0467,0.5525,891,Legal Dispute
21-019-002-373494,Airport Expansion - Ganjam Stretch 5,Airport Expansion,Airports Authority of India,Odisha,Ganjam,Ganjam North,Kothapalli,19.5141,84.75439,2025-08-14,2027-10-26,,11.9,22,15,1.261,False,0,Clear,11.52,548.35,216.47,169.71,78.4,60.52,True,8,2,Filed,False,5,False,16.7,True,3,Possession Taken,26,0,Applied,Obtained,False,,,,OD-LAO-2025-0784,0.4345,803,Rehabilitation (R&R)
22-009-014-331358,Airport Expansion - Durg Stretch 7,Airport Expansion,Airports Authority of India,Chhattisgarh,Durg,Durg East,Lakshmipura,21.25015,81.25546,2026-06-08,2028-04-16,,39.1,91,52,1.33,False,0,Clear,17.01,2660.36,2278.89,1444.82,63.4,14.34,True,1,0,None,False,0,True,67.5,False,46,Possession Taken,103,1,Obtained,Pending,False,,,,CG-LAO-2024-0988,0.228,678,Administrative Approval
33-045-007-088086,Urban Metro - Tiruchirappalli Stretch 7,Urban Metro,Metro Rail Corp,Tamil Nadu,Tiruchirappalli,Tiruchirappalli South,Chandrapalli,10.71342,78.66476,2025-12-25,2028-07-01,,52.7,80,79,1.499,False,0,Clear,25.0,5270.0,3582.61,1673.08,46.7,32.02,True,2,1,Under Hearing,False,33,False,9.9,False,7,Compensation Disbursement,161,1,Pending,Not Required,False,,,,TN-LAO-2022-0490,0.453,919,Rehabilitation (R&R)
36-019-019-608716,Airport Expansion - Karimnagar Stretch 4,Airport Expansion,Airports Authority of India,Telangana,Karimnagar,Karimnagar West,Shivnagar,18.28075,79.23729,2024-11-19,2027-05-28,,144.5,282,192,1.329,True,2,Clear,11.84,6843.52,3943.78,1995.55,50.6,42.37,True,1,3,Resolved,False,135,True,35.1,False,90,Possession Taken,68,1,Not Required,Applied,False,,,,TG-LAO-2024-0235,0.4986,920,Compensation Disbursal
33-045-020-784492,Airport Expansion - Tiruchirappalli Stretch 3,Airport Expansion,Airports Authority of India,Tamil Nadu,Tiruchirappalli,Tiruchirappalli West,Tarapur,10.81253,78.60797,2024-08-13,2026-09-03,,21.1,28,28,1.327,True,4,Clear,14.87,1255.03,1181.19,768.95,65.1,5.88,True,1,0,None,False,0,True,90.3,True,22,Possession Taken,188,2,Obtained,Not Required,False,,,,TN-LAO-2022-0490,0.1615,751,Ownership / Title
33-031-014-681066,Railway Line - Madurai Stretch 4,Railway Line,Indian Railways,Tamil Nadu,Madurai,Madurai East,Lakshmipura,10.05172,78.00891,2026-08-14,2029-03-28,,13.4,31,17,1.269,True,1,Clear,30.5,1634.8,708.13,259.88,36.7,56.68,True,2,4,Under Hearing,False,44,False,2.5,False,0,SIA Completed,87,6,Obtained,Not Required,False,,,,TN-LAO-2021-0436,0.6278,957,Rehabilitation (R&R)
27-037-002-254678,Railway Line - Nashik Stretch 2,Railway Line,Indian Railways,Maharashtra,Nashik,Nashik North,Kothapalli,19.95125,73.88912,2025-12-31,2028-01-14,,51.5,77,79,1.534,False,0,Clear,16.59,3417.54,3120.34,1719.31,55.1,8.7,False,0,0,None,False,0,True,67.9,True,48,Award Declared,3,0,Obtained,Not Required,False,,,,MH-LAO-2025-0385,0.1595,744,Compensation Disbursal
36-019-015-521734,Power Transmission - Karimnagar Stretch 1,Power Transmission,POWERGRID,Telangana,Karimnagar,Karimnagar East,Madhavgarh,18.63608,79.25593,2024-07-04,2027-02-01,,87.9,130,127,1.445,True,1,Clear,22.97,8076.25,6875.94,6167.72,89.7,14.86,True,1,1,Under Hearing,False,178,False,34.1,True,35,Section 11 Notification Issued,330,2,Not Required,Not Required,False,,,,TG-LAO-2024-0235,0.3859,942,Legal Dispute
21-026-001-457850,Urban Metro - Sambalpur Stretch 1,Urban Metro,Metro Rail Corp,Odisha,Sambalpur,Sambalpur North,Rampur,21.64467,83.9764,2026-02-20,2027-07-23,,27.9,54,48,1.72,False,0,Clear,11.54,1287.86,948.0,122.29,12.9,26.39,True,3,2,Filed,False,82,True,51.1,False,24,Compensation Disbursement,169,4,Pending,Not Required,False,,,,OD-LAO-2024-0281,0.528,518,Administrative Approval
22-009-015-710252,Airport Expansion - Durg Stretch 1,Airport Expansion,Airports Authority of India,Chhattisgarh,Durg,Durg East,Madhavgarh,21.06422,81.20389,2024-12-03,2027-03-04,,94.6,260,140,1.48,False,0,Clear,25.89,9796.78,5982.96,3284.65,54.9,38.93,True,2,0,None,False,0,True,29.9,False,75,R&R Implementation,29,0,Pending,Obtained,False,,,,CG-LAO-2024-0988,0.2261,821,Compensation Disbursal
21-019-001-187413,Airport Expansion - Ganjam Stretch 4,Airport Expansion,Airports Authority of India,Odisha,Ganjam,Ganjam North,Rampur,19.27095,84.79896,2024-06-29,2027-02-16,,62.1,116,81,1.304,False,0,Clear,29.65,7365.06,4148.31,1144.93,27.6,43.68,True,3,2,Under Hearing,False,23,True,51.7,True,47,R&R Implementation,248,1,Applied,Applied,False,,,,OD-LAO-2025-0784,0.5449,521,Compensation Disbursal
33-045-014-879637,Airport Expansion - Tiruchirappalli Stretch 4,Airport Expansion,Airports Authority of India,Tamil Nadu,Tiruchirappalli,Tiruchirappalli East,Lakshmipura,10.76575,78.76666,2024-07-31,2028-06-25,,22.9,49,33,1.441,False,0,Partial,8.9,815.24,552.99,436.86,79.0,32.17,True,6,1,Stayed by Court,True,319,True,89.6,True,37,Section 11 Notification Issued,174,1,Obtained,Applied,False,,,,TN-LAO-2022-0490,0.3599,714,Legal Dispute
27-001-023-118983,State Highway - Mumbai Suburban Stretch 5,State Highway,State PWD,Maharashtra,Mumbai Suburban,Mumbai Suburban West,Yellapur,19.11888,72.86145,2024-12-31,2026-10-23,,175.0,224,249,1.423,True,1,Clear,40.17,14059.5,11994.02,9679.17,80.7,14.69,False,0,3,Stayed by Court,True,121,False,24.5,True,39,Compensation Disbursement,34,3,Obtained,Obtained,False,,,,MH-LAO-2022-0603,0.4703,661,Legal Dispute
33-031-008-004122,National Highway - Madurai Stretch 5,National Highway,NHAI,Tamil Nadu,Madurai,Madurai South,Narsapur,10.02086,78.15408,2025-01-02,2027-05-31,,47.7,80,89,1.866,True,4,Partial,14.86,2835.29,1815.51,831.5,45.8,35.97,True,1,3,Filed,False,123,True,61.6,False,39,Section 11 Notification Issued,19,3,Obtained,Obtained,False,,,,TN-LAO-2021-0436,0.625,879,Ownership / Title
29-018-002-309194,Power Transmission - Mysuru Stretch 8,Power Transmission,POWERGRID,Karnataka,Mysuru,Mysuru North,Kothapalli,12.4205,76.66913,2025-02-14,2027-09-06,,24.3,47,36,1.481,True,1,Clear,30.55,2969.46,2240.04,1102.1,49.2,24.56,True,5,4,Filed,False,6,True,60.8,True,20,Award Declared,335,0,Pending,Not Required,False,,,,KA-LAO-2021-0461,0.4606,934,Legal Dispute
22-002-018-182753,Urban Metro - Raipur Stretch 8,Urban Metro,Metro Rail Corp,Chhattisgarh,Raipur,Raipur East,Raghunathpur,21.35589,81.5926,2025-01-11,2027-01-11,,57.5,96,89,1.548,False,0,Partial,48.57,5585.55,5378.82,930.54,17.3,3.7,True,1,1,Under Hearing,False,77,True,70.3,False,65,Compensation Disbursement,125,5,Obtained,Not Required,False,,,,CG-LAO-2022-0755,0.449,730,Administrative Approval
29-022-023-805781,State Highway - Belagavi Stretch 6,State Highway,State PWD,Karnataka,Belagavi,Belagavi West,Yellapur,15.85507,74.32363,2025-12-19,2027-03-08,,123.3,220,165,1.338,True,1,Clear,19.34,9538.49,6428.47,3445.66,53.6,32.6,True,3,1,Stayed by Court,True,5,True,32.5,False,66,Section 11 Notification Issued,52,2,Applied,Not Required,False,,,,KA-LAO-2025-0488,0.3858,444,Rehabilitation (R&R)
36-027-009-512307,Urban Metro - Nizamabad Stretch 7,Urban Metro,Metro Rail Corp,Telangana,Nizamabad,Nizamabad South,Basavanahalli,18.71432,78.01034,2025-02-06,2027-01-05,,38.0,43,47,1.237,True,2,Clear,9.18,1395.36,978.79,220.23,22.5,29.85,True,1,3,Stayed by Court,True,5,True,77.1,True,28,Compensation Disbursement,4,1,Obtained,Not Required,False,,,,TG-LAO-2021-0135,0.5597,698,Legal Dispute
22-018-014-152454,Power Transmission - Korba Stretch 8,Power Transmission,POWERGRID,Chhattisgarh,Korba,Korba East,Lakshmipura,22.34682,82.66164,2024-11-22,2027-01-20,,10.2,28,16,1.569,False,0,Clear,27.46,1120.37,631.02,173.53,27.5,43.68,True,7,4,Filed,False,116,True,30.9,False,8,SIA Completed,13,2,Pending,Obtained,False,,,,CG-LAO-2024-0820,0.655,789,Compensation Disbursal
36-003-001-892924,Industrial Corridor - Hyderabad Stretch 6,Industrial Corridor,State Industrial Corp,Telangana,Hyderabad,Hyderabad North,Rampur,17.27534,78.58166,2025-10-26,2027-08-02,,75.5,142,110,1.457,True,2,Clear,66.85,10094.35,8965.45,7665.46,85.5,11.18,False,0,2,Filed,False,240,True,41.8,False,56,Award Declared,73,4,Not Required,Obtained,False,,,,TG-LAO-2025-0884,0.2939,645,Legal Dispute
22-002-014-968638,Industrial Corridor - Raipur Stretch 6,Industrial Corridor,State Industrial Corp,Chhattisgarh,Raipur,Raipur East,Lakshmipura,21.23422,81.51409,2026-01-22,2027-08-19,,215.4,377,295,1.37,True,1,Clear,51.54,22203.43,17276.08,5597.45,32.4,22.19,True,3,1,Stayed by Court,True,291,True,22.7,False,84,Award Declared,98,4,Pending,Not Required,False,,,,CG-LAO-2022-0755,0.508,574,Administrative Approval
09-002-007-366292,Airport Expansion - Lucknow Stretch 2,Airport Expansion,Airports Authority of India,Uttar Pradesh,Lucknow,Lucknow South,Chandrapalli,26.69846,80.90868,2026-05-10,2027-09-08,,144.4,297,226,1.565,True,3,Partial,46.12,13319.46,9750.26,351.01,3.6,26.8,True,2,4,Resolved,False,26,True,75.6,True,222,Section 11 Notification Issued,37,2,Obtained,Not Required,False,,,,UP-LAO-2021-0734,0.5503,486,Compensation Disbursal
36-011-023-761008,Urban Metro - Warangal Stretch 2,Urban Metro,Metro Rail Corp,Telangana,Warangal,Warangal West,Yellapur,17.91184,79.54229,2025-11-11,2028-05-18,,119.5,164,177,1.481,True,1,Partial,18.56,8871.68,6760.64,5131.33,75.9,23.8,True,4,2,Under Hearing,False,310,True,43.2,True,55,Compensation Disbursement,143,6,Not Required,Obtained,False,,,,TG-LAO-2021-0919,0.4554,919,Legal Dispute
09-044-012-825329,Irrigation Canal - Prayagraj Stretch 2,Irrigation Canal,State Irrigation Dept,Uttar Pradesh,Prayagraj,Prayagraj South,Jaitpur,25.57314,81.96691,2026-06-24,2027-10-07,,22.1,51,34,1.538,True,1,Clear,15.18,1341.91,771.94,134.32,17.4,42.47,True,3,2,Resolved,False,747,True,20.9,False,9,Possession Taken,81,1,Applied,Obtained,False,,,,UP-LAO-2023-0576,0.4331,470,Compensation Disbursal
22-014-012-813733,Power Transmission - Bilaspur Stretch 3,Power Transmission,POWERGRID,Chhattisgarh,Bilaspur,Bilaspur South,Jaitpur,22.03493,82.07358,2024-10-26,2027-05-22,,35.4,98,55,1.554,True,1,Clear,27.99,3963.38,3261.56,1046.96,32.1,17.71,True,1,1,Under Hearing,False,297,True,36.3,True,27,SIA Completed,62,1,Obtained,Pending,False,,,,CG-LAO-2022-0241,0.4622,938,Rehabilitation (R&R)
29-022-022-522533,Railway Line - Belagavi Stretch 1,Railway Line,Indian Railways,Karnataka,Belagavi,Belagavi West,Veerapuram,16.10115,74.42734,2025-10-11,2027-08-25,,7.9,26,15,1.899,True,4,Disputed,21.23,670.87,401.83,146.27,36.4,40.1,True,4,3,Under Hearing,False,76,False,43.1,False,7,SIA Completed,289,3,Pending,Applied,False,,,,KA-LAO-2025-0488,0.7557,683,Administrative Approval
36-003-001-808075,Railway Line - Hyderabad Stretch 2,Railway Line,Indian Railways,Telangana,Hyderabad,Hyderabad North,Rampur,17.26677,78.59293,2025-11-04,2027-01-29,,42.7,77,75,1.756,False,0,Clear,83.64,7142.86,6892.75,5514.2,80.0,3.5,False,0,0,None,False,0,True,32.1,False,20,Compensation Disbursement,58,0,Not Required,Not Required,False,,,,TG-LAO-2025-0884,0.1258,451,Rehabilitation (R&R)
21-005-022-175155,Irrigation Canal - Khordha Stretch 5,Irrigation Canal,State Irrigation Dept,Odisha,Khordha,Khordha West,Veerapuram,20.26143,85.632,2025-05-03,2027-05-12,,115.3,161,158,1.37,True,1,Clear,28.09,12955.11,9408.82,2060.53,21.9,27.37,True,1,0,None,False,0,True,36.4,True,41,Section 11 Notification Issued,14,0,Not Required,Not Required,False,,,,OD-LAO-2022-0873,0.385,739,Compensation Disbursal
27-013-008-236445,Urban Metro - Pune Stretch 7,Urban Metro,Metro Rail Corp,Maharashtra,Pune,Pune South,Narsapur,18.46947,73.76302,2026-05-10,2028-02-29,,33.9,87,55,1.622,True,1,Clear,91.78,6222.68,5491.8,1268.61,23.1,11.75,True,2,1,Under Hearing,False,1055,True,37.0,False,29,SIA Completed,4,4,Applied,Obtained,False,,,,MH-LAO-2023-0454,0.4415,660,Administrative Approval
09-044-008-926898,Airport Expansion - Prayagraj Stretch 2,Airport Expansion,Airports Authority of India,Uttar Pradesh,Prayagraj,Prayagraj South,Narsapur,25.5772,81.74349,2026-06-09,2029-01-07,,28.8,54,41,1.424,False,0,Clear,19.67,2265.98,1843.99,925.68,50.2,18.62,True,4,1,Resolved,False,175,True,68.8,False,35,Section 11 Notification Issued,249,0,Obtained,Not Required,False,,,,UP-LAO-2023-0576,0.3268,943,Compensation Disbursal
29-022-009-232014,Industrial Corridor - Belagavi Stretch 7,Industrial Corridor,State Industrial Corp,Karnataka,Belagavi,Belagavi South,Basavanahalli,15.9222,74.48132,2025-10-28,2026-12-27,,6.2,18,17,2.742,True,5,Partial,30.04,744.99,687.46,322.42,46.9,7.72,False,0,2,Under Hearing,False,18,True,25.7,True,4,Possession Taken,125,1,Applied,Not Required,False,,,,KA-LAO-2025-0488,0.402,425,Rehabilitation (R&R)
21-012-017-655235,Power Transmission - Cuttack Stretch 4,Power Transmission,POWERGRID,Odisha,Cuttack,Cuttack East,Peddapalli,20.4161,85.88013,2024-09-02,2027-03-31,,38.6,61,50,1.295,True,3,Disputed,23.91,3691.7,2669.56,2397.26,89.8,27.69,True,1,6,Under Hearing,False,77,True,63.6,False,29,SIA Completed,296,3,Applied,Not Required,False,,,,OD-LAO-2021-0890,0.5235,940,Ownership / Title
33-014-022-104665,Irrigation Canal - Chennai Stretch 7,Irrigation Canal,State Irrigation Dept,Tamil Nadu,Chennai,Chennai West,Veerapuram,13.18739,80.43321,2026-05-25,2028-05-21,,17.4,29,26,1.494,False,0,Clear,74.09,2578.33,2247.22,1955.08,87.0,12.84,True,1,0,None,False,0,True,57.6,False,16,Section 11 Notification Issued,249,1,Pending,Obtained,False,,,,TN-LAO-2021-0562,0.2731,727,Administrative Approval
33-045-003-904905,Railway Line - Tiruchirappalli Stretch 5,Railway Line,Indian Railways,Tamil Nadu,Tiruchirappalli,Tiruchirappalli North,Ganeshpura,10.74603,78.85962,2026-02-15,2027-09-25,,23.7,58,39,1.646,False,0,Clear,26.81,2541.59,2133.1,1279.86,60.0,16.07,True,2,1,Under Hearing,False,507,True,53.1,True,21,Compensation Disbursement,84,0,Not Required,Pending,False,,,,TN-LAO-2022-0490,0.2926,587,Legal Dispute
09-002-012-069721,State Highway - Lucknow Stretch 5,State Highway,State PWD,Uttar Pradesh,Lucknow,Lucknow South,Jaitpur,26.75832,81.06171,2025-12-03,2028-05-26,,29.7,80,54,1.818,True,2,Clear,63.98,3800.41,2689.12,475.97,17.7,29.24,True,1,1,Stayed by Court,True,46,True,87.6,False,57,Possession Taken,10,1,Not Required,Obtained,False,,,,UP-LAO-2021-0734,0.4323,905,Compensation Disbursal
27-025-022-382533,Railway Line - Nagpur Stretch 7,Railway Line,Indian Railways,Maharashtra,Nagpur,Nagpur West,Veerapuram,21.26795,79.19977,2026-01-25,2028-01-26,,21.8,23,25,1.147,True,5,Partial,86.57,3774.45,1907.96,1390.9,72.9,49.45,True,5,6,Filed,False,393,True,57.5,True,12,Compensation Disbursement,29,2,Obtained,Not Required,False,,,,MH-LAO-2025-0718,0.5713,731,Ownership / Title
29-018-016-842919,Power Transmission - Mysuru Stretch 7,Power Transmission,POWERGRID,Karnataka,Mysuru,Mysuru East,Nandgaon,12.35423,76.61416,2025-09-15,2027-06-24,,65.3,191,104,1.593,False,0,Clear,29.47,7697.56,4548.53,2692.73,59.2,40.91,True,5,2,Under Hearing,False,271,True,57.3,False,99,Award Declared,49,1,Pending,Not Required,False,,,,KA-LAO-2021-0461,0.4379,647,Legal Dispute
09-031-012-013572,Urban Metro - Varanasi Stretch 4,Urban Metro,Metro Rail Corp,Uttar Pradesh,Varanasi,Varanasi South,Jaitpur,25.37687,82.88379,2024-12-20,2027-07-09,,38.0,46,41,1.079,True,1,Clear,30.98,4708.96,3973.84,2737.98,68.9,15.61,True,1,1,Resolved,False,100,True,61.4,False,22,Possession Taken,87,1,Pending,Not Required,False,,,,UP-LAO-2025-0822,0.2296,931,Administrative Approval
21-005-008-420826,Airport Expansion - Khordha Stretch 3,Airport Expansion,Airports Authority of India,Odisha,Khordha,Khordha South,Narsapur,20.11974,85.54347,2026-08-15,2028-12-09,,42.3,81,70,1.655,True,3,Partial,16.89,2857.79,2329.41,1441.9,61.9,18.49,True,2,3,Filed,False,5,True,46.4,False,34,R&R Implementation,112,2,Obtained,Obtained,False,,,,OD-LAO-2022-0873,0.4626,847,Legal Dispute
29-022-015-841838,Railway Line - Belagavi Stretch 5,Railway Line,Indian Railways,Karnataka,Belagavi,Belagavi East,Madhavgarh,15.82236,74.50734,2024-10-05,2026-12-13,,8.5,33,18,2.118,True,1,Clear,26.86,913.24,659.52,309.97,47.0,27.78,True,1,3,Filed,False,586,False,38.4,True,12,Possession Taken,6,2,Obtained,Not Required,False,,,,KA-LAO-2025-0488,0.4674,799,Compensation Disbursal
33-031-021-185290,National Highway - Madurai Stretch 6,National Highway,NHAI,Tamil Nadu,Madurai,Madurai West,Uttanahalli,9.86055,78.13643,2026-07-10,2028-05-13,,41.8,57,58,1.388,False,0,Clear,21.72,3631.58,3339.33,2785.0,83.4,8.05,False,0,0,None,False,0,True,21.9,False,8,R&R Implementation,94,1,Applied,Obtained,False,,,,TN-LAO-2021-0436,0.2157,673,Rehabilitation (R&R)
23-033-003-670128,National Highway - Gwalior Stretch 4,National Highway,NHAI,Madhya Pradesh,Gwalior,Gwalior North,Ganeshpura,26.27461,78.28286,2025-12-23,2028-08-01,,30.5,65,46,1.508,True,2,Clear,21.98,2681.56,938.55,577.21,61.5,65.0,True,4,4,Under Hearing,False,102,True,23.0,False,14,Compensation Disbursement,153,2,Pending,Not Required,False,,,,MP-LAO-2024-0467,0.6568,952,Legal Dispute
21-019-013-773037,National Highway - Ganjam Stretch 5,National Highway,NHAI,Odisha,Ganjam,Ganjam East,Kesarpur,19.32675,84.89384,2025-06-30,2026-09-24,,37.2,60,55,1.478,False,0,Clear,15.34,2282.59,2055.2,731.65,35.6,9.96,True,1,0,None,False,0,False,31.4,False,15,Compensation Disbursement,273,1,Applied,Not Required,False,,,,OD-LAO-2025-0784,0.327,451,Rehabilitation (R&R)
33-014-007-313313,National Highway - Chennai Stretch 2,National Highway,NHAI,Tamil Nadu,Chennai,Chennai South,Chandrapalli,13.07268,80.18109,2026-01-16,2028-07-10,,29.8,71,39,1.309,True,5,Disputed,53.21,3171.32,1365.28,746.81,54.7,56.95,True,3,4,Filed,False,329,True,58.6,True,31,Award Declared,98,5,Not Required,Obtained,False,,,,TN-LAO-2021-0562,0.7549,906,Ownership / Title
27-037-024-289386,Urban Metro - Nashik Stretch 7,Urban Metro,Metro Rail Corp,Maharashtra,Nashik,Nashik West,Zamania,20.01186,73.93804,2026-04-01,2028-08-09,,21.9,41,29,1.324,False,0,Clear,12.52,1096.75,853.37,320.01,37.5,22.19,True,1,2,Under Hearing,False,137,True,43.2,False,15,Award Declared,173,6,Not Required,Not Required,False,,,,MH-LAO-2025-0385,0.4258,861,Administrative Approval
09-031-003-212773,National Highway - Varanasi Stretch 2,National Highway,NHAI,Uttar Pradesh,Varanasi,Varanasi North,Ganeshpura,25.30382,82.93665,2024-10-15,2028-11-11,,24.5,56,36,1.469,True,1,Clear,17.97,1761.06,1346.68,694.89,51.6,23.53,True,1,1,Resolved,False,103,True,54.5,True,28,Compensation Disbursement,7,0,Applied,Pending,False,,,,UP-LAO-2025-0822,0.382,667,Compensation Disbursal
33-014-019-969365,Power Transmission - Chennai Stretch 4,Power Transmission,POWERGRID,Tamil Nadu,Chennai,Chennai West,Shivnagar,13.13534,80.13179,2026-06-08,2027-10-15,,28.1,56,50,1.779,False,0,Clear,69.44,3902.53,3469.96,707.87,20.4,11.08,True,1,0,None,False,0,True,77.2,True,39,Award Declared,71,1,Obtained,Not Required,False,,,,TN-LAO-2021-0562,0.3115,494,Compensation Disbursal
22-009-007-960071,Airport Expansion - Durg Stretch 1,Airport Expansion,Airports Authority of India,Chhattisgarh,Durg,Durg South,Chandrapalli,21.28598,81.20398,2024-08-02,2027-07-01,,94.6,197,131,1.385,True,1,Clear,21.24,8037.22,7917.19,3879.42,49.0,1.49,False,0,0,None,False,0,True,24.2,False,37,Award Declared,48,0,Not Required,Not Required,False,,,,CG-LAO-2024-0988,0.193,725,Rehabilitation (R&R)
21-019-018-312999,National Highway - Ganjam Stretch 7,National Highway,NHAI,Odisha,Ganjam,Ganjam East,Raghunathpur,19.38032,84.78672,2025-10-17,2028-04-28,,11.5,29,21,1.826,True,2,Partial,15.25,701.5,466.87,362.29,77.6,33.45,True,3,4,Stayed by Court,True,464,False,20.0,True,5,Section 11 Notification Issued,29,6,Pending,Applied,False,,,,OD-LAO-2025-0784,0.721,924,Legal Dispute
09-044-010-399385,Industrial Corridor - Prayagraj Stretch 4,Industrial Corridor,State Industrial Corp,Uttar Pradesh,Prayagraj,Prayagraj South,Mallapuram,25.41132,81.81465,2026-02-13,2028-01-15,,14.4,34,31,2.153,False,0,Clear,11.87,683.71,576.39,296.84,51.5,15.7,True,1,0,None,False,0,False,32.0,True,9,Award Declared,33,6,Applied,Not Required,False,,,,UP-LAO-2023-0576,0.2934,701,Administrative Approval
21-026-023-607277,Railway Line - Sambalpur Stretch 5,Railway Line,Indian Railways,Odisha,Sambalpur,Sambalpur West,Yellapur,21.40637,83.92727,2026-03-06,2028-06-02,,42.3,54,57,1.348,True,1,Clear,30.29,5125.07,4016.72,2016.39,50.2,21.63,False,0,1,Filed,False,140,True,44.4,False,21,SIA Completed,405,5,Applied,Not Required,False,,,,OD-LAO-2024-0281,0.4587,819,Administrative Approval
09-044-014-664609,Urban Metro - Prayagraj Stretch 5,Urban Metro,Metro Rail Corp,Uttar Pradesh,Prayagraj,Prayagraj East,Lakshmipura,25.54676,81.73671,2025-05-10,2027-07-28,,54.0,147,78,1.444,True,3,Partial,28.05,6058.8,5070.3,3270.34,64.5,16.32,False,0,4,Resolved,False,96,True,65.9,True,78,Section 11 Notification Issued,75,7,Obtained,Obtained,False,,,,UP-LAO-2023-0576,0.4658,464,Ownership / Title
21-005-022-199357,Irrigation Canal - Khordha Stretch 8,Irrigation Canal,State Irrigation Dept,Odisha,Khordha,Khordha West,Veerapuram,20.28838,85.64243,2024-12-24,2027-01-31,,28.3,69,49,1.731,False,0,Clear,27.78,3144.7,2600.94,665.84,25.6,17.29,False,0,0,None,False,0,True,81.7,True,43,Award Declared,79,0,Pending,Not Required,False,,,,OD-LAO-2022-0873,0.3995,768,Compensation Disbursal
09-044-003-334004,Airport Expansion - Prayagraj Stretch 1,Airport Expansion,Airports Authority of India,Uttar Pradesh,Prayagraj,Prayagraj North,Ganeshpura,25.44018,81.94515,2026-01-25,2028-08-12,,38.5,80,63,1.636,False,0,Clear,18.78,2892.12,1553.76,612.18,39.4,46.28,True,3,3,Filed,False,98,False,6.9,False,3,R&R Implementation,46,0,Obtained,Not Required,False,,,,UP-LAO-2023-0576,0.5112,930,Compensation Disbursal
29-009-010-091248,State Highway - Tumakuru Stretch 3,State Highway,State PWD,Karnataka,Tumakuru,Tumakuru South,Mallapuram,13.4535,77.13386,2026-07-02,2028-06-20,,84.7,137,121,1.429,True,3,Partial,26.79,9076.45,8486.53,4845.81,57.1,6.5,True,1,2,Under Hearing,False,771,True,20.0,False,24,Award Declared,15,2,Obtained,Not Required,False,,,,KA-LAO-2023-0611,0.4675,719,Rehabilitation (R&R)
33-031-001-161337,State Highway - Madurai Stretch 8,State Highway,State PWD,Tamil Nadu,Madurai,Madurai North,Rampur,9.84355,78.22204,2026-01-11,2027-08-31,,130.7,312,190,1.454,False,0,Clear,24.09,12594.25,9462.85,2592.82,27.4,24.86,False,0,0,None,False,0,False,21.8,True,57,Possession Taken,52,0,Obtained,Not Required,False,,,,TN-LAO-2021-0436,0.2661,597,Rehabilitation (R&R)
22-014-008-482155,Power Transmission - Bilaspur Stretch 4,Power Transmission,POWERGRID,Chhattisgarh,Bilaspur,Bilaspur South,Narsapur,22.0638,82.08346,2025-06-06,2027-08-29,,93.4,154,151,1.617,True,3,Clear,23.03,8604.01,4314.65,2437.78,56.5,49.85,True,3,0,None,False,0,True,53.1,True,69,Compensation Disbursement,35,1,Obtained,Not Required,False,,,,CG-LAO-2022-0241,0.3319,814,Compensation Disbursal
22-018-003-316142,Industrial Corridor - Korba Stretch 6,Industrial Corridor,State Industrial Corp,Chhattisgarh,Korba,Korba North,Ganeshpura,22.29673,82.76546,2026-05-17,2028-01-18,,20.2,60,33,1.634,False,0,Clear,13.45,1086.76,970.98,592.3,61.0,10.65,True,1,1,Resolved,False,212,True,49.5,True,29,Compensation Disbursement,206,3,Pending,Obtained,False,,,,CG-LAO-2024-0820,0.3329,611,Administrative Approval
23-016-010-298309,Railway Line - Indore Stretch 8,Railway Line,Indian Railways,Madhya Pradesh,Indore,Indore South,Mallapuram,22.80833,75.89642,2024-11-30,2027-07-16,,41.6,50,50,1.202,False,0,Clear,40.31,3353.79,2469.89,731.09,29.6,26.36,True,3,3,Stayed by Court,True,886,False,15.0,True,5,Compensation Disbursement,140,1,Applied,Not Required,False,,,,MP-LAO-2021-0254,0.544,958,Legal Dispute
33-014-023-215297,Irrigation Canal - Chennai Stretch 4,Irrigation Canal,State Irrigation Dept,Tamil Nadu,Chennai,Chennai West,Yellapur,13.27307,80.30649,2025-02-26,2026-08-28,,105.8,227,163,1.541,True,1,Disputed,90.88,19230.21,13523.35,4273.38,31.6,29.68,True,1,3,Stayed by Court,True,496,False,21.3,False,43,Award Declared,14,1,Pending,Not Required,False,,,,TN-LAO-2021-0562,0.6158,548,Legal Dispute
23-033-005-677236,Industrial Corridor - Gwalior Stretch 3,Industrial Corridor,State Industrial Corp,Madhya Pradesh,Gwalior,Gwalior North,Sultanpur,26.28232,78.30964,2026-01-12,2027-12-23,,163.6,229,226,1.381,True,1,Clear,10.59,6930.1,5352.04,2049.83,38.3,22.77,True,3,0,None,False,0,True,27.0,False,57,Compensation Disbursement,156,1,Not Required,Obtained,False,,,,MP-LAO-2024-0467,0.3219,710,Compensation Disbursal
36-003-005-162453,National Highway - Hyderabad Stretch 5,National Highway,NHAI,Telangana,Hyderabad,Hyderabad North,Sultanpur,17.43679,78.41837,2024-12-25,2027-04-11,,70.8,142,99,1.398,True,1,Clear,76.59,10845.14,6080.63,851.29,14.0,43.93,True,4,3,Filed,False,30,True,42.3,True,54,R&R Implementation,34,0,Pending,Pending,False,,,,TG-LAO-2025-0884,0.5586,837,Compensation Disbursal
09-031-018-325979,Irrigation Canal - Varanasi Stretch 3,Irrigation Canal,State Irrigation Dept,Uttar Pradesh,Varanasi,Varanasi East,Raghunathpur,25.29887,83.09194,2026-04-18,2028-02-13,,17.9,41,27,1.508,False,0,Clear,22.73,1627.47,1313.63,517.57,39.4,19.28,True,3,1,Under Hearing,False,709,True,31.5,False,9,Section 11 Notification Issued,13,0,Pending,Applied,False,,,,UP-LAO-2025-0822,0.4579,666,Compensation Disbursal
21-019-016-998853,National Highway - Ganjam Stretch 8,National Highway,NHAI,Odisha,Ganjam,Ganjam East,Nandgaon,19.27915,84.84155,2025-10-05,2027-05-05,,53.1,128,70,1.318,False,0,Partial,29.21,6204.2,4088.53,1843.93,45.1,34.1,False,0,1,Resolved,False,5,True,28.9,False,28,Compensation Disbursement,15,1,Applied,Not Required,False,,,,OD-LAO-2025-0784,0.3102,577,Compensation Disbursal
27-013-012-943884,Urban Metro - Pune Stretch 3,Urban Metro,Metro Rail Corp,Maharashtra,Pune,Pune South,Jaitpur,18.20534,73.7325,2025-07-18,2026-12-31,,19.0,49,27,1.421,True,1,Disputed,54.67,2077.46,1229.03,657.53,53.5,40.84,True,1,4,Under Hearing,False,231,False,29.0,False,13,Section 11 Notification Issued,13,3,Obtained,Applied,False,,,,MH-LAO-2023-0454,0.6705,531,Legal Dispute
36-019-009-348048,Power Transmission - Karimnagar Stretch 6,Power Transmission,POWERGRID,Telangana,Karimnagar,Karimnagar South,Basavanahalli,18.44554,79.08786,2025-03-21,2028-05-28,,61.5,88,85,1.382,True,1,Clear,6.35,1562.1,1327.06,293.28,22.1,15.05,True,2,0,None,False,0,True,10.4,True,8,Section 11 Notification Issued,21,1,Obtained,Applied,False,,,,TG-LAO-2024-0235,0.3621,421,Rehabilitation (R&R)
29-018-019-080916,Airport Expansion - Mysuru Stretch 8,Airport Expansion,Airports Authority of India,Karnataka,Mysuru,Mysuru West,Shivnagar,12.4297,76.58587,2026-08-18,2029-02-02,,16.3,33,22,1.35,True,1,Clear,23.32,1520.46,532.16,107.5,20.2,65.0,True,7,2,Filed,False,283,True,91.2,True,28,R&R Implementation,61,3,Obtained,Not Required,False,,,,KA-LAO-2021-0461,0.5345,899,Compensation Disbursal
09-031-019-872573,State Highway - Varanasi Stretch 2,State Highway,State PWD,Uttar Pradesh,Varanasi,Varanasi West,Shivnagar,25.38773,83.01922,2024-10-31,2026-12-24,,16.3,29,24,1.472,False,0,Clear,13.79,899.11,515.52,213.94,41.5,42.66,True,6,3,Under Hearing,False,87,False,26.0,False,6,R&R Implementation,12,1,Not Required,Not Required,False,,,,UP-LAO-2025-0822,0.5133,784,Legal Dispute
36-019-019-395879,Airport Expansion - Karimnagar Stretch 6,Airport Expansion,Airports Authority of India,Telangana,Karimnagar,Karimnagar West,Shivnagar,18.27968,79.22574,2026-06-12,2028-09-15,,45.4,104,63,1.388,False,0,Clear,22.87,4153.19,3328.36,3161.94,95.0,19.86,True,1,1,Under Hearing,False,107,False,19.7,False,15,Compensation Disbursement,29,2,Not Required,Obtained,False,,,,TG-LAO-2024-0235,0.2499,826,Rehabilitation (R&R)
21-005-024-424589,Railway Line - Khordha Stretch 5,Railway Line,Indian Railways,Odisha,Khordha,Khordha West,Zamania,20.20504,85.65014,2026-04-04,2027-09-15,,25.1,64,38,1.514,True,5,Disputed,18.49,1856.4,816.44,460.47,56.4,56.02,True,1,3,Under Hearing,False,178,False,10.8,False,5,R&R Implementation,73,4,Pending,Obtained,False,,,,OD-LAO-2022-0873,0.6757,529,Ownership / Title
21-026-006-273094,Irrigation Canal - Sambalpur Stretch 5,Irrigation Canal,State Irrigation Dept,Odisha,Sambalpur,Sambalpur North,Devgaon,21.51185,84.06641,2026-03-10,2028-11-03,,17.1,39,24,1.404,False,0,Clear,25.48,1742.83,1216.76,372.33,30.6,30.18,True,6,3,Filed,False,104,True,28.5,False,9,Compensation Disbursement,213,4,Pending,Not Required,False,,,,OD-LAO-2024-0281,0.5669,969,Administrative Approval
09-031-023-654734,Power Transmission - Varanasi Stretch 6,Power Transmission,POWERGRID,Uttar Pradesh,Varanasi,Varanasi West,Yellapur,25.40064,82.89427,2025-11-06,2028-01-24,,17.2,28,26,1.512,True,4,Disputed,29.45,2026.16,1602.52,802.86,50.1,20.91,False,0,2,Stayed by Court,True,22,True,73.8,False,19,SIA Completed,6,1,Pending,Not Required,False,,,,UP-LAO-2025-0822,0.5292,809,Ownership / Title
36-019-009-327811,Airport Expansion - Karimnagar Stretch 8,Airport Expansion,Airports Authority of India,Telangana,Karimnagar,Karimnagar South,Basavanahalli,18.4518,79.11447,2025-01-16,2028-06-27,,42.2,116,71,1.682,False,0,Clear,18.69,3154.87,1975.2,1277.95,64.7,37.39,True,2,3,Filed,False,93,True,23.4,False,24,SIA Completed,132,5,Pending,Not Required,False,,,,TG-LAO-2024-0235,0.5259,525,Administrative Approval
23-016-002-431793,National Highway - Indore Stretch 5,National Highway,NHAI,Madhya Pradesh,Indore,Indore North,Kothapalli,22.57373,75.99608,2025-08-19,2028-02-13,,207.8,291,290,1.396,True,1,Partial,43.82,18211.59,11588.72,4102.41,35.4,36.37,True,2,1,Resolved,False,18,True,77.4,False,205,Award Declared,65,1,Pending,Not Required,False,,,,MP-LAO-2021-0254,0.3538,908,Compensation Disbursal
09-044-017-935530,Irrigation Canal - Prayagraj Stretch 4,Irrigation Canal,State Irrigation Dept,Uttar Pradesh,Prayagraj,Prayagraj East,Peddapalli,25.4759,81.7534,2026-02-08,2028-02-05,,191.5,390,256,1.337,True,7,Disputed,6.28,4810.48,4309.4,3602.66,83.6,10.42,False,0,5,Filed,False,253,True,72.1,True,251,SIA Completed,28,2,Obtained,Not Required,False,,,,UP-LAO-2023-0576,0.4394,727,Ownership / Title
29-007-017-378427,State Highway - Bengaluru Urban Stretch 1,State Highway,State PWD,Karnataka,Bengaluru Urban,Bengaluru Urban East,Peddapalli,12.91482,77.70672,2024-12-20,2026-10-20,,84.7,186,106,1.251,False,0,Clear,70.22,11895.27,10007.05,4733.33,47.3,15.87,True,2,0,None,False,0,True,43.4,True,59,Compensation Disbursement,334,2,Applied,Obtained,False,,,,KA-LAO-2024-0628,0.323,669,Administrative Approval
22-018-009-028179,Urban Metro - Korba Stretch 1,Urban Metro,Metro Rail Corp,Chhattisgarh,Korba,Korba South,Basavanahalli,22.31456,82.55525,2025-01-21,2027-05-14,,34.7,58,54,1.556,False,0,Clear,18.38,2551.14,1237.85,1104.16,89.2,51.48,True,4,2,Filed,False,144,False,25.6,True,11,Possession Taken,63,0,Obtained,Not Required,False,,,,CG-LAO-2024-0820,0.368,843,Rehabilitation (R&R)
33-031-011-156622,Urban Metro - Madurai Stretch 7,Urban Metro,Metro Rail Corp,Tamil Nadu,Madurai,Madurai South,Amrapur,9.89288,78.1196,2024-12-30,2027-06-14,,45.7,63,59,1.291,True,5,Disputed,27.15,4963.02,3802.98,2026.99,53.3,23.37,True,3,1,Stayed by Court,True,184,True,71.1,True,37,Section 11 Notification Issued,40,2,Not Required,Obtained,False,,,,TN-LAO-2021-0436,0.5336,896,Ownership / Title
22-009-001-772885,Irrigation Canal - Durg Stretch 7,Irrigation Canal,State Irrigation Dept,Chhattisgarh,Durg,Durg North,Rampur,21.28234,81.41361,2025-05-06,2027-03-17,,15.1,38,24,1.589,True,1,Clear,21.84,1319.14,962.6,303.22,31.5,27.03,True,4,2,Filed,False,177,True,2.9,True,0,Section 11 Notification Issued,52,4,Pending,Not Required,False,,,,CG-LAO-2024-0988,0.5525,680,Administrative Approval
33-031-004-898735,Industrial Corridor - Madurai Stretch 7,Industrial Corridor,State Industrial Corp,Tamil Nadu,Madurai,Madurai North,Bhimnagar,9.91944,78.07417,2024-09-24,2027-08-09,,35.6,67,48,1.348,True,3,Partial,13.46,1916.7,1627.12,1607.59,98.8,15.11,False,0,1,Filed,False,59,True,69.1,True,37,Possession Taken,166,2,Applied,Obtained,False,,,,TN-LAO-2021-0436,0.3055,462,Ownership / Title
27-037-005-386916,Industrial Corridor - Nashik Stretch 7,Industrial Corridor,State Industrial Corp,Maharashtra,Nashik,Nashik North,Sultanpur,20.11125,73.78813,2026-08-19,2028-01-14,,55.9,152,84,1.503,True,1,Clear,24.27,5426.77,3949.37,1457.32,36.9,27.22,True,4,3,Stayed by Court,True,71,True,81.0,True,115,Possession Taken,4,5,Not Required,Obtained,False,,,,MH-LAO-2025-0385,0.4596,513,Legal Dispute
33-031-012-725380,Railway Line - Madurai Stretch 7,Railway Line,Indian Railways,Tamil Nadu,Madurai,Madurai South,Jaitpur,10.02559,78.12373,2025-12-01,2027-08-25,,116.0,234,149,1.284,False,0,Clear,9.61,4459.04,2807.35,957.31,34.1,37.04,False,0,0,None,False,0,False,24.4,False,42,Award Declared,186,3,Applied,Obtained,False,,,,TN-LAO-2021-0436,0.3668,632,Compensation Disbursal
29-007-004-408639,Railway Line - Bengaluru Urban Stretch 4,Railway Line,Indian Railways,Karnataka,Bengaluru Urban,Bengaluru Urban North,Bhimnagar,13.0348,77.66592,2025-06-28,2027-04-28,,24.8,35,39,1.573,True,1,Partial,62.06,3078.18,1872.2,417.5,22.3,39.18,True,4,3,Stayed by Court,True,287,True,51.8,True,16,Award Declared,129,4,Not Required,Not Required,False,,,,KA-LAO-2024-0628,0.5585,669,Legal Dispute
23-028-003-670909,Urban Metro - Jabalpur Stretch 1,Urban Metro,Metro Rail Corp,Madhya Pradesh,Jabalpur,Jabalpur North,Ganeshpura,23.11586,80.08804,2024-09-21,2028-09-26,,51.1,108,77,1.507,True,3,Clear,13.36,2730.78,1713.81,613.54,35.8,37.24,True,3,1,Under Hearing,False,45,True,42.3,False,37,Possession Taken,50,2,Pending,Not Required,False,,,,MP-LAO-2022-0917,0.562,612,Compensation Disbursal
36-027-011-634969,State Highway - Nizamabad Stretch 6,State Highway,State PWD,Telangana,Nizamabad,Nizamabad South,Amrapur,18.62207,77.99946,2024-08-05,2026-12-16,,79.4,250,136,1.713,False,0,Partial,13.07,4151.03,3661.13,2306.51,63.0,11.8,False,0,0,None,False,0,False,19.5,False,35,SIA Completed,76,2,Pending,Not Required,False,,,,TG-LAO-2021-0135,0.2522,863,Administrative Approval
23-016-021-062988,Airport Expansion - Indore Stretch 1,Airport Expansion,Airports Authority of India,Madhya Pradesh,Indore,Indore West,Uttanahalli,22.60958,75.82508,2024-11-24,2027-09-10,,56.5,127,71,1.257,False,0,Clear,50.13,5664.69,4016.4,2542.38,63.3,29.1,True,2,1,Resolved,False,44,True,58.1,True,64,Section 11 Notification Issued,3,2,Obtained,Not Required,False,,,,MP-LAO-2021-0254,0.2284,506,Compensation Disbursal
21-026-019-308724,Industrial Corridor - Sambalpur Stretch 2,Industrial Corridor,State Industrial Corp,Odisha,Sambalpur,Sambalpur West,Shivnagar,21.37205,83.83319,2026-03-09,2027-12-29,,108.9,204,149,1.368,False,0,Clear,20.34,8860.1,4851.0,2978.51,61.4,45.25,True,1,1,Resolved,False,103,True,81.1,True,117,Section 11 Notification Issued,66,4,Not Required,Applied,False,,,,OD-LAO-2024-0281,0.355,660,Administrative Approval
23-016-018-510973,Industrial Corridor - Indore Stretch 1,Industrial Corridor,State Industrial Corp,Madhya Pradesh,Indore,Indore East,Raghunathpur,22.59658,75.83923,2025-09-09,2027-05-12,,36.0,57,60,1.667,False,0,Clear,72.91,5249.52,3863.66,942.73,24.4,26.4,True,4,0,None,False,0,True,40.4,False,19,Award Declared,112,2,Obtained,Not Required,False,,,,MP-LAO-2021-0254,0.3012,610,Compensation Disbursal
29-022-007-695968,Irrigation Canal - Belagavi Stretch 4,Irrigation Canal,State Irrigation Dept,Karnataka,Belagavi,Belagavi South,Chandrapalli,15.77359,74.51672,2024-10-17,2028-04-19,,32.0,72,53,1.656,False,0,Clear,8.52,1090.56,814.1,582.08,71.5,25.35,True,2,1,Resolved,False,141,True,14.0,True,8,SIA Completed,437,5,Applied,Not Required,False,,,,KA-LAO-2025-0488,0.3345,612,Administrative Approval
21-012-014-065558,Industrial Corridor - Cuttack Stretch 2,Industrial Corridor,State Industrial Corp,Odisha,Cuttack,Cuttack East,Lakshmipura,20.6454,85.88275,2026-03-16,2027-08-05,,36.3,74,57,1.57,True,1,Clear,24.32,3531.26,2500.52,567.62,22.7,29.19,True,3,3,Under Hearing,False,5,True,18.8,True,12,SIA Completed,123,1,Pending,Not Required,False,,,,OD-LAO-2021-0890,0.6473,507,Legal Dispute
29-007-006-208822,Railway Line - Bengaluru Urban Stretch 3,Railway Line,Indian Railways,Karnataka,Bengaluru Urban,Bengaluru Urban North,Devgaon,12.99449,77.51354,2025-12-20,2027-03-26,,89.4,142,130,1.454,False,0,Clear,72.82,13020.22,8855.64,2205.05,24.9,31.99,True,2,2,Under Hearing,False,63,True,65.1,True,87,SIA Completed,185,3,Obtained,Obtained,False,,,,KA-LAO-2024-0628,0.4981,461,Compensation Disbursal
27-037-016-583331,Railway Line - Nashik Stretch 2,Railway Line,Indian Railways,Maharashtra,Nashik,Nashik East,Nandgaon,20.02032,73.64658,2026-01-11,2027-06-29,,49.6,94,81,1.633,True,1,Clear,18.3,3630.72,3204.01,442.15,13.8,11.75,False,0,0,None,False,0,True,76.9,True,66,SIA Completed,146,1,Not Required,Not Required,False,,,,MH-LAO-2025-0385,0.2671,534,Compensation Disbursal
33-045-013-795946,Airport Expansion - Tiruchirappalli Stretch 5,Airport Expansion,Airports Authority of India,Tamil Nadu,Tiruchirappalli,Tiruchirappalli East,Kesarpur,10.81946,78.66069,2024-09-07,2026-10-16,,88.5,173,125,1.412,True,6,Disputed,7.41,2623.14,1472.79,1035.37,70.3,43.85,True,3,5,Stayed by Court,True,362,True,45.4,False,58,Compensation Disbursement,88,1,Obtained,Obtained,False,,,,TN-LAO-2022-0490,0.6862,427,Legal Dispute
09-044-020-626400,Urban Metro - Prayagraj Stretch 2,Urban Metro,Metro Rail Corp,Uttar Pradesh,Prayagraj,Prayagraj West,Tarapur,25.4465,81.82767,2026-06-27,2028-03-06,,151.6,218,218,1.438,True,1,Disputed,29.02,17597.73,10213.41,4156.86,40.7,41.96,True,5,5,Resolved,False,139,True,73.6,True,146,SIA Completed,191,2,Obtained,Not Required,False,,,,UP-LAO-2023-0576,0.5954,618,Compensation Disbursal
22-018-006-970351,National Highway - Korba Stretch 3,National Highway,NHAI,Chhattisgarh,Korba,Korba North,Devgaon,22.12425,82.60555,2025-07-03,2027-09-17,,29.4,48,48,1.633,True,5,Disputed,24.4,2869.44,2701.52,1483.13,54.9,5.85,False,0,3,Under Hearing,False,388,True,54.6,True,25,Possession Taken,80,1,Not Required,Not Required,False,,,,CG-LAO-2024-0820,0.5072,806,Ownership / Title
36-003-012-548101,National Highway - Hyderabad Stretch 5,National Highway,NHAI,Telangana,Hyderabad,Hyderabad South,Jaitpur,17.40787,78.45504,2025-12-24,2028-04-18,,52.8,86,86,1.629,True,2,Partial,75.93,8018.21,4646.87,1296.48,27.9,42.05,True,1,3,Filed,False,107,True,75.8,True,61,Award Declared,98,5,Applied,Not Required,False,,,,TG-LAO-2025-0884,0.604,846,Compensation Disbursal
21-026-001-694145,Railway Line - Sambalpur Stretch 2,Railway Line,Indian Railways,Odisha,Sambalpur,Sambalpur North,Rampur,21.63869,83.95108,2025-06-24,2027-09-29,,82.1,131,111,1.352,False,0,Clear,9.53,3129.65,3002.33,1663.29,55.4,4.07,False,0,1,Resolved,False,482,False,20.8,True,23,R&R Implementation,209,3,Pending,Not Required,False,,,,OD-LAO-2024-0281,0.4221,827,Administrative Approval
33-031-016-649876,Urban Metro - Madurai Stretch 3,Urban Metro,Metro Rail Corp,Tamil Nadu,Madurai,Madurai East,Nandgaon,10.10425,78.08259,2026-07-05,2028-02-28,,29.5,80,43,1.458,True,1,Clear,31.22,3683.96,1361.13,464.15,34.1,63.05,True,8,3,Resolved,False,170,False,27.6,True,19,R&R Implementation,51,3,Not Required,Not Required,False,,,,TN-LAO-2021-0436,0.5592,603,Compensation Disbursal
27-037-006-611238,Airport Expansion - Nashik Stretch 6,Airport Expansion,Airports Authority of India,Maharashtra,Nashik,Nashik North,Devgaon,19.95736,73.74377,2026-06-08,2028-04-14,,95.2,144,140,1.471,True,3,Disputed,26.11,9942.69,7580.46,5692.93,75.1,23.76,True,1,4,Under Hearing,False,438,False,22.5,True,29,Section 11 Notification Issued,3,5,Not Required,Pending,False,,,,MH-LAO-2025-0385,0.6977,676,Administrative Approval
23-016-010-263519,Industrial Corridor - Indore Stretch 8,Industrial Corridor,State Industrial Corp,Madhya Pradesh,Indore,Indore South,Mallapuram,22.82026,75.92556,2024-07-27,2027-03-03,,172.7,428,242,1.401,True,5,Disputed,73.86,25511.24,20625.17,680.63,3.3,19.15,True,1,2,Stayed by Court,True,107,True,71.7,True,228,SIA Completed,132,4,Not Required,Not Required,False,,,,MP-LAO-2021-0254,0.6682,698,Ownership / Title
23-004-011-299727,Industrial Corridor - Bhopal Stretch 4,Industrial Corridor,State Industrial Corp,Madhya Pradesh,Bhopal,Bhopal South,Amrapur,23.06067,77.38112,2024-12-03,2026-10-28,,94.3,187,136,1.442,False,0,Clear,55.44,10455.98,6964.68,5397.63,77.5,33.39,True,2,2,Under Hearing,False,5,True,29.9,False,54,SIA Completed,5,2,Obtained,Applied,False,,,,MP-LAO-2023-0365,0.4634,694,Legal Dispute
21-005-009-683504,National Highway - Khordha Stretch 4,National Highway,NHAI,Odisha,Khordha,Khordha South,Basavanahalli,20.08736,85.75718,2025-04-17,2027-08-06,,19.4,47,32,1.649,True,2,Clear,31.5,2444.4,1924.88,937.42,48.7,21.25,True,1,4,Filed,False,346,False,22.3,True,8,Possession Taken,211,2,Obtained,Not Required,False,,,,OD-LAO-2022-0873,0.4868,841,Legal Dispute
29-009-020-506475,Airport Expansion - Tumakuru Stretch 5,Airport Expansion,Airports Authority of India,Karnataka,Tumakuru,Tumakuru West,Tarapur,13.2406,77.16434,2026-06-12,2028-10-03,,84.7,164,109,1.287,True,2,Clear,14.89,5044.73,2289.05,1068.99,46.7,54.62,True,8,4,Filed,False,65,True,50.5,False,65,Award Declared,114,1,Obtained,Obtained,False,,,,KA-LAO-2023-0611,0.5814,844,Compensation Disbursal
09-044-023-942817,Industrial Corridor - Prayagraj Stretch 6,Industrial Corridor,State Industrial Corp,Uttar Pradesh,Prayagraj,Prayagraj West,Yellapur,25.27012,81.73824,2024-08-16,2026-12-15,,22.5,37,35,1.556,True,2,Clear,20.1,1809.0,1362.52,429.19,31.5,24.68,True,1,0,None,False,0,True,86.7,True,29,Award Declared,166,2,Pending,Applied,False,,,,UP-LAO-2023-0576,0.3797,851,Administrative Approval
36-019-010-992795,National Highway - Karimnagar Stretch 8,National Highway,NHAI,Telangana,Karimnagar,Karimnagar South,Mallapuram,18.42651,79.18572,2025-10-28,2028-01-25,,35.9,115,61,1.699,True,5,Disputed,10.42,1496.31,916.69,526.18,57.4,38.74,True,1,3,Under Hearing,False,47,True,33.9,False,37,Award Declared,33,2,Obtained,Not Required,False,,,,TG-LAO-2024-0235,0.6158,819,Ownership / Title
09-031-020-450629,State Highway - Varanasi Stretch 1,State Highway,State PWD,Uttar Pradesh,Varanasi,Varanasi West,Tarapur,25.34116,82.9655,2025-12-13,2027-11-26,,14.2,44,28,1.972,True,1,Clear,12.19,692.39,408.48,233.24,57.1,41.0,True,4,1,Under Hearing,False,291,True,13.3,False,5,Compensation Disbursement,106,2,Obtained,Not Required,False,,,,UP-LAO-2025-0822,0.4135,713,Rehabilitation (R&R)
23-016-022-297348,Railway Line - Indore Stretch 6,Railway Line,Indian Railways,Madhya Pradesh,Indore,Indore West,Veerapuram,22.62497,75.79898,2024-11-29,2027-04-14,,11.8,23,20,1.695,True,1,Clear,85.69,2022.28,1174.14,387.47,33.0,41.94,True,2,1,Filed,False,98,True,22.5,False,4,Award Declared,147,1,Applied,Obtained,False,,,,MP-LAO-2021-0254,0.4748,866,Compensation Disbursal
36-027-002-466005,Industrial Corridor - Nizamabad Stretch 5,Industrial Corridor,State Industrial Corp,Telangana,Nizamabad,Nizamabad North,Kothapalli,18.86828,77.97431,2025-01-10,2028-10-29,,166.9,478,256,1.534,False,0,Clear,22.78,15207.93,6562.24,4606.69,70.2,56.85,True,7,2,Under Hearing,False,224,False,28.1,False,130,Compensation Disbursement,43,1,Not Required,Pending,False,,,,TG-LAO-2021-0135,0.4637,488,Compensation Disbursal
21-019-023-451112,Industrial Corridor - Ganjam Stretch 5,Industrial Corridor,State Industrial Corp,Odisha,Ganjam,Ganjam West,Yellapur,19.38825,84.91119,2024-06-04,2028-09-09,,135.8,209,203,1.495,False,0,Partial,26.69,14498.01,11388.27,8051.51,70.7,21.45,True,5,0,None,False,0,True,38.3,True,79,SIA Completed,163,6,Applied,Not Required,False,,,,OD-LAO-2025-0784,0.2945,594,Administrative Approval
29-022-016-773029,Urban Metro - Belagavi Stretch 3,Urban Metro,Metro Rail Corp,Karnataka,Belagavi,Belagavi East,Nandgaon,15.82262,74.46841,2024-11-02,2027-05-28,,40.9,88,66,1.614,True,5,Partial,25.21,4124.36,3184.15,2120.64,66.6,22.8,True,1,4,Under Hearing,False,10,True,34.6,True,22,R&R Implementation,181,1,Applied,Not Required,False,,,,KA-LAO-2025-0488,0.5591,531,Legal Dispute
29-009-010-464509,Power Transmission - Tumakuru Stretch 2,Power Transmission,POWERGRID,Karnataka,Tumakuru,Tumakuru South,Mallapuram,13.4428,77.13408,2025-05-30,2027-09-20,,18.4,53,31,1.685,True,1,Partial,14.83,1091.49,776.61,309.09,39.8,28.85,True,2,1,Under Hearing,False,279,True,21.4,True,9,Section 11 Notification Issued,80,5,Obtained,Applied,False,,,,KA-LAO-2023-0611,0.504,843,Administrative Approval
09-015-005-629643,Industrial Corridor - Kanpur Nagar Stretch 6,Industrial Corridor,State Industrial Corp,Uttar Pradesh,Kanpur Nagar,Kanpur Nagar North,Sultanpur,26.55885,80.38362,2026-04-26,2028-07-08,,43.4,81,58,1.336,True,1,Partial,27.11,4706.3,1647.2,986.67,59.9,65.0,True,4,6,Resolved,False,172,True,40.1,True,32,SIA Completed,332,4,Applied,Not Required,False,,,,UP-LAO-2023-0451,0.7127,804,Administrative Approval
21-005-011-147025,State Highway - Khordha Stretch 7,State Highway,State PWD,Odisha,Khordha,Khordha South,Amrapur,20.24829,85.79352,2024-08-09,2027-01-08,,13.4,46,25,1.866,True,1,Partial,6.72,360.19,299.62,189.06,63.1,16.82,True,1,3,Resolved,False,272,False,10.1,True,3,SIA Completed,235,2,Pending,Obtained,False,,,,OD-LAO-2022-0873,0.5974,882,Rehabilitation (R&R)
09-015-015-268798,Irrigation Canal - Kanpur Nagar Stretch 2,Irrigation Canal,State Irrigation Dept,Uttar Pradesh,Kanpur Nagar,Kanpur Nagar East,Madhavgarh,26.39196,80.3999,2025-07-17,2027-10-27,,21.1,53,36,1.706,False,0,Clear,24.09,2033.2,1478.92,766.08,51.8,27.26,True,2,1,Stayed by Court,True,417,False,36.8,True,18,Section 11 Notification Issued,152,2,Obtained,Obtained,False,,,,UP-LAO-2023-0451,0.4765,832,Legal Dispute
23-033-011-737585,State Highway - Gwalior Stretch 5,State Highway,State PWD,Madhya Pradesh,Gwalior,Gwalior South,Amrapur,26.06407,78.19455,2025-03-19,2027-01-05,,46.9,135,74,1.578,False,0,Clear,13.52,2536.35,2057.96,277.82,13.5,18.86,True,2,1,Stayed by Court,True,19,True,43.3,False,56,Compensation Disbursement,39,1,Obtained,Pending,False,,,,MP-LAO-2024-0467,0.5116,657,Legal Dispute
36-011-012-562616,Airport Expansion - Warangal Stretch 3,Airport Expansion,Airports Authority of India,Telangana,Warangal,Warangal South,Jaitpur,17.80691,79.62387,2025-07-24,2027-08-27,,120.4,274,159,1.321,False,0,Clear,26.98,12993.57,11615.43,9071.65,78.1,10.61,False,0,0,None,False,0,False,25.1,True,50,Award Declared,48,5,Obtained,Not Required,False,,,,TG-LAO-2021-0919,0.315,764,Rehabilitation (R&R)
09-015-018-258288,Irrigation Canal - Kanpur Nagar Stretch 7,Irrigation Canal,State Irrigation Dept,Uttar Pradesh,Kanpur Nagar,Kanpur Nagar East,Raghunathpur,26.35326,80.23541,2024-06-17,2027-05-24,,216.0,463,298,1.38,True,10,Disputed,14.04,12130.56,7885.59,3248.86,41.2,34.99,True,3,7,Filed,False,438,False,8.6,False,32,R&R Implementation,36,0,Pending,Not Required,False,,,,UP-LAO-2023-0451,0.6746,567,Ownership / Title
36-027-010-336564,State Highway - Nizamabad Stretch 7,State Highway,State PWD,Telangana,Nizamabad,Nizamabad South,Mallapuram,18.65695,78.14412,2024-06-01,2028-07-06,,67.1,143,88,1.311,False,0,Clear,29.7,7971.48,7155.3,300.52,4.2,10.24,True,1,1,Under Hearing,False,115,False,18.6,False,19,R&R Implementation,59,2,Not Required,Not Required,False,,,,TG-LAO-2021-0135,0.4332,569,Rehabilitation (R&R)
33-014-014-486337,State Highway - Chennai Stretch 1,State Highway,State PWD,Tamil Nadu,Chennai,Chennai East,Lakshmipura,13.05199,80.19937,2026-05-21,2027-12-04,,23.7,62,41,1.73,True,1,Clear,79.19,3753.61,3409.38,1851.29,54.3,9.17,False,0,0,None,False,0,True,14.1,True,7,Possession Taken,42,2,Not Required,Applied,False,,,,TN-LAO-2021-0562,0.2333,562,Rehabilitation (R&R)
36-011-002-604648,Airport Expansion - Warangal Stretch 5,Airport Expansion,Airports Authority of India,Telangana,Warangal,Warangal North,Kothapalli,18.02908,79.58723,2026-05-14,2028-06-29,,42.7,81,55,1.288,True,1,Clear,20.5,3501.4,1748.11,1249.9,71.5,50.07,True,1,6,Under Hearing,False,178,True,36.5,False,21,R&R Implementation,198,2,Applied,Obtained,False,,,,TG-LAO-2021-0919,0.5355,777,Legal Dispute
33-045-007-583204,Urban Metro - Tiruchirappalli Stretch 7,Urban Metro,Metro Rail Corp,Tamil Nadu,Tiruchirappalli,Tiruchirappalli South,Chandrapalli,10.72583,78.64773,2025-05-02,2027-09-22,,20.4,36,31,1.52,False,0,Clear,26.56,2167.3,1830.99,880.71,48.1,15.52,False,0,0,None,False,0,False,24.6,False,6,R&R Implementation,60,2,Applied,Not Required,False,,,,TN-LAO-2022-0490,0.2539,873,Rehabilitation (R&R)
22-018-015-281782,Power Transmission - Korba Stretch 4,Power Transmission,POWERGRID,Chhattisgarh,Korba,Korba East,Madhavgarh,22.36368,82.68837,2024-06-11,2026-11-06,,10.3,37,25,2.427,True,2,Partial,24.39,1004.87,797.36,410.64,51.5,20.65,False,0,0,None,False,0,True,10.2,False,3,Section 11 Notification Issued,26,3,Obtained,Not Required,False,,,,CG-LAO-2024-0820,0.3091,878,Rehabilitation (R&R)
23-004-009-955041,Irrigation Canal - Bhopal Stretch 3,Irrigation Canal,State Irrigation Dept,Madhya Pradesh,Bhopal,Bhopal South,Basavanahalli,23.17923,77.44627,2026-01-16,2027-04-03,,9.0,25,16,1.778,False,0,Clear,92.19,1659.42,1212.93,135.85,11.2,26.91,False,0,3,Under Hearing,False,411,True,41.9,False,8,Award Declared,17,1,Obtained,Applied,False,,,,MP-LAO-2023-0365,0.5304,442,Compensation Disbursal
29-022-024-163578,Industrial Corridor - Belagavi Stretch 8,Industrial Corridor,State Industrial Corp,Karnataka,Belagavi,Belagavi West,Zamania,15.77687,74.53175,2026-01-06,2027-03-15,,14.7,24,20,1.361,False,0,Clear,20.55,1208.34,1044.47,392.72,37.6,13.56,True,1,2,Under Hearing,False,147,False,38.5,False,8,Award Declared,63,1,Obtained,Obtained,False,,,,KA-LAO-2025-0488,0.4526,433,Legal Dispute
23-004-021-604729,State Highway - Bhopal Stretch 4,State Highway,State PWD,Madhya Pradesh,Bhopal,Bhopal West,Uttanahalli,23.38293,77.57828,2024-06-09,2027-01-10,,124.0,236,161,1.298,True,2,Partial,67.78,16809.44,12707.1,6976.2,54.9,24.4,True,2,1,Resolved,False,163,True,59.0,False,134,Section 11 Notification Issued,4,3,Not Required,Applied,False,,,,MP-LAO-2023-0365,0.4192,455,Compensation Disbursal
36-011-008-403302,Airport Expansion - Warangal Stretch 5,Airport Expansion,Airports Authority of India,Telangana,Warangal,Warangal South,Narsapur,17.90476,79.58367,2025-02-10,2027-02-14,,28.0,45,40,1.429,True,2,Clear,16.83,1884.96,1437.11,758.79,52.8,23.76,True,1,0,None,False,0,True,76.0,True,26,Compensation Disbursement,8,1,Obtained,Not Required,False,,,,TG-LAO-2021-0919,0.2415,734,Compensation Disbursal
23-033-004-337896,National Highway - Gwalior Stretch 6,National Highway,NHAI,Madhya Pradesh,Gwalior,Gwalior North,Bhimnagar,26.23651,78.27373,2025-09-26,2027-06-21,,16.1,36,27,1.677,False,0,Clear,15.07,970.51,573.45,216.19,37.7,40.91,True,6,2,Filed,False,7,True,11.3,False,3,R&R Implementation,19,1,Applied,Obtained,False,,,,MP-LAO-2024-0467,0.4702,633,Compensation Disbursal
33-014-015-277839,Industrial Corridor - Chennai Stretch 5,Industrial Corridor,State Industrial Corp,Tamil Nadu,Chennai,Chennai East,Madhavgarh,13.14659,80.26265,2025-07-03,2028-02-03,,111.4,154,170,1.526,True,1,Clear,71.7,15974.76,12967.97,8597.76,66.3,18.82,False,0,1,Under Hearing,False,88,True,30.2,True,33,Section 11 Notification Issued,113,4,Obtained,Not Required,False,,,,TN-LAO-2021-0562,0.4602,945,Rehabilitation (R&R)
33-045-005-622277,State Highway - Tiruchirappalli Stretch 7,State Highway,State PWD,Tamil Nadu,Tiruchirappalli,Tiruchirappalli North,Sultanpur,10.70913,78.82909,2024-10-02,2027-05-27,,61.6,91,76,1.234,True,1,Partial,8.69,2141.22,2044.41,1345.22,65.8,4.52,False,0,3,Resolved,False,5,True,51.4,True,37,Section 11 Notification Issued,50,6,Applied,Not Required,False,,,,TN-LAO-2022-0490,0.5333,562,Administrative Approval
33-014-004-600270,Power Transmission - Chennai Stretch 6,Power Transmission,POWERGRID,Tamil Nadu,Chennai,Chennai North,Bhimnagar,12.95557,80.38093,2025-09-08,2027-07-24,,15.9,41,28,1.761,True,4,Disputed,52.04,1654.87,1027.81,169.59,16.5,37.89,True,5,2,Filed,False,155,True,70.1,True,20,Section 11 Notification Issued,162,1,Obtained,Obtained,False,,,,TN-LAO-2021-0562,0.5718,684,Ownership / Title
33-045-006-087077,Industrial Corridor - Tiruchirappalli Stretch 4,Industrial Corridor,State Industrial Corp,Tamil Nadu,Tiruchirappalli,Tiruchirappalli North,Devgaon,10.66127,78.61371,2026-06-07,2028-12-03,,18.0,43,34,1.889,True,1,Clear,16.85,1213.2,921.78,452.59,49.1,24.02,True,2,0,None,False,0,True,47.8,True,19,R&R Implementation,23,2,Obtained,Not Required,False,,,,TN-LAO-2022-0490,0.2846,910,Rehabilitation (R&R)
33-031-005-708302,Railway Line - Madurai Stretch 5,Railway Line,Indian Railways,Tamil Nadu,Madurai,Madurai North,Sultanpur,9.91505,78.20504,2026-08-13,2028-10-01,,32.6,42,45,1.38,False,0,Clear,8.37,1091.45,845.77,521.84,61.7,22.51,False,0,0,None,False,0,True,55.8,True,21,Award Declared,30,5,Not Required,Not Required,False,,,,TN-LAO-2021-0436,0.2614,780,Administrative Approval
33-023-023-868422,Railway Line - Coimbatore Stretch 8,Railway Line,Indian Railways,Tamil Nadu,Coimbatore,Coimbatore West,Yellapur,11.02871,77.24657,2024-10-27,2026-12-04,,25.5,47,34,1.333,False,0,Clear,29.2,2978.4,2631.56,749.99,28.5,11.65,False,0,2,Resolved,False,664,True,47.6,True,20,Possession Taken,132,2,Obtained,Pending,False,,,,TN-LAO-2024-0163,0.3087,459,Administrative Approval
21-012-016-573987,Railway Line - Cuttack Stretch 3,Railway Line,Indian Railways,Odisha,Cuttack,Cuttack East,Nandgaon,20.49699,85.78993,2025-05-12,2028-01-29,,39.1,82,48,1.228,True,1,Partial,30.46,4763.94,4444.36,2164.4,48.7,6.71,False,0,0,None,False,0,True,44.6,False,34,Award Declared,38,2,Not Required,Obtained,False,,,,OD-LAO-2021-0890,0.2515,992,Rehabilitation (R&R)
27-001-013-421750,Urban Metro - Mumbai Suburban Stretch 2,Urban Metro,Metro Rail Corp,Maharashtra,Mumbai Suburban,Mumbai Suburban East,Kesarpur,19.27158,72.9431,2024-11-29,2026-10-06,,86.0,192,130,1.512,True,5,Partial,61.69,10610.68,7656.99,5022.99,65.6,27.84,True,3,2,Filed,False,191,False,17.4,False,32,Compensation Disbursement,16,4,Obtained,Obtained,False,,,,MH-LAO-2022-0603,0.4469,676,Rehabilitation (R&R)
23-004-013-037075,Railway Line - Bhopal Stretch 7,Railway Line,Indian Railways,Madhya Pradesh,Bhopal,Bhopal East,Kesarpur,23.4055,77.40599,2026-07-24,2028-03-26,,31.1,82,45,1.447,True,1,Disputed,69.75,4338.45,3645.7,3437.9,94.3,15.97,True,1,2,Stayed by Court,True,644,False,11.6,False,8,Possession Taken,122,0,Obtained,Obtained,False,,,,MP-LAO-2023-0365,0.4216,611,Rehabilitation (R&R)
09-044-006-085636,Power Transmission - Prayagraj Stretch 2,Power Transmission,POWERGRID,Uttar Pradesh,Prayagraj,Prayagraj North,Devgaon,25.47348,81.79221,2025-04-26,2026-09-05,,65.0,114,95,1.462,True,1,Clear,28.52,7415.2,7159.84,5914.03,82.6,3.44,False,0,2,Under Hearing,False,65,True,52.5,False,57,Award Declared,338,2,Not Required,Pending,False,,,,UP-LAO-2023-0576,0.4015,497,Administrative Approval
22-014-013-660569,Railway Line - Bilaspur Stretch 4,Railway Line,Indian Railways,Chhattisgarh,Bilaspur,Bilaspur East,Kesarpur,22.14821,82.11789,2026-07-22,2027-11-28,,9.7,12,11,1.134,False,0,Clear,14.47,561.44,482.87,153.07,31.7,13.99,True,1,1,Filed,False,530,False,5.7,False,0,R&R Implementation,3,4,Not Required,Not Required,False,,,,CG-LAO-2022-0241,0.4834,494,Rehabilitation (R&R)
22-002-016-709031,Irrigation Canal - Raipur Stretch 1,Irrigation Canal,State Irrigation Dept,Chhattisgarh,Raipur,Raipur East,Nandgaon,21.26716,81.74741,2025-03-08,2027-08-11,,24.5,72,45,1.837,True,1,Clear,53.66,2629.34,2124.96,1260.1,59.3,19.18,True,2,2,Under Hearing,False,5,True,48.9,True,32,Possession Taken,128,1,Obtained,Obtained,False,,,,CG-LAO-2022-0755,0.368,886,Legal Dispute
27-037-015-915936,Urban Metro - Nashik Stretch 8,Urban Metro,Metro Rail Corp,Maharashtra,Nashik,Nashik East,Madhavgarh,19.97972,73.8595,2025-08-28,2027-08-03,,30.4,47,42,1.382,True,3,Partial,27.15,3301.44,1754.19,1075.32,61.3,46.87,True,6,1,Under Hearing,False,477,False,31.5,True,10,Section 11 Notification Issued,337,3,Obtained,Not Required,False,,,,MH-LAO-2025-0385,0.5631,705,Ownership / Title
33-045-015-960454,State Highway - Tiruchirappalli Stretch 3,State Highway,State PWD,Tamil Nadu,Tiruchirappalli,Tiruchirappalli East,Madhavgarh,10.63364,78.65901,2024-11-20,2026-12-02,,53.0,144,85,1.604,False,0,Clear,29.15,6179.8,5878.33,1581.27,26.9,4.88,True,2,1,Under Hearing,False,100,False,5.0,True,6,R&R Implementation,54,0,Obtained,Not Required,False,,,,TN-LAO-2022-0490,0.4088,742,Rehabilitation (R&R)
09-031-024-799118,Railway Line - Varanasi Stretch 7,Railway Line,Indian Railways,Uttar Pradesh,Varanasi,Varanasi West,Zamania,25.34467,82.92812,2025-11-01,2027-09-01,,18.9,32,22,1.164,True,1,Clear,13.65,1031.94,910.01,271.18,29.8,11.82,True,2,0,None,False,0,True,55.8,False,15,Compensation Disbursement,3,3,Applied,Obtained,False,,,,UP-LAO-2025-0822,0.2854,669,Compensation Disbursal
23-004-013-849153,Airport Expansion - Bhopal Stretch 3,Airport Expansion,Airports Authority of India,Madhya Pradesh,Bhopal,Bhopal East,Kesarpur,23.41363,77.40101,2025-07-09,2026-09-10,,135.6,199,184,1.357,True,1,Clear,48.1,13044.72,8701.33,6082.23,69.9,33.3,True,2,2,Resolved,False,87,True,57.7,True,101,Compensation Disbursement,3,0,Pending,Not Required,False,,,,MP-LAO-2023-0365,0.3326,428,Compensation Disbursal
33-031-011-842506,Power Transmission - Madurai Stretch 8,Power Transmission,POWERGRID,Tamil Nadu,Madurai,Madurai South,Amrapur,9.92082,78.11678,2026-03-24,2028-11-23,,30.1,84,48,1.595,True,5,Disputed,24.33,2929.33,2222.53,1824.7,82.1,24.13,True,2,4,Filed,False,152,False,24.7,True,20,Section 11 Notification Issued,356,2,Applied,Obtained,False,,,,TN-LAO-2021-0436,0.5732,975,Ownership / Title
09-044-011-678937,State Highway - Prayagraj Stretch 2,State Highway,State PWD,Uttar Pradesh,Prayagraj,Prayagraj South,Amrapur,25.44701,81.89278,2024-12-04,2026-08-25,,38.7,83,58,1.499,True,2,Partial,11.31,1750.79,1370.75,875.91,63.9,21.71,True,4,0,None,False,0,True,34.0,True,27,SIA Completed,4,4,Obtained,Obtained,False,,,,UP-LAO-2023-0576,0.2864,629,Rehabilitation (R&R)
22-002-022-348266,Urban Metro - Raipur Stretch 5,Urban Metro,Metro Rail Corp,Chhattisgarh,Raipur,Raipur West,Veerapuram,21.31717,81.50206,2024-10-08,2026-11-29,,91.9,241,159,1.73,True,6,Disputed,77.42,14229.8,13804.87,7565.07,54.8,2.99,False,0,2,Filed,False,508,True,21.0,True,48,Compensation Disbursement,194,1,Obtained,Obtained,False,,,,CG-LAO-2022-0755,0.5431,782,Ownership / Title
21-026-004-937999,Industrial Corridor - Sambalpur Stretch 1,Industrial Corridor,State Industrial Corp,Odisha,Sambalpur,Sambalpur North,Bhimnagar,21.65361,83.85319,2026-06-18,2028-04-21,,20.8,31,32,1.538,True,5,Disputed,11.21,932.67,764.5,412.83,54.0,18.03,True,2,5,Filed,False,322,False,26.3,True,6,Section 11 Notification Issued,34,2,Applied,Applied,False,,,,OD-LAO-2024-0281,0.6164,673,Ownership / Title
09-002-009-306050,Airport Expansion - Lucknow Stretch 6,Airport Expansion,Airports Authority of India,Uttar Pradesh,Lucknow,Lucknow South,Basavanahalli,26.83205,81.08911,2026-02-09,2027-06-07,,21.6,54,31,1.435,True,1,Clear,51.3,2216.16,2012.27,1468.96,73.0,9.2,False,0,1,Stayed by Court,True,20,True,51.9,True,22,Compensation Disbursement,92,1,Not Required,Not Required,False,,,,UP-LAO-2021-0734,0.2847,483,Legal Dispute
36-019-012-013398,Industrial Corridor - Karimnagar Stretch 8,Industrial Corridor,State Industrial Corp,Telangana,Karimnagar,Karimnagar South,Jaitpur,18.33868,79.19876,2024-11-17,2027-05-13,,53.7,152,87,1.62,True,1,Clear,15.84,3402.43,1735.28,963.08,55.5,49.0,True,4,0,None,False,0,True,47.4,False,59,Compensation Disbursement,155,1,Pending,Not Required,False,,,,TG-LAO-2024-0235,0.3797,907,Compensation Disbursal
22-014-003-019606,State Highway - Bilaspur Stretch 5,State Highway,State PWD,Chhattisgarh,Bilaspur,Bilaspur North,Ganeshpura,22.01695,82.01909,2025-05-12,2026-12-12,,43.6,97,61,1.399,True,4,Partial,12.0,2092.8,1971.86,1325.09,67.2,5.78,False,0,5,Under Hearing,False,8,True,28.3,False,20,Award Declared,72,2,Obtained,Not Required,False,,,,CG-LAO-2022-0241,0.5413,579,Legal Dispute
21-026-009-098076,State Highway - Sambalpur Stretch 5,State Highway,State PWD,Odisha,Sambalpur,Sambalpur South,Basavanahalli,21.44337,83.90181,2024-11-29,2027-07-17,,14.2,35,19,1.338,True,2,Partial,20.25,1150.2,755.5,195.67,25.9,34.32,True,2,4,Filed,False,114,False,35.6,True,10,R&R Implementation,7,2,Pending,Applied,False,,,,OD-LAO-2024-0281,0.651,960,Legal Dispute
29-022-018-313731,State Highway - Belagavi Stretch 4,State Highway,State PWD,Karnataka,Belagavi,Belagavi East,Raghunathpur,15.90512,74.46537,2026-07-07,2028-10-04,,31.2,56,45,1.442,False,0,Clear,31.94,3986.11,3233.22,148.73,4.6,18.89,True,4,1,Filed,False,13,True,48.6,False,23,Possession Taken,11,0,Obtained,Not Required,False,,,,KA-LAO-2025-0488,0.3884,820,Compensation Disbursal
29-022-003-480081,Airport Expansion - Belagavi Stretch 1,Airport Expansion,Airports Authority of India,Karnataka,Belagavi,Belagavi North,Ganeshpura,15.87819,74.36527,2025-03-28,2027-06-10,,48.1,108,66,1.372,True,5,Disputed,9.22,1773.93,1067.79,528.56,49.5,39.81,True,2,5,Stayed by Court,True,36,False,30.1,True,27,Compensation Disbursement,55,1,Obtained,Pending,False,,,,KA-LAO-2025-0488,0.7259,804,Ownership / Title
36-027-006-854589,Power Transmission - Nizamabad Stretch 5,Power Transmission,POWERGRID,Telangana,Nizamabad,Nizamabad North,Devgaon,18.67026,78.0722,2025-11-30,2028-02-18,,42.9,62,57,1.329,True,1,Clear,13.63,2338.91,1229.51,656.56,53.4,47.43,True,4,2,Under Hearing,False,155,False,39.4,False,21,SIA Completed,86,2,Pending,Pending,False,,,,TG-LAO-2021-0135,0.5571,810,Compensation Disbursal
33-023-009-186086,Railway Line - Coimbatore Stretch 6,Railway Line,Indian Railways,Tamil Nadu,Coimbatore,Coimbatore South,Basavanahalli,11.02898,77.04341,2025-05-30,2027-05-19,,124.5,288,192,1.542,False,0,Clear,23.66,11782.68,10485.39,6112.98,58.3,11.01,True,2,1,Filed,False,475,False,6.3,False,13,SIA Completed,298,2,Applied,Applied,False,,,,TN-LAO-2024-0163,0.4119,719,Rehabilitation (R&R)
21-026-015-050123,Power Transmission - Sambalpur Stretch 3,Power Transmission,POWERGRID,Odisha,Sambalpur,Sambalpur East,Madhavgarh,21.42623,83.94462,2025-01-31,2027-01-27,,69.7,147,112,1.607,True,1,Clear,10.93,3047.28,2024.77,1822.29,90.0,33.55,True,2,1,Resolved,False,244,True,49.3,False,56,R&R Implementation,7,2,Not Required,Pending,False,,,,OD-LAO-2024-0281,0.2357,726,Administrative Approval
33-014-001-688634,Irrigation Canal - Chennai Stretch 3,Irrigation Canal,State Irrigation Dept,Tamil Nadu,Chennai,Chennai North,Rampur,13.0666,80.38972,2025-03-20,2027-04-05,,48.9,96,73,1.493,False,0,Partial,60.9,5956.02,5644.54,1659.49,29.4,5.23,True,1,1,Filed,False,280,False,17.5,False,12,Section 11 Notification Issued,60,3,Obtained,Not Required,False,,,,TN-LAO-2021-0562,0.339,462,Rehabilitation (R&R)
36-027-021-927366,State Highway - Nizamabad Stretch 4,State Highway,State PWD,Telangana,Nizamabad,Nizamabad West,Uttanahalli,18.61886,78.14083,2026-07-28,2028-09-22,,114.8,181,153,1.333,False,0,Clear,14.87,6828.3,5384.05,3418.87,63.5,21.15,True,1,0,None,False,0,True,34.2,False,52,SIA Completed,124,1,Applied,Pending,False,,,,TG-LAO-2021-0135,0.273,787,Rehabilitation (R&R)
36-027-012-620266,Industrial Corridor - Nizamabad Stretch 1,Industrial Corridor,State Industrial Corp,Telangana,Nizamabad,Nizamabad South,Jaitpur,18.6513,78.23868,2024-11-01,2026-12-05,,80.1,189,132,1.648,True,2,Clear,24.05,7705.62,6694.01,1405.74,21.0,13.13,True,1,0,None,False,0,False,13.7,True,24,R&R Implementation,227,1,Pending,Not Required,False,,,,TG-LAO-2021-0135,0.4105,764,Rehabilitation (R&R)
33-045-007-735680,Urban Metro - Tiruchirappalli Stretch 3,Urban Metro,Metro Rail Corp,Tamil Nadu,Tiruchirappalli,Tiruchirappalli South,Chandrapalli,10.7236,78.64182,2026-02-20,2027-10-10,,35.3,83,59,1.671,True,5,Partial,24.46,3453.75,2607.68,1814.95,69.6,24.5,True,4,2,Resolved,False,251,True,31.8,False,26,Possession Taken,69,0,Obtained,Pending,False,,,,TN-LAO-2022-0490,0.4296,597,Ownership / Title
22-002-024-084926,Power Transmission - Raipur Stretch 3,Power Transmission,POWERGRID,Chhattisgarh,Raipur,Raipur West,Zamania,21.18269,81.55722,2025-12-21,2028-05-25,,28.4,65,41,1.444,False,0,Clear,63.61,3613.05,2671.72,1212.96,45.4,26.05,True,2,0,None,False,0,False,40.2,True,24,Possession Taken,74,0,Obtained,Pending,False,,,,CG-LAO-2022-0755,0.2343,886,Rehabilitation (R&R)
33-031-024-214066,National Highway - Madurai Stretch 6,National Highway,NHAI,Tamil Nadu,Madurai,Madurai West,Zamania,9.90905,78.19964,2025-01-02,2027-07-06,,72.7,130,111,1.527,True,1,Clear,24.57,7144.96,5354.16,2607.48,48.7,25.06,True,5,1,Filed,False,113,False,8.6,False,9,Section 11 Notification Issued,78,5,Pending,Pending,False,,,,TN-LAO-2021-0436,0.4889,915,Administrative Approval
29-022-018-697458,National Highway - Belagavi Stretch 7,National Highway,NHAI,Karnataka,Belagavi,Belagavi East,Raghunathpur,15.90601,74.45073,2026-03-17,2028-11-06,,73.1,122,106,1.45,True,4,Disputed,15.17,4435.71,3976.3,759.47,19.1,10.36,False,0,2,Filed,False,596,True,24.4,False,27,Award Declared,26,2,Obtained,Not Required,False,,,,KA-LAO-2025-0488,0.5416,965,Ownership / Title
27-037-015-638180,Irrigation Canal - Nashik Stretch 2,Irrigation Canal,State Irrigation Dept,Maharashtra,Nashik,Nashik East,Madhavgarh,19.97653,73.84404,2026-08-14,2028-05-03,,11.8,32,19,1.61,True,1,Partial,25.94,1224.37,1083.15,524.24,48.4,11.53,False,0,2,Under Hearing,False,173,True,66.0,False,19,Award Declared,36,2,Pending,Obtained,False,,,,MH-LAO-2025-0385,0.463,628,Administrative Approval
09-015-020-941039,Railway Line - Kanpur Nagar Stretch 1,Railway Line,Indian Railways,Uttar Pradesh,Kanpur Nagar,Kanpur Nagar West,Tarapur,26.41191,80.40531,2026-01-15,2027-07-24,,45.5,96,59,1.297,True,3,Partial,7.14,1299.48,1124.63,1040.28,92.5,13.46,True,1,1,Stayed by Court,True,24,False,19.0,False,15,Section 11 Notification Issued,7,4,Pending,Obtained,False,,,,UP-LAO-2023-0451,0.4894,555,Rehabilitation (R&R)
22-009-013-481454,Airport Expansion - Durg Stretch 2,Airport Expansion,Airports Authority of India,Chhattisgarh,Durg,Durg East,Kesarpur,21.30759,81.28451,2024-11-01,2027-05-28,,124.4,167,176,1.415,True,3,Partial,31.35,15599.76,7999.75,2799.91,35.0,48.72,True,2,5,Filed,False,110,False,16.7,False,22,SIA Completed,99,4,Pending,Not Required,False,,,,CG-LAO-2024-0988,0.675,938,Administrative Approval
29-022-004-788633,Power Transmission - Belagavi Stretch 1,Power Transmission,POWERGRID,Karnataka,Belagavi,Belagavi North,Bhimnagar,15.89815,74.63519,2024-09-29,2027-05-08,,35.2,54,50,1.42,True,1,Clear,19.62,2762.5,2080.57,773.97,37.2,24.69,True,3,1,Under Hearing,False,15,False,10.0,True,4,Section 11 Notification Issued,329,2,Obtained,Pending,False,,,,KA-LAO-2025-0488,0.4759,951,Administrative Approval
33-045-011-531102,Irrigation Canal - Tiruchirappalli Stretch 5,Irrigation Canal,State Irrigation Dept,Tamil Nadu,Tiruchirappalli,Tiruchirappalli South,Amrapur,10.81068,78.78661,2025-01-12,2027-01-02,,14.1,33,28,1.986,True,2,Partial,8.69,490.12,393.57,241.26,61.3,19.7,True,4,5,Filed,False,10,True,29.8,False,8,Compensation Disbursement,416,3,Not Required,Obtained,False,,,,TN-LAO-2022-0490,0.5927,720,Legal Dispute
29-009-022-214448,National Highway - Tumakuru Stretch 4,National Highway,NHAI,Karnataka,Tumakuru,Tumakuru West,Veerapuram,13.30892,77.0857,2025-10-17,2027-03-13,,31.6,88,59,1.867,True,3,Disputed,30.09,3803.38,3077.08,2157.03,70.1,19.1,False,0,2,Under Hearing,False,250,True,43.5,False,38,Award Declared,175,2,Not Required,Not Required,False,,,,KA-LAO-2023-0611,0.451,512,Ownership / Title
21-012-024-199195,Industrial Corridor - Cuttack Stretch 7,Industrial Corridor,State Industrial Corp,Odisha,Cuttack,Cuttack West,Zamania,20.36328,85.85063,2025-02-11,2027-02-08,,121.1,205,169,1.396,True,1,Clear,22.91,11097.6,10448.18,3855.38,36.9,5.85,True,1,0,None,False,0,True,47.8,True,92,SIA Completed,126,5,Pending,Not Required,False,,,,OD-LAO-2021-0890,0.3428,727,Administrative Approval
22-002-019-299770,Railway Line - Raipur Stretch 4,Railway Line,Indian Railways,Chhattisgarh,Raipur,Raipur West,Shivnagar,21.20442,81.52964,2024-12-04,2029-02-05,,17.2,42,27,1.57,True,1,Partial,41.47,1426.57,1078.08,425.84,39.5,24.43,True,4,3,Filed,False,108,True,69.8,True,27,SIA Completed,5,2,Not Required,Obtained,False,,,,CG-LAO-2022-0755,0.444,465,Legal Dispute
29-009-019-414479,Railway Line - Tumakuru Stretch 3,Railway Line,Indian Railways,Karnataka,Tumakuru,Tumakuru West,Shivnagar,13.24785,77.09087,2024-06-06,2026-10-27,,124.9,291,171,1.369,True,6,Partial,30.21,15092.92,10551.49,8778.84,83.2,30.09,True,3,0,None,False,0,False,12.3,True,30,Award Declared,53,1,Pending,Applied,False,,,,KA-LAO-2023-0611,0.3756,634,Rehabilitation (R&R)
27-037-024-592138,Industrial Corridor - Nashik Stretch 7,Industrial Corridor,State Industrial Corp,Maharashtra,Nashik,Nashik West,Zamania,20.03146,73.95024,2024-07-21,2028-11-05,,67.5,91,96,1.422,True,1,Clear,17.26,4660.2,4084.27,1837.92,45.0,12.36,True,2,1,Under Hearing,False,174,True,31.4,False,24,Award Declared,521,2,Pending,Not Required,False,,,,MH-LAO-2025-0385,0.4383,598,Administrative Approval
09-031-016-995048,Airport Expansion - Varanasi Stretch 1,Airport Expansion,Airports Authority of India,Uttar Pradesh,Varanasi,Varanasi East,Nandgaon,25.18014,82.82291,2025-09-03,2027-04-18,,29.7,72,46,1.549,True,4,Partial,20.35,2417.58,1813.95,1244.37,68.6,24.97,True,3,2,Filed,False,66,False,30.0,True,17,Award Declared,131,2,Not Required,Pending,False,,,,UP-LAO-2025-0822,0.4129,592,Administrative Approval
27-001-015-405987,Airport Expansion - Mumbai Suburban Stretch 7,Airport Expansion,Airports Authority of India,Maharashtra,Mumbai Suburban,Mumbai Suburban East,Madhavgarh,18.98892,72.68035,2025-04-30,2027-05-26,,24.2,46,35,1.446,True,2,Partial,61.07,2955.79,2474.43,1353.51,54.7,16.29,True,2,3,Stayed by Court,True,195,False,15.6,False,6,R&R Implementation,65,0,Not Required,Not Required,False,,,,MH-LAO-2022-0603,0.5971,756,Legal Dispute
36-027-010-986859,State Highway - Nizamabad Stretch 8,State Highway,State PWD,Telangana,Nizamabad,Nizamabad South,Mallapuram,18.65062,78.17918,2026-07-14,2028-09-10,,15.0,39,21,1.4,True,1,Clear,25.49,1529.4,1180.87,416.85,35.3,22.79,True,4,1,Resolved,False,5,True,24.2,True,8,R&R Implementation,11,5,Applied,Not Required,False,,,,TG-LAO-2021-0135,0.4855,789,Administrative Approval
23-033-020-797383,Irrigation Canal - Gwalior Stretch 1,Irrigation Canal,State Irrigation Dept,Madhya Pradesh,Gwalior,Gwalior West,Tarapur,26.10437,78.21569,2025-08-29,2026-11-16,,88.1,126,120,1.362,True,2,Clear,19.57,6896.47,5738.3,4774.27,83.2,16.79,True,1,0,None,False,0,False,18.4,True,21,SIA Completed,6,4,Applied,Obtained,False,,,,MP-LAO-2024-0467,0.2666,444,Rehabilitation (R&R)
22-002-010-708428,Industrial Corridor - Raipur Stretch 4,Industrial Corridor,State Industrial Corp,Chhattisgarh,Raipur,Raipur South,Mallapuram,21.22205,81.51878,2026-02-20,2027-06-28,,150.5,183,189,1.256,True,1,Clear,80.42,24206.42,21185.88,11631.05,54.9,12.48,True,3,1,Filed,False,284,True,10.1,False,15,R&R Implementation,159,0,Not Required,Not Required,False,,,,CG-LAO-2022-0755,0.3568,493,Rehabilitation (R&R)
36-027-013-314456,State Highway - Nizamabad Stretch 3,State Highway,State PWD,Telangana,Nizamabad,Nizamabad East,Kesarpur,18.68519,78.11642,2024-08-30,2026-10-20,,52.6,108,79,1.502,True,1,Partial,25.3,5323.12,3226.17,2135.72,66.2,39.39,True,3,3,Resolved,False,239,True,78.0,True,81,R&R Implementation,46,1,Obtained,Obtained,False,,,,TG-LAO-2021-0135,0.4322,781,Compensation Disbursal
23-028-006-699935,Railway Line - Jabalpur Stretch 2,Railway Line,Indian Railways,Madhya Pradesh,Jabalpur,Jabalpur North,Devgaon,23.11947,79.97752,2025-06-13,2028-02-23,,19.3,60,35,1.813,True,3,Partial,13.87,1070.76,1020.54,174.51,17.1,4.69,False,0,4,Under Hearing,False,25,True,24.8,False,11,SIA Completed,189,4,Not Required,Not Required,False,,,,MP-LAO-2022-0917,0.6261,985,Legal Dispute
29-009-006-314592,Railway Line - Tumakuru Stretch 1,Railway Line,Indian Railways,Karnataka,Tumakuru,Tumakuru North,Devgaon,13.42921,77.08378,2026-07-02,2028-05-12,,79.5,125,101,1.27,True,1,Clear,12.06,3835.08,3381.98,1569.24,46.4,11.81,True,1,2,Under Hearing,False,52,False,15.8,True,16,R&R Implementation,74,1,Obtained,Obtained,False,,,,KA-LAO-2023-0611,0.48,680,Rehabilitation (R&R)
36-019-011-773030,Industrial Corridor - Karimnagar Stretch 5,Industrial Corridor,State Industrial Corp,Telangana,Karimnagar,Karimnagar South,Amrapur,18.58827,79.09865,2025-09-16,2028-05-04,,120.9,302,192,1.588,False,0,Clear,22.14,10706.9,8605.71,1204.8,14.0,19.62,True,1,0,None,False,0,True,59.3,False,132,SIA Completed,85,1,Applied,Obtained,False,,,,TG-LAO-2024-0235,0.4322,961,Compensation Disbursal
36-019-018-438600,Irrigation Canal - Karimnagar Stretch 7,Irrigation Canal,State Irrigation Dept,Telangana,Karimnagar,Karimnagar East,Raghunathpur,18.50771,79.16268,2025-06-05,2027-07-28,,98.8,185,147,1.488,True,2,Partial,28.92,11429.18,4669.93,1074.08,23.0,59.14,True,2,1,Filed,False,331,False,30.0,True,51,SIA Completed,91,2,Obtained,Pending,False,,,,TG-LAO-2024-0235,0.6177,783,Compensation Disbursal
33-045-023-585144,State Highway - Tiruchirappalli Stretch 6,State Highway,State PWD,Tamil Nadu,Tiruchirappalli,Tiruchirappalli West,Yellapur,10.64546,78.80383,2026-01-20,2028-03-31,,30.4,49,38,1.25,True,2,Partial,19.77,2404.03,2054.23,449.88,21.9,14.55,True,1,3,Under Hearing,False,250,False,33.0,False,11,R&R Implementation,45,2,Not Required,Not Required,False,,,,TN-LAO-2022-0490,0.5202,801,Legal Dispute
29-022-023-972424,Industrial Corridor - Belagavi Stretch 6,Industrial Corridor,State Industrial Corp,Karnataka,Belagavi,Belagavi West,Yellapur,15.84406,74.32138,2024-11-06,2026-12-28,,74.1,171,100,1.35,True,1,Clear,25.6,7587.84,6025.25,4506.89,74.8,20.59,True,3,1,Stayed by Court,True,92,True,47.0,False,72,SIA Completed,201,4,Obtained,Not Required,False,,,,KA-LAO-2025-0488,0.4101,782,Legal Dispute
23-028-018-479015,National Highway - Jabalpur Stretch 5,National Highway,NHAI,Madhya Pradesh,Jabalpur,Jabalpur East,Raghunathpur,23.17018,79.98544,2025-03-06,2027-01-30,,29.1,78,43,1.478,True,1,Clear,9.56,1112.78,1004.64,567.62,56.5,9.72,True,3,0,None,False,0,True,32.3,True,20,R&R Implementation,40,1,Not Required,Not Required,False,,,,MP-LAO-2022-0917,0.2347,695,Rehabilitation (R&R)
09-031-006-348412,Urban Metro - Varanasi Stretch 6,Urban Metro,Metro Rail Corp,Uttar Pradesh,Varanasi,Varanasi North,Devgaon,25.23679,82.82322,2024-07-29,2028-08-05,,51.3,113,81,1.579,True,2,Clear,10.66,2187.43,1154.44,296.69,25.7,47.22,True,2,1,Under Hearing,False,100,False,28.8,True,28,SIA Completed,236,0,Obtained,Not Required,False,,,,UP-LAO-2025-0822,0.4691,608,Compensation Disbursal
33-031-016-364585,Industrial Corridor - Madurai Stretch 1,Industrial Corridor,State Industrial Corp,Tamil Nadu,Madurai,Madurai East,Nandgaon,10.08741,78.05183,2026-05-29,2028-09-20,,25.8,41,38,1.473,True,1,Clear,28.6,2951.52,2084.13,1440.13,69.1,29.39,True,3,2,Under Hearing,False,140,False,32.3,False,11,Award Declared,80,4,Applied,Pending,False,,,,TN-LAO-2021-0436,0.4395,845,Administrative Approval
36-019-005-718976,Urban Metro - Karimnagar Stretch 1,Urban Metro,Metro Rail Corp,Telangana,Karimnagar,Karimnagar North,Sultanpur,18.40465,79.1554,2025-07-10,2027-07-15,,20.8,28,28,1.346,True,2,Partial,24.04,2000.13,1528.43,475.34,31.1,23.58,True,2,1,Filed,False,379,True,63.2,False,14,Section 11 Notification Issued,239,3,Applied,Obtained,False,,,,TG-LAO-2024-0235,0.3954,735,Administrative Approval
09-044-002-147956,Irrigation Canal - Prayagraj Stretch 6,Irrigation Canal,State Irrigation Dept,Uttar Pradesh,Prayagraj,Prayagraj North,Kothapalli,25.4342,81.80066,2025-03-04,2027-11-14,,25.5,36,33,1.294,True,1,Clear,11.47,1169.94,803.16,536.51,66.8,31.35,True,3,2,Filed,False,191,True,60.0,True,21,Award Declared,102,2,Obtained,Not Required,False,,,,UP-LAO-2023-0576,0.3691,985,Compensation Disbursal
27-013-004-547768,Railway Line - Pune Stretch 7,Railway Line,Indian Railways,Maharashtra,Pune,Pune North,Bhimnagar,18.56227,73.79783,2024-12-18,2027-05-03,,28.0,42,30,1.071,True,4,Clear,56.87,3184.72,1761.96,1252.75,71.1,44.67,True,3,1,Filed,False,35,True,60.2,False,21,R&R Implementation,96,2,Not Required,Obtained,False,,,,MH-LAO-2023-0454,0.4373,866,Compensation Disbursal
09-031-014-618305,Power Transmission - Varanasi Stretch 3,Power Transmission,POWERGRID,Uttar Pradesh,Varanasi,Varanasi East,Lakshmipura,25.25226,83.16621,2025-05-11,2026-08-30,,55.6,88,75,1.349,True,2,Partial,9.27,2061.65,1477.61,905.77,61.3,28.33,True,3,4,Resolved,False,152,True,60.3,True,47,SIA Completed,67,4,Pending,Pending,False,,,,UP-LAO-2025-0822,0.5291,476,Administrative Approval
22-009-013-311291,Power Transmission - Durg Stretch 8,Power Transmission,POWERGRID,Chhattisgarh,Durg,Durg East,Kesarpur,21.28554,81.28995,2025-12-08,2027-11-15,,13.3,16,13,0.977,True,3,Partial,24.15,1284.78,536.33,291.23,54.3,58.26,True,7,7,Filed,False,115,True,56.6,True,7,Compensation Disbursement,262,5,Obtained,Not Required,False,,,,CG-LAO-2024-0988,0.6974,707,Legal Dispute
27-001-022-863752,State Highway - Mumbai Suburban Stretch 2,State Highway,State PWD,Maharashtra,Mumbai Suburban,Mumbai Suburban West,Veerapuram,18.91707,72.783,2026-04-05,2028-05-23,,31.2,57,53,1.699,True,1,Partial,48.77,3043.25,2026.75,1503.85,74.2,33.4,True,2,3,Stayed by Court,True,25,True,51.3,True,27,Award Declared,55,2,Not Required,Not Required,False,,,,MH-LAO-2022-0603,0.4633,779,Legal Dispute
23-033-018-663495,National Highway - Gwalior Stretch 1,National Highway,NHAI,Madhya Pradesh,Gwalior,Gwalior East,Raghunathpur,26.18475,78.05211,2026-05-14,2027-11-28,,16.7,37,33,1.976,True,2,Partial,13.46,899.13,757.64,359.88,47.5,15.74,True,1,1,Stayed by Court,True,7,True,55.8,True,17,R&R Implementation,112,2,Pending,Pending,False,,,,MP-LAO-2024-0467,0.5053,563,Administrative Approval
27-037-017-162212,State Highway - Nashik Stretch 7,State Highway,State PWD,Maharashtra,Nashik,Nashik East,Peddapalli,20.05724,73.8205,2026-02-21,2027-10-26,,12.6,27,16,1.27,False,0,Clear,20.58,1037.23,883.78,510.82,57.8,14.79,True,1,0,None,False,0,True,81.1,True,16,Possession Taken,178,1,Obtained,Not Required,False,,,,MH-LAO-2025-0385,0.1527,612,Compensation Disbursal
36-019-019-740318,Irrigation Canal - Karimnagar Stretch 6,Irrigation Canal,State Irrigation Dept,Telangana,Karimnagar,Karimnagar West,Shivnagar,18.29897,79.2383,2024-09-30,2026-08-29,,12.8,21,23,1.797,False,0,Clear,16.15,826.88,534.7,266.28,49.8,35.34,True,5,1,Filed,False,325,False,16.6,False,2,Compensation Disbursement,84,1,Obtained,Not Required,False,,,,TG-LAO-2024-0235,0.433,698,Rehabilitation (R&R)
27-025-019-655829,Power Transmission - Nagpur Stretch 6,Power Transmission,POWERGRID,Maharashtra,Nagpur,Nagpur West,Shivnagar,21.22402,79.2571,2024-11-02,2026-12-30,,52.4,107,82,1.565,True,2,Clear,67.76,7101.25,3065.27,1131.08,36.9,56.83,True,6,2,Under Hearing,False,182,True,71.0,True,72,Compensation Disbursement,12,4,Not Required,Obtained,False,,,,MH-LAO-2025-0718,0.6425,788,Compensation Disbursal
33-031-022-233231,State Highway - Madurai Stretch 5,State Highway,State PWD,Tamil Nadu,Madurai,Madurai West,Veerapuram,10.02765,78.05498,2026-02-20,2028-03-27,,33.5,88,59,1.761,True,1,Clear,30.37,4069.58,3097.75,793.02,25.6,23.88,True,1,1,Resolved,False,250,True,51.3,False,38,Section 11 Notification Issued,3,3,Not Required,Not Required,False,,,,TN-LAO-2021-0436,0.3512,766,Compensation Disbursal
21-012-011-872921,Industrial Corridor - Cuttack Stretch 1,Industrial Corridor,State Industrial Corp,Odisha,Cuttack,Cuttack South,Amrapur,20.37875,85.87584,2026-05-23,2028-12-20,,68.4,146,94,1.374,True,1,Clear,13.2,3611.52,2253.07,876.44,38.9,37.61,True,2,1,Stayed by Court,True,316,True,62.0,False,84,Compensation Disbursement,75,5,Obtained,Obtained,False,,,,OD-LAO-2021-0890,0.4694,942,Compensation Disbursal
36-003-019-631474,Power Transmission - Hyderabad Stretch 3,Power Transmission,POWERGRID,Telangana,Hyderabad,Hyderabad West,Shivnagar,17.15788,78.60203,2025-02-26,2027-05-22,,35.2,54,54,1.534,False,0,Clear,68.22,4802.69,4475.37,998.01,22.3,6.82,False,0,1,Under Hearing,False,33,True,41.4,True,19,R&R Implementation,46,2,Obtained,Not Required,False,,,,TG-LAO-2025-0884,0.3606,815,Legal Dispute
27-001-016-928452,Urban Metro - Mumbai Suburban Stretch 6,Urban Metro,Metro Rail Corp,Maharashtra,Mumbai Suburban,Mumbai Suburban East,Nandgaon,19.12071,72.98519,2025-01-27,2026-10-02,,58.9,71,74,1.256,False,0,Clear,84.76,9984.73,6845.53,3183.17,46.5,31.44,True,3,1,Under Hearing,False,56,False,28.4,False,19,Compensation Disbursement,98,2,Applied,Not Required,False,,,,MH-LAO-2022-0603,0.4012,613,Rehabilitation (R&R)
29-022-006-554201,Railway Line - Belagavi Stretch 3,Railway Line,Indian Railways,Karnataka,Belagavi,Belagavi North,Devgaon,15.74106,74.57612,2026-08-20,2028-01-18,,34.3,104,57,1.662,True,3,Partial,17.58,2411.98,1816.5,568.56,31.3,24.69,True,2,2,Under Hearing,False,81,True,14.1,False,11,Possession Taken,78,3,Obtained,Pending,False,,,,KA-LAO-2025-0488,0.6277,516,Rehabilitation (R&R)
09-015-018-017810,Urban Metro - Kanpur Nagar Stretch 1,Urban Metro,Metro Rail Corp,Uttar Pradesh,Kanpur Nagar,Kanpur Nagar East,Raghunathpur,26.34849,80.27044,2025-01-05,2028-01-28,,49.8,114,77,1.546,True,2,Disputed,27.2,5418.24,3368.62,1650.62,49.0,37.83,True,1,5,Resolved,False,20,True,35.5,True,34,Section 11 Notification Issued,106,5,Not Required,Obtained,False,,,,UP-LAO-2023-0451,0.6082,452,Ownership / Title
29-018-014-922306,National Highway - Mysuru Stretch 1,National Highway,NHAI,Karnataka,Mysuru,Mysuru East,Lakshmipura,12.05365,76.59079,2025-11-15,2028-07-14,,7.2,24,14,1.944,True,1,Partial,30.62,881.86,735.13,401.38,54.6,16.64,True,3,1,Under Hearing,False,11,True,53.6,True,9,Possession Taken,66,0,Obtained,Pending,False,,,,KA-LAO-2021-0461,0.3391,972,Legal Dispute
29-018-021-168743,Industrial Corridor - Mysuru Stretch 3,Industrial Corridor,State Industrial Corp,Karnataka,Mysuru,Mysuru West,Uttanahalli,12.27773,76.53256,2025-11-28,2027-11-16,,20.2,48,27,1.337,False,0,Clear,18.77,1516.62,1159.37,437.08,37.7,23.56,True,1,2,Resolved,False,515,False,10.8,False,4,Award Declared,248,2,Obtained,Not Required,False,,,,KA-LAO-2021-0461,0.3946,718,Rehabilitation (R&R)
36-003-022-552861,Urban Metro - Hyderabad Stretch 4,Urban Metro,Metro Rail Corp,Telangana,Hyderabad,Hyderabad West,Veerapuram,17.29807,78.5336,2026-04-07,2028-07-30,,8.2,21,16,1.951,True,4,Clear,70.42,1154.89,858.57,587.26,68.4,25.66,True,2,2,Under Hearing,False,182,False,8.3,True,1,Compensation Disbursement,63,6,Pending,Obtained,False,,,,TG-LAO-2025-0884,0.5068,845,Administrative Approval
36-027-006-486547,Urban Metro - Nizamabad Stretch 1,Urban Metro,Metro Rail Corp,Telangana,Nizamabad,Nizamabad North,Devgaon,18.66508,78.09568,2025-03-03,2027-02-27,,92.1,169,137,1.488,False,0,Clear,23.15,8528.46,7296.03,4173.33,57.2,14.45,True,2,0,None,False,0,False,28.8,False,42,Possession Taken,194,2,Obtained,Not Required,False,,,,TG-LAO-2021-0135,0.2716,726,Rehabilitation (R&R)
27-001-012-918143,Irrigation Canal - Mumbai Suburban Stretch 8,Irrigation Canal,State Irrigation Dept,Maharashtra,Mumbai Suburban,Mumbai Suburban South,Jaitpur,19.10522,72.87579,2025-05-09,2026-09-15,,128.9,148,157,1.218,False,0,Clear,65.17,16800.83,15712.22,7683.28,48.9,6.48,False,0,0,None,False,0,True,70.8,True,75,Award Declared,390,0,Pending,Not Required,False,,,,MH-LAO-2022-0603,0.3185,494,Administrative Approval
36-003-002-248756,Railway Line - Hyderabad Stretch 5,Railway Line,Indian Railways,Telangana,Hyderabad,Hyderabad North,Kothapalli,17.42017,78.63758,2026-05-29,2028-07-15,,13.0,31,17,1.308,True,6,Disputed,77.69,2019.94,1379.51,746.31,54.1,31.71,True,3,5,Under Hearing,False,7,True,45.9,False,12,Possession Taken,12,2,Pending,Applied,False,,,,TG-LAO-2025-0884,0.6006,778,Ownership / Title
09-002-022-794672,Urban Metro - Lucknow Stretch 1,Urban Metro,Metro Rail Corp,Uttar Pradesh,Lucknow,Lucknow West,Veerapuram,26.81173,80.95557,2025-10-11,2027-06-16,,114.2,227,177,1.55,False,0,Clear,74.86,17098.02,9073.05,5244.22,57.8,46.94,True,2,0,None,False,0,False,4.5,True,8,Compensation Disbursement,76,2,Applied,Obtained,False,,,,UP-LAO-2021-0734,0.3855,613,Rehabilitation (R&R)
09-044-006-290384,Power Transmission - Prayagraj Stretch 6,Power Transmission,POWERGRID,Uttar Pradesh,Prayagraj,Prayagraj North,Devgaon,25.45238,81.80839,2025-08-10,2027-11-06,,42.5,84,75,1.765,True,1,Clear,25.07,4261.9,3826.21,1006.29,26.3,10.22,True,1,0,None,False,0,True,72.2,True,43,SIA Completed,125,4,Applied,Pending,False,,,,UP-LAO-2023-0576,0.3485,818,Administrative Approval
09-044-016-721787,Irrigation Canal - Prayagraj Stretch 4,Irrigation Canal,State Irrigation Dept,Uttar Pradesh,Prayagraj,Prayagraj East,Nandgaon,25.47318,81.86817,2026-06-28,2027-11-13,,103.9,214,167,1.607,True,1,Partial,17.23,7160.79,5918.25,1373.03,23.2,17.35,True,1,1,Under Hearing,False,407,False,9.4,True,17,SIA Completed,84,3,Pending,Not Required,False,,,,UP-LAO-2023-0576,0.5473,503,Rehabilitation (R&R)
33-014-001-555143,Airport Expansion - Chennai Stretch 2,Airport Expansion,Airports Authority of India,Tamil Nadu,Chennai,Chennai North,Rampur,13.07932,80.38765,2024-12-25,2027-06-10,,19.6,56,36,1.837,True,1,Clear,76.22,2987.82,2748.98,1808.83,65.8,7.99,True,3,0,None,False,0,True,33.1,True,16,R&R Implementation,47,1,Obtained,Obtained,False,,,,TN-LAO-2021-0562,0.1707,547,Rehabilitation (R&R)
33-014-006-723639,Airport Expansion - Chennai Stretch 2,Airport Expansion,Airports Authority of India,Tamil Nadu,Chennai,Chennai North,Devgaon,13.08698,80.19417,2026-07-13,2028-08-12,,74.1,107,95,1.282,True,2,Clear,50.35,7461.87,4915.14,1818.6,37.0,34.13,True,4,0,None,False,0,True,70.9,True,70,SIA Completed,57,8,Pending,Applied,False,,,,TN-LAO-2021-0562,0.406,761,Administrative Approval
33-045-020-990820,National Highway - Tiruchirappalli Stretch 5,National Highway,NHAI,Tamil Nadu,Tiruchirappalli,Tiruchirappalli West,Tarapur,10.7885,78.61698,2026-05-02,2028-05-27,,45.1,93,64,1.419,False,0,Clear,22.76,4105.9,2826.86,206.36,7.3,31.15,True,4,0,None,False,0,False,18.3,False,15,Section 11 Notification Issued,14,4,Obtained,Obtained,False,,,,TN-LAO-2022-0490,0.3748,756,Compensation Disbursal
36-019-007-248099,Power Transmission - Karimnagar Stretch 7,Power Transmission,POWERGRID,Telangana,Karimnagar,Karimnagar South,Chandrapalli,18.43506,79.13605,2026-02-17,2027-08-09,,44.6,90,65,1.457,False,0,Clear,15.88,2832.99,1538.5,1009.26,65.6,45.69,True,3,0,None,False,0,True,37.5,False,31,SIA Completed,36,3,Pending,Applied,False,,,,TG-LAO-2024-0235,0.366,538,Administrative Approval
21-012-024-553314,Urban Metro - Cuttack Stretch 4,Urban Metro,Metro Rail Corp,Odisha,Cuttack,Cuttack West,Zamania,20.35388,85.85928,2026-07-24,2028-09-06,,125.2,201,179,1.43,True,3,Clear,27.31,13676.85,11312.31,2285.09,20.2,17.29,True,2,0,None,False,0,True,24.4,False,38,R&R Implementation,50,0,Not Required,Applied,False,,,,OD-LAO-2021-0890,0.3542,775,Rehabilitation (R&R)
21-026-015-965730,National Highway - Sambalpur Stretch 8,National Highway,NHAI,Odisha,Sambalpur,Sambalpur East,Madhavgarh,21.39565,83.9276,2024-09-22,2027-03-25,,28.8,50,52,1.806,False,0,Clear,19.38,2232.58,1460.03,376.69,25.8,34.6,True,1,1,Stayed by Court,True,8,True,41.4,False,14,Possession Taken,10,1,Applied,Obtained,False,,,,OD-LAO-2024-0281,0.4625,914,Compensation Disbursal
22-018-024-953394,State Highway - Korba Stretch 4,State Highway,State PWD,Chhattisgarh,Korba,Korba West,Zamania,22.50458,82.83382,2025-02-25,2028-05-04,,66.0,102,92,1.394,False,0,Clear,24.09,6359.76,5372.33,752.13,14.0,15.53,True,1,1,Stayed by Court,True,452,True,48.7,False,41,SIA Completed,62,4,Obtained,Not Required,False,,,,CG-LAO-2024-0820,0.4675,517,Legal Dispute
21-005-007-293405,Industrial Corridor - Khordha Stretch 6,Industrial Corridor,State Industrial Corp,Odisha,Khordha,Khordha South,Chandrapalli,20.03237,85.83219,2026-07-04,2028-10-18,,103.2,199,147,1.424,True,2,Clear,23.18,9568.7,6744.24,4471.43,66.3,29.52,True,2,3,Under Hearing,False,65,True,20.6,True,34,Compensation Disbursement,3,2,Not Required,Obtained,False,,,,OD-LAO-2022-0873,0.4671,837,Legal Dispute
09-031-010-811785,Industrial Corridor - Varanasi Stretch 1,Industrial Corridor,State Industrial Corp,Uttar Pradesh,Varanasi,Varanasi South,Mallapuram,25.39011,82.8678,2026-02-07,2027-12-14,,41.1,59,57,1.387,True,1,Clear,23.1,3797.64,2526.42,818.56,32.4,33.47,True,3,0,None,False,0,False,34.3,False,19,Section 11 Notification Issued,26,1,Pending,Not Required,False,,,,UP-LAO-2025-0822,0.4201,675,Compensation Disbursal
09-015-017-846324,Irrigation Canal - Kanpur Nagar Stretch 7,Irrigation Canal,State Irrigation Dept,Uttar Pradesh,Kanpur Nagar,Kanpur Nagar East,Peddapalli,26.37615,80.3226,2025-05-17,2027-03-19,,14.0,32,21,1.5,False,0,Clear,12.82,717.92,565.98,256.95,45.4,21.16,True,2,2,Resolved,False,242,True,45.7,True,13,R&R Implementation,37,2,Pending,Applied,False,,,,UP-LAO-2023-0451,0.3559,671,Administrative Approval
29-007-015-263678,Urban Metro - Bengaluru Urban Stretch 2,Urban Metro,Metro Rail Corp,Karnataka,Bengaluru Urban,Bengaluru Urban East,Madhavgarh,13.15916,77.41728,2026-02-10,2028-07-10,,73.6,184,120,1.63,True,1,Partial,49.5,7286.4,3328.14,1956.95,58.8,54.32,True,4,2,Stayed by Court,True,581,False,24.6,False,41,Section 11 Notification Issued,167,3,Not Required,Obtained,False,,,,KA-LAO-2024-0628,0.6387,881,Compensation Disbursal
09-002-006-963241,State Highway - Lucknow Stretch 5,State Highway,State PWD,Uttar Pradesh,Lucknow,Lucknow North,Devgaon,26.84952,80.9819,2026-03-25,2028-06-01,,4.0,14,12,3.0,True,3,Partial,73.44,587.52,434.93,120.48,27.7,25.97,True,5,4,Under Hearing,False,148,True,13.0,True,1,R&R Implementation,224,2,Not Required,Not Required,False,,,,UP-LAO-2021-0734,0.6628,799,Legal Dispute
09-044-017-574913,Urban Metro - Prayagraj Stretch 2,Urban Metro,Metro Rail Corp,Uttar Pradesh,Prayagraj,Prayagraj East,Peddapalli,25.45946,81.74217,2026-07-25,2028-01-30,,43.2,142,82,1.898,True,3,Clear,16.98,2934.14,2501.26,817.91,32.7,14.75,False,0,1,Under Hearing,False,215,False,4.3,False,5,Award Declared,130,2,Obtained,Obtained,False,,,,UP-LAO-2023-0576,0.3769,554,Rehabilitation (R&R)
33-031-021-496220,Airport Expansion - Madurai Stretch 4,Airport Expansion,Airports Authority of India,Tamil Nadu,Madurai,Madurai West,Uttanahalli,9.86152,78.14824,2025-07-09,2027-07-26,,51.5,154,83,1.612,True,1,Clear,26.78,5516.68,4369.18,528.67,12.1,20.8,True,4,0,None,False,0,False,17.9,True,23,Possession Taken,3,0,Pending,Obtained,False,,,,TN-LAO-2021-0436,0.3679,747,Compensation Disbursal
36-019-020-135512,Urban Metro - Karimnagar Stretch 3,Urban Metro,Metro Rail Corp,Telangana,Karimnagar,Karimnagar West,Tarapur,18.49256,79.16011,2026-06-12,2027-10-03,,44.3,87,65,1.467,True,1,Clear,17.31,3067.33,2016.77,847.04,42.0,34.25,True,1,1,Filed,False,153,False,24.2,False,15,SIA Completed,156,2,Pending,Not Required,False,,,,TG-LAO-2024-0235,0.4739,478,Administrative Approval
21-005-020-459268,Railway Line - Khordha Stretch 4,Railway Line,Indian Railways,Odisha,Khordha,Khordha West,Tarapur,20.17778,85.60802,2026-02-07,2027-09-13,,9.9,16,14,1.414,True,1,Partial,21.0,831.6,596.99,392.22,65.7,28.21,True,1,1,Under Hearing,False,170,True,51.7,False,6,Section 11 Notification Issued,3,2,Pending,Not Required,False,,,,OD-LAO-2022-0873,0.413,583,Administrative Approval
09-002-019-518833,National Highway - Lucknow Stretch 3,National Highway,NHAI,Uttar Pradesh,Lucknow,Lucknow West,Shivnagar,26.78887,81.0465,2025-05-13,2026-10-28,,33.4,68,43,1.287,True,3,Partial,83.57,5582.48,5122.71,4103.29,80.1,8.24,False,0,2,Stayed by Court,True,44,False,28.8,True,16,Section 11 Notification Issued,18,2,Obtained,Pending,False,,,,UP-LAO-2021-0734,0.4612,533,Legal Dispute
36-003-016-652606,Irrigation Canal - Hyderabad Stretch 6,Irrigation Canal,State Irrigation Dept,Telangana,Hyderabad,Hyderabad East,Nandgaon,17.35224,78.44914,2024-09-13,2026-12-19,,11.2,27,19,1.696,False,0,Partial,74.34,1665.22,1453.87,412.9,28.4,12.69,True,3,3,Under Hearing,False,117,False,24.2,False,5,SIA Completed,185,5,Pending,Obtained,False,,,,TG-LAO-2025-0884,0.6007,827,Administrative Approval
21-012-004-001947,Industrial Corridor - Cuttack Stretch 1,Industrial Corridor,State Industrial Corp,Odisha,Cuttack,Cuttack North,Bhimnagar,20.49904,85.7165,2025-11-23,2027-05-01,,36.9,59,65,1.762,False,0,Clear,30.48,4498.85,2839.51,2646.42,93.2,36.88,True,2,1,Filed,False,212,True,48.6,True,28,Section 11 Notification Issued,210,2,Obtained,Not Required,False,,,,OD-LAO-2021-0890,0.3305,524,Rehabilitation (R&R)
22-014-017-221878,Industrial Corridor - Bilaspur Stretch 3,Industrial Corridor,State Industrial Corp,Chhattisgarh,Bilaspur,Bilaspur East,Peddapalli,22.0591,82.08613,2024-06-04,2028-08-25,,88.1,155,131,1.487,True,2,Partial,19.81,6981.04,4862.59,987.11,20.3,30.35,True,5,8,Under Hearing,False,70,True,66.2,False,74,Section 11 Notification Issued,497,2,Obtained,Pending,False,,,,CG-LAO-2022-0241,0.6878,759,Administrative Approval
09-031-006-277677,State Highway - Varanasi Stretch 8,State Highway,State PWD,Uttar Pradesh,Varanasi,Varanasi North,Devgaon,25.25141,82.81714,2026-01-16,2028-09-28,,9.5,28,16,1.684,False,0,Clear,10.8,410.4,280.0,61.6,22.0,31.77,False,0,0,None,False,0,False,29.9,False,6,Possession Taken,32,2,Obtained,Not Required,False,,,,UP-LAO-2025-0822,0.3024,986,Compensation Disbursal
29-022-021-035895,Airport Expansion - Belagavi Stretch 6,Airport Expansion,Airports Authority of India,Karnataka,Belagavi,Belagavi West,Uttanahalli,15.85325,74.66545,2025-08-26,2027-02-22,,19.7,37,28,1.421,False,0,Clear,7.66,603.61,422.4,231.05,54.7,30.02,True,1,0,None,False,0,True,63.7,False,19,Section 11 Notification Issued,309,2,Not Required,Applied,False,,,,KA-LAO-2025-0488,0.3579,545,Administrative Approval
