ulpin,snapshot_date,risk_score,compensation_disbursed_pct,rehab_progress_pct,days_in_current_stage
36-027-018-816317,2023-06-07,0.456,56.7,55.5,211
36-027-018-816317,2023-07-07,0.5558,58.1,56.6,241
36-027-018-816317,2023-08-06,0.6045,59.4,57.6,271
36-027-018-816317,2023-09-05,0.6464,60.8,58.7,301
36-027-018-816317,2023-10-05,0.6611,62.1,59.7,331
22-002-009-541227,2021-08-09,0.5369,15.1,84.5,173
22-002-009-541227,2021-09-08,0.4852,16.4,85.5,203
22-002-009-541227,2021-10-08,0.4984,17.8,86.6,233
22-002-009-541227,2021-11-07,0.4943,19.1,87.7,263
22-002-009-541227,2021-12-07,0.4524,20.5,88.7,293
21-005-011-786728,2021-05-10,0.5515,76.5,32.3,1
21-005-011-786728,2021-06-09,0.4869,77.9,33.4,1
21-005-011-786728,2021-07-09,0.4328,79.2,34.4,1
21-005-011-786728,2021-08-08,0.3728,80.6,35.5,8
21-005-011-786728,2021-09-07,0.3152,81.9,36.5,38
22-009-021-025825,2023-05-21,0.132,30.8,38.0,1
22-009-021-025825,2023-06-20,0.2603,32.2,39.1,1
22-009-021-025825,2023-07-20,0.3698,33.5,40.1,26
22-009-021-025825,2023-08-19,0.5003,34.9,41.2,56
22-009-021-025825,2023-09-18,0.6179,36.2,42.2,86
27-013-006-432571,2024-01-14,0.5691,74.5,36.2,1
27-013-006-432571,2024-02-13,0.5796,75.9,37.2,1
27-013-006-432571,2024-03-14,0.5571,77.2,38.3,11
27-013-006-432571,2024-04-13,0.5406,78.6,39.4,41
27-013-006-432571,2024-05-13,0.5448,79.9,40.4,71
23-033-010-217866,2025-08-19,0.9426,44.2,29.6,1
23-033-010-217866,2025-09-18,0.8775,45.6,30.6,7
23-033-010-217866,2025-10-18,0.8132,46.9,31.7,37
23-033-010-217866,2025-11-17,0.7045,48.2,32.8,67
23-033-010-217866,2025-12-17,0.633,49.6,33.8,97
36-011-021-962044,2022-09-01,0.6607,37.9,29.2,1
36-011-021-962044,2022-10-01,0.6328,39.2,30.2,1
36-011-021-962044,2022-10-31,0.5706,40.6,31.3,28
36-011-021-962044,2022-11-30,0.542,41.9,32.4,58
36-011-021-962044,2022-12-30,0.5528,43.3,33.4,88
27-013-021-503316,2023-10-24,0.3328,47.7,80.2,1
27-013-021-503316,2023-11-23,0.3866,49.1,81.2,7
27-013-021-503316,2023-12-23,0.4238,50.4,82.3,37
27-013-021-503316,2024-01-22,0.4814,51.8,83.4,67
27-013-021-503316,2024-02-21,0.4948,53.1,84.4,97
33-031-006-380149,2020-09-04,0.414,6.7,21.5,1
33-031-006-380149,2020-10-04,0.4116,8.1,22.5,1
33-031-006-380149,2020-11-03,0.3897,9.4,23.6,6
33-031-006-380149,2020-12-03,0.4186,10.8,24.6,36
33-031-006-380149,2021-01-02,0.4034,12.1,25.7,66
36-011-019-414535,2023-10-29,0.6594,71.1,81.0,1
36-011-019-414535,2023-11-28,0.6279,72.5,82.0,1
36-011-019-414535,2023-12-28,0.5714,73.8,83.1,1
36-011-019-414535,2024-01-27,0.5505,75.2,84.2,26
36-011-019-414535,2024-02-26,0.4995,76.5,85.2,56
27-025-002-719139,2024-02-13,0.4917,24.2,46.5,1
27-025-002-719139,2024-03-14,0.5064,25.6,47.6,2
27-025-002-719139,2024-04-13,0.5597,26.9,48.6,32
27-025-002-719139,2024-05-13,0.5914,28.2,49.7,62
27-025-002-719139,2024-06-12,0.5764,29.6,50.7,92
21-012-001-738565,2023-02-12,0.9711,46.3,19.2,1
21-012-001-738565,2023-03-14,0.8097,47.7,20.2,1
21-012-001-738565,2023-04-13,0.715,49.0,21.3,1
21-012-001-738565,2023-05-13,0.5754,50.4,22.3,1
21-012-001-738565,2023-06-12,0.4694,51.7,23.4,6
22-009-001-966349,2022-04-25,0.5753,63.0,42.8,125
22-009-001-966349,2022-05-25,0.5117,64.4,43.9,155
22-009-001-966349,2022-06-24,0.475,65.7,44.9,185
22-009-001-966349,2022-07-24,0.3632,67.1,46.0,215
22-009-001-966349,2022-08-23,0.3775,68.4,47.0,245
23-033-014-835539,2020-02-02,0.2672,26.3,36.4,1
23-033-014-835539,2020-03-03,0.2902,27.6,37.5,1
23-033-014-835539,2020-04-02,0.2998,29.0,38.5,1
23-033-014-835539,2020-05-02,0.3548,30.3,39.6,1
23-033-014-835539,2020-06-01,0.4154,31.7,40.6,10
27-001-017-023647,2022-06-16,0.3413,53.6,59.2,499
27-001-017-023647,2022-07-16,0.3838,55.0,60.2,529
27-001-017-023647,2022-08-15,0.4585,56.3,61.3,559
27-001-017-023647,2022-09-14,0.4813,57.6,62.4,589
27-001-017-023647,2022-10-14,0.5264,59.0,63.4,619
36-027-017-419778,2024-08-04,0.6136,21.6,23.8,25
36-027-017-419778,2024-09-03,0.5591,22.9,24.9,55
36-027-017-419778,2024-10-03,0.5163,24.3,25.9,85
36-027-017-419778,2024-11-02,0.4894,25.6,26.9,115
36-027-017-419778,2024-12-02,0.449,27.0,28.0,145
27-001-024-213539,2020-12-21,0.5542,54.7,82.6,1
27-001-024-213539,2021-01-20,0.515,56.1,83.6,1
27-001-024-213539,2021-02-19,0.4776,57.4,84.7,1
27-001-024-213539,2021-03-21,0.4742,58.8,85.8,10
27-001-024-213539,2021-04-20,0.4157,60.1,86.8,40
36-019-021-048525,2023-05-22,0.2813,59.0,35.7,1
36-019-021-048525,2023-06-21,0.284,60.4,36.8,1
36-019-021-048525,2023-07-21,0.2557,61.7,37.8,1
36-019-021-048525,2023-08-20,0.295,63.1,38.9,12
36-019-021-048525,2023-09-19,0.3196,64.4,39.9,42
23-016-010-430888,2025-05-18,0.8342,9.1,56.2,1
23-016-010-430888,2025-06-17,0.7641,10.4,57.2,1
23-016-010-430888,2025-07-17,0.716,11.8,58.3,1
23-016-010-430888,2025-08-16,0.6885,13.2,59.4,1
23-016-010-430888,2025-09-15,0.5878,14.5,60.4,3
33-045-015-628192,2024-10-01,0.4928,78.3,31.3,1
33-045-015-628192,2024-10-31,0.5359,79.7,32.4,1
33-045-015-628192,2024-11-30,0.5163,81.0,33.4,1
33-045-015-628192,2024-12-30,0.579,82.4,34.5,17
33-045-015-628192,2025-01-29,0.5596,83.7,35.5,47
21-005-019-903819,2025-06-30,0.5501,35.1,36.9,1
21-005-019-903819,2025-07-30,0.4952,36.5,38.0,1
21-005-019-903819,2025-08-29,0.4624,37.8,39.0,1
21-005-019-903819,2025-09-28,0.3782,39.1,40.1,22
21-005-019-903819,2025-10-28,0.3737,40.5,41.1,52
29-009-002-628978,2022-07-20,0.5646,13.2,29.3,1
29-009-002-628978,2022-08-19,0.5957,14.6,30.4,1
29-009-002-628978,2022-09-18,0.5939,15.9,31.4,24
29-009-002-628978,2022-10-18,0.5531,17.2,32.5,54
29-009-002-628978,2022-11-17,0.5839,18.6,33.5,84
36-019-003-782215,2025-03-17,0.2834,35.5,33.5,1
36-019-003-782215,2025-04-16,0.4003,36.9,34.6,1
36-019-003-782215,2025-05-16,0.4285,38.2,35.6,1
36-019-003-782215,2025-06-15,0.4971,39.5,36.7,1
36-019-003-782215,2025-07-15,0.5655,40.9,37.7,23
22-009-021-451815,2023-01-02,0.8492,40.5,13.8,78
22-009-021-451815,2023-02-01,0.7556,41.9,14.8,108
22-009-021-451815,2023-03-03,0.7163,43.2,15.9,138
22-009-021-451815,2023-04-02,0.6585,44.5,16.9,168
22-009-021-451815,2023-05-02,0.5457,45.9,18.0,198
23-028-014-694966,2024-12-22,0.5329,65.1,24.7,313
23-028-014-694966,2025-01-21,0.5406,66.5,25.8,343
23-028-014-694966,2025-02-20,0.5828,67.8,26.8,373
23-028-014-694966,2025-03-22,0.5509,69.2,27.8,403
23-028-014-694966,2025-04-21,0.5436,70.5,28.9,433
33-014-020-266749,2023-10-29,0.6554,29.7,11.7,1
33-014-020-266749,2023-11-28,0.6406,31.1,12.8,1
33-014-020-266749,2023-12-28,0.5977,32.4,13.8,1
33-014-020-266749,2024-01-27,0.6252,33.8,14.8,16
33-014-020-266749,2024-02-26,0.5635,35.1,15.9,46
33-023-003-347613,2023-09-17,0.4065,40.7,54.0,1
33-023-003-347613,2023-10-17,0.4572,42.1,55.1,1
33-023-003-347613,2023-11-16,0.4291,43.4,56.1,10
33-023-003-347613,2023-12-16,0.4967,44.8,57.2,40
33-023-003-347613,2024-01-15,0.5123,46.1,58.2,70
21-019-019-960921,2021-06-16,0.7483,42.9,21.5,1
21-019-019-960921,2021-07-16,0.7064,44.2,22.5,1
21-019-019-960921,2021-08-15,0.7146,45.6,23.6,1
21-019-019-960921,2021-09-14,0.7445,46.9,24.6,20
21-019-019-960921,2021-10-14,0.7698,48.3,25.7,50
23-033-020-446058,2023-09-11,0.5087,72.6,13.5,1
23-033-020-446058,2023-10-11,0.4787,74.0,14.5,29
23-033-020-446058,2023-11-10,0.4424,75.3,15.6,59
23-033-020-446058,2023-12-10,0.4228,76.7,16.6,89
23-033-020-446058,2024-01-09,0.4145,78.0,17.7,119
33-031-017-145427,2021-02-22,0.4087,60.7,3.7,1
33-031-017-145427,2021-03-24,0.409,62.0,4.8,1
33-031-017-145427,2021-04-23,0.3989,63.4,5.8,1
33-031-017-145427,2021-05-23,0.3924,64.8,6.9,17
33-031-017-145427,2021-06-22,0.3744,66.1,7.9,47
36-003-020-490577,2024-04-06,0.1271,21.2,36.4,1
36-003-020-490577,2024-05-06,0.1883,22.6,37.5,1
36-003-020-490577,2024-06-05,0.2096,23.9,38.5,1
36-003-020-490577,2024-07-05,0.1709,25.2,39.6,1
36-003-020-490577,2024-08-04,0.2215,26.6,40.6,3
36-003-012-771038,2024-08-07,0.5596,44.6,50.7,1
36-003-012-771038,2024-09-06,0.5141,46.0,51.8,1
36-003-012-771038,2024-10-06,0.5208,47.3,52.8,1
36-003-012-771038,2024-11-05,0.3985,48.6,53.9,1
36-003-012-771038,2024-12-05,0.377,50.0,54.9,28
21-019-024-663726,2023-09-20,0.2632,56.1,17.2,1
21-019-024-663726,2023-10-20,0.3181,57.5,18.2,1
21-019-024-663726,2023-11-19,0.3783,58.8,19.3,1
21-019-024-663726,2023-12-19,0.4175,60.1,20.3,27
21-019-024-663726,2024-01-18,0.481,61.5,21.4,57
36-011-012-262871,2021-08-30,0.0926,57.0,67.0,1
36-011-012-262871,2021-09-29,0.1186,58.4,68.0,1
36-011-012-262871,2021-10-29,0.205,59.7,69.1,1
36-011-012-262871,2021-11-28,0.2529,61.0,70.2,4
36-011-012-262871,2021-12-28,0.2908,62.4,71.2,34
29-022-024-239792,2023-01-30,0.4198,36.5,85.2,1
29-022-024-239792,2023-03-01,0.4025,37.9,86.2,26
29-022-024-239792,2023-03-31,0.4497,39.2,87.3,56
29-022-024-239792,2023-04-30,0.4285,40.5,88.4,86
29-022-024-239792,2023-05-30,0.4926,41.9,89.4,116
33-045-010-090659,2022-11-08,0.5968,82.3,7.5,56
33-045-010-090659,2022-12-08,0.5265,83.7,8.5,86
33-045-010-090659,2023-01-07,0.4957,85.0,9.6,116
33-045-010-090659,2023-02-06,0.4032,86.4,10.6,146
33-045-010-090659,2023-03-08,0.3534,87.7,11.7,176
33-023-009-270578,2022-01-24,0.01,82.5,19.5,103
33-023-009-270578,2022-02-23,0.0278,83.9,20.5,133
33-023-009-270578,2022-03-25,0.0584,85.2,21.6,163
33-023-009-270578,2022-04-24,0.0802,86.6,22.6,193
33-023-009-270578,2022-05-24,0.1201,87.9,23.7,223
36-027-010-345877,2024-07-29,0.9381,78.2,10.9,1
36-027-010-345877,2024-08-28,0.8737,79.5,11.9,26
36-027-010-345877,2024-09-27,0.7737,80.9,13.0,56
36-027-010-345877,2024-10-27,0.6728,82.2,14.0,86
36-027-010-345877,2024-11-26,0.5934,83.6,15.1,116
21-026-005-770237,2020-11-15,0.5446,85.9,14.8,1
21-026-005-770237,2020-12-15,0.5702,87.2,15.8,1
21-026-005-770237,2021-01-14,0.6473,88.6,16.9,23
21-026-005-770237,2021-02-13,0.6399,90.0,17.9,53
21-026-005-770237,2021-03-15,0.6965,91.3,19.0,83
21-005-020-076194,2025-10-11,0.5024,53.7,27.7,1
21-005-020-076194,2025-11-10,0.4983,55.1,28.8,1
21-005-020-076194,2025-12-10,0.4626,56.4,29.8,1
21-005-020-076194,2026-01-09,0.4799,57.8,30.8,1
21-005-020-076194,2026-02-08,0.4721,59.1,31.9,4
33-014-011-676436,2024-04-27,0.6138,85.1,5.8,113
33-014-011-676436,2024-05-27,0.5873,86.5,6.8,143
33-014-011-676436,2024-06-26,0.5287,87.8,7.9,173
33-014-011-676436,2024-07-26,0.4445,89.2,8.9,203
33-014-011-676436,2024-08-25,0.3985,90.5,10.0,233
09-031-012-968801,2022-08-28,0.4973,65.0,23.4,76
09-031-012-968801,2022-09-27,0.4652,66.4,24.5,106
09-031-012-968801,2022-10-27,0.4284,67.7,25.5,136
09-031-012-968801,2022-11-26,0.3551,69.1,26.6,166
09-031-012-968801,2022-12-26,0.3533,70.4,27.6,196
36-011-010-433055,2023-09-07,0.6389,32.7,29.1,1
36-011-010-433055,2023-10-07,0.6128,34.1,30.1,12
36-011-010-433055,2023-11-06,0.5601,35.4,31.2,42
36-011-010-433055,2023-12-06,0.5679,36.8,32.2,72
36-011-010-433055,2024-01-05,0.4917,38.1,33.3,102
09-044-011-783326,2021-11-01,0.467,44.2,36.6,1
09-044-011-783326,2021-12-01,0.4315,45.6,37.6,1
09-044-011-783326,2021-12-31,0.4343,46.9,38.7,1
09-044-011-783326,2022-01-30,0.3615,48.2,39.8,1
09-044-011-783326,2022-03-01,0.3866,49.6,40.8,5
27-037-023-175762,2023-03-18,0.5915,20.7,26.7,1
27-037-023-175762,2023-04-17,0.5742,22.1,27.8,1
27-037-023-175762,2023-05-17,0.5931,23.4,28.8,1
27-037-023-175762,2023-06-16,0.5757,24.8,29.8,1
27-037-023-175762,2023-07-16,0.5928,26.1,30.9,3
09-002-018-066783,2024-06-16,0.2288,16.5,31.1,124
09-002-018-066783,2024-07-16,0.3425,17.8,32.1,154
09-002-018-066783,2024-08-15,0.4497,19.2,33.2,184
09-002-018-066783,2024-09-14,0.563,20.5,34.2,214
09-002-018-066783,2024-10-14,0.6439,21.9,35.3,244
33-045-018-544333,2021-05-16,0.99,66.5,17.2,255
33-045-018-544333,2021-06-15,0.99,67.9,18.2,285
33-045-018-544333,2021-07-15,0.8684,69.2,19.3,315
33-045-018-544333,2021-08-14,0.673,70.6,20.3,345
33-045-018-544333,2021-09-13,0.539,71.9,21.4,375
36-003-014-168649,2021-04-26,0.4915,22.2,40.2,1
36-003-014-168649,2021-05-26,0.4909,23.6,41.2,1
36-003-014-168649,2021-06-25,0.4732,24.9,42.3,13
36-003-014-168649,2021-07-25,0.5349,26.2,43.4,43
36-003-014-168649,2021-08-24,0.4989,27.6,44.4,73
22-018-016-872581,2025-02-20,0.2942,53.0,52.9,1
22-018-016-872581,2025-03-22,0.3666,54.4,54.0,1
22-018-016-872581,2025-04-21,0.4976,55.7,55.0,1
22-018-016-872581,2025-05-21,0.5602,57.0,56.1,1
22-018-016-872581,2025-06-20,0.6285,58.4,57.1,18
23-033-008-121651,2022-07-26,0.2864,49.9,68.0,1
23-033-008-121651,2022-08-25,0.3014,51.2,69.0,21
23-033-008-121651,2022-09-24,0.37,52.6,70.1,51
23-033-008-121651,2022-10-24,0.3975,53.9,71.2,81
23-033-008-121651,2022-11-23,0.3755,55.3,72.2,111
21-019-014-988271,2025-11-21,0.21,54.0,28.6,1
21-019-014-988271,2025-12-21,0.2302,55.4,29.6,1
21-019-014-988271,2026-01-20,0.253,56.7,30.7,1
21-019-014-988271,2026-02-19,0.3004,58.0,31.7,22
21-019-014-988271,2026-03-21,0.3794,59.4,32.8,52
21-026-002-958256,2022-01-16,0.2674,64.5,83.0,122
21-026-002-958256,2022-02-15,0.2506,65.9,84.0,152
21-026-002-958256,2022-03-17,0.2607,67.2,85.1,182
21-026-002-958256,2022-04-16,0.2933,68.6,86.2,212
21-026-002-958256,2022-05-16,0.3139,69.9,87.2,242
23-033-012-909547,2025-02-23,0.8116,27.6,28.9,1
23-033-012-909547,2025-03-25,0.7608,28.9,30.0,1
23-033-012-909547,2025-04-24,0.7301,30.3,31.0,1
23-033-012-909547,2025-05-24,0.7413,31.6,32.1,1
23-033-012-909547,2025-06-23,0.678,33.0,33.1,9
33-014-011-363947,2025-02-15,0.4939,14.8,68.7,125
33-014-011-363947,2025-03-17,0.4293,16.1,69.8,155
33-014-011-363947,2025-04-16,0.3738,17.5,70.8,185
33-014-011-363947,2025-05-16,0.3752,18.8,71.9,215
33-014-011-363947,2025-06-15,0.243,20.2,72.9,245
36-019-015-490823,2025-06-16,0.99,48.9,3.9,1
36-019-015-490823,2025-07-16,0.99,50.2,4.9,1
36-019-015-490823,2025-08-15,0.9834,51.6,6.0,3
36-019-015-490823,2025-09-14,0.8978,52.9,7.0,33
36-019-015-490823,2025-10-14,0.8369,54.3,8.1,63
36-027-016-523186,2024-09-21,0.4836,63.6,22.5,1
36-027-016-523186,2024-10-21,0.4331,65.0,23.5,10
36-027-016-523186,2024-11-20,0.3859,66.3,24.6,40
36-027-016-523186,2024-12-20,0.4316,67.7,25.6,70
36-027-016-523186,2025-01-19,0.3561,69.0,26.7,100
09-031-004-338225,2024-05-11,0.7252,0.0,8.4,1
09-031-004-338225,2024-06-10,0.6897,0.7,9.4,1
09-031-004-338225,2024-07-10,0.596,2.0,10.5,22
09-031-004-338225,2024-08-09,0.5595,3.4,11.5,52
09-031-004-338225,2024-09-08,0.4941,4.7,12.6,82
09-015-007-970801,2024-08-12,0.5142,37.8,82.9,1
09-015-007-970801,2024-09-11,0.5741,39.2,83.9,1
09-015-007-970801,2024-10-11,0.5938,40.5,85.0,1
09-015-007-970801,2024-11-10,0.6268,41.9,86.0,1
09-015-007-970801,2024-12-10,0.6653,43.2,87.1,12
22-014-018-128587,2022-09-13,0.7894,62.5,6.2,20
22-014-018-128587,2022-10-13,0.7561,63.9,7.2,50
22-014-018-128587,2022-11-12,0.6901,65.2,8.3,80
22-014-018-128587,2022-12-12,0.6316,66.6,9.3,110
22-014-018-128587,2023-01-11,0.5471,67.9,10.4,140
36-011-024-925542,2023-07-09,0.4078,25.9,11.8,1
36-011-024-925542,2023-08-08,0.3835,27.2,12.8,1
36-011-024-925542,2023-09-07,0.3632,28.6,13.9,1
36-011-024-925542,2023-10-07,0.3124,29.9,14.9,1
36-011-024-925542,2023-11-06,0.3761,31.3,16.0,25
09-015-020-499467,2025-02-27,0.1337,48.9,79.9,1
09-015-020-499467,2025-03-29,0.2227,50.2,80.9,1
09-015-020-499467,2025-04-28,0.2944,51.6,82.0,1
09-015-020-499467,2025-05-28,0.4064,52.9,83.0,1
09-015-020-499467,2025-06-27,0.459,54.3,84.1,17
21-019-010-250365,2024-01-16,0.6078,56.9,14.0,1
21-019-010-250365,2024-02-15,0.5052,58.2,15.0,2
21-019-010-250365,2024-03-16,0.5176,59.6,16.1,32
21-019-010-250365,2024-04-15,0.4738,60.9,17.1,62
21-019-010-250365,2024-05-15,0.4639,62.3,18.2,92
23-004-020-557776,2025-06-29,0.5382,14.1,63.4,1
23-004-020-557776,2025-07-29,0.4753,15.4,64.4,1
23-004-020-557776,2025-08-28,0.4394,16.8,65.5,20
23-004-020-557776,2025-09-27,0.4425,18.1,66.5,50
23-004-020-557776,2025-10-27,0.4356,19.5,67.6,80
09-015-013-819804,2026-06-30,0.7113,68.6,49.6,1
09-015-013-819804,2026-07-30,0.7067,70.0,50.6,1
09-015-013-819804,2026-08-29,0.6475,71.3,51.7,1
09-015-013-819804,2026-09-28,0.5947,72.7,52.8,1
09-015-013-819804,2026-10-28,0.5342,74.0,53.8,22
22-002-008-335658,2020-10-06,0.1903,49.6,29.1,41
22-002-008-335658,2020-11-05,0.2468,51.0,30.1,71
22-002-008-335658,2020-12-05,0.2992,52.3,31.2,101
22-002-008-335658,2021-01-04,0.2805,53.6,32.2,131
22-002-008-335658,2021-02-03,0.3574,55.0,33.3,161
09-015-012-869466,2023-05-22,0.222,13.1,76.3,1
09-015-012-869466,2023-06-21,0.2465,14.4,77.3,3
09-015-012-869466,2023-07-21,0.2111,15.8,78.4,33
09-015-012-869466,2023-08-20,0.2463,17.1,79.5,63
09-015-012-869466,2023-09-19,0.2455,18.5,80.5,93
27-025-020-420336,2024-10-27,0.5848,58.2,27.9,1
27-025-020-420336,2024-11-26,0.5012,59.6,29.0,1
27-025-020-420336,2024-12-26,0.4141,60.9,30.0,1
27-025-020-420336,2025-01-25,0.3013,62.2,31.1,1
27-025-020-420336,2025-02-24,0.2605,63.6,32.1,21
22-014-019-874264,2020-11-10,0.4888,50.1,62.1,1
22-014-019-874264,2020-12-10,0.4621,51.5,63.1,1
22-014-019-874264,2021-01-09,0.4443,52.8,64.2,1
22-014-019-874264,2021-02-08,0.4084,54.1,65.2,8
22-014-019-874264,2021-03-10,0.3522,55.5,66.3,38
22-018-017-780109,2023-01-26,0.2128,24.1,19.4,1
22-018-017-780109,2023-02-25,0.2868,25.4,20.5,1
22-018-017-780109,2023-03-27,0.3618,26.8,21.5,21
22-018-017-780109,2023-04-26,0.4356,28.1,22.6,51
22-018-017-780109,2023-05-26,0.5256,29.5,23.6,81
29-007-024-604207,2020-08-07,0.4365,61.9,47.9,1
29-007-024-604207,2020-09-06,0.4172,63.2,49.0,1
29-007-024-604207,2020-10-06,0.412,64.6,50.0,4
29-007-024-604207,2020-11-05,0.4112,66.0,51.1,34
29-007-024-604207,2020-12-05,0.4354,67.3,52.1,64
09-031-015-251640,2021-08-22,0.9775,35.0,38.9,4
09-031-015-251640,2021-09-21,0.8965,36.4,40.0,34
09-031-015-251640,2021-10-21,0.7476,37.7,41.0,64
09-031-015-251640,2021-11-20,0.6369,39.0,42.1,94
09-031-015-251640,2021-12-20,0.5003,40.4,43.1,124
36-003-009-242068,2025-05-03,0.0924,64.1,18.9,190
36-003-009-242068,2025-06-02,0.1642,65.5,20.0,220
36-003-009-242068,2025-07-02,0.2261,66.8,21.0,250
36-003-009-242068,2025-08-01,0.2667,68.2,22.1,280
36-003-009-242068,2025-08-31,0.3275,69.5,23.1,310
29-009-021-996364,2024-02-05,0.2401,49.7,8.9,86
29-009-021-996364,2024-03-06,0.2828,51.1,9.9,116
29-009-021-996364,2024-04-05,0.3948,52.4,11.0,146
29-009-021-996364,2024-05-05,0.4408,53.8,12.0,176
29-009-021-996364,2024-06-04,0.5077,55.1,13.1,206
27-037-017-497474,2023-08-11,0.5548,27.8,35.3,1
27-037-017-497474,2023-09-10,0.5393,29.2,36.4,1
27-037-017-497474,2023-10-10,0.5678,30.5,37.4,1
27-037-017-497474,2023-11-09,0.5854,31.9,38.5,9
27-037-017-497474,2023-12-09,0.6113,33.2,39.5,39
33-031-006-445132,2022-02-19,0.2499,38.9,23.7,1
33-031-006-445132,2022-03-21,0.289,40.2,24.8,1
33-031-006-445132,2022-04-20,0.2951,41.6,25.8,1
33-031-006-445132,2022-05-20,0.3216,42.9,26.8,25
33-031-006-445132,2022-06-19,0.275,44.3,27.9,55
23-004-010-714020,2021-09-20,0.7095,51.1,46.0,1
23-004-010-714020,2021-10-20,0.6752,52.5,47.1,1
23-004-010-714020,2021-11-19,0.6216,53.8,48.1,14
23-004-010-714020,2021-12-19,0.638,55.1,49.2,44
23-004-010-714020,2022-01-18,0.5389,56.5,50.2,74
22-018-013-296622,2022-11-25,0.2116,15.6,41.2,1
22-018-013-296622,2022-12-25,0.25,16.9,42.2,1
22-018-013-296622,2023-01-24,0.3142,18.3,43.3,1
22-018-013-296622,2023-02-23,0.3883,19.6,44.4,1
22-018-013-296622,2023-03-25,0.4621,21.0,45.4,4
36-011-005-573011,2024-05-02,0.6593,45.8,9.2,14
36-011-005-573011,2024-06-01,0.5677,47.2,10.2,44
36-011-005-573011,2024-07-01,0.5717,48.5,11.3,74
36-011-005-573011,2024-07-31,0.5075,49.9,12.3,104
36-011-005-573011,2024-08-30,0.4625,51.2,13.4,134
09-031-009-301397,2021-02-16,0.3742,11.1,83.1,1
09-031-009-301397,2021-03-18,0.3868,12.4,84.1,1
09-031-009-301397,2021-04-17,0.4171,13.8,85.2,1
09-031-009-301397,2021-05-17,0.449,15.2,86.2,16
09-031-009-301397,2021-06-16,0.4762,16.5,87.3,46
09-044-024-422247,2022-07-03,0.0967,81.1,7.7,1
09-044-024-422247,2022-08-02,0.194,82.5,8.8,1
09-044-024-422247,2022-09-01,0.2488,83.8,9.8,1
09-044-024-422247,2022-10-01,0.3212,85.2,10.8,6
09-044-024-422247,2022-10-31,0.3707,86.5,11.9,36
09-015-007-459474,2021-12-13,0.355,76.8,1.1,157
09-015-007-459474,2022-01-12,0.3252,78.2,2.1,187
09-015-007-459474,2022-02-11,0.3611,79.5,3.2,217
09-015-007-459474,2022-03-13,0.3266,80.9,4.2,247
09-015-007-459474,2022-04-12,0.3205,82.2,5.3,277
27-013-023-059045,2024-07-12,0.5949,17.7,18.3,22
27-013-023-059045,2024-08-11,0.589,19.1,19.4,52
27-013-023-059045,2024-09-10,0.6283,20.4,20.4,82
27-013-023-059045,2024-10-10,0.5902,21.8,21.4,112
27-013-023-059045,2024-11-09,0.5989,23.1,22.5,142
22-014-023-503989,2023-10-22,0.5066,23.1,8.7,1
22-014-023-503989,2023-11-21,0.5146,24.4,9.8,1
22-014-023-503989,2023-12-21,0.5162,25.8,10.8,19
22-014-023-503989,2024-01-20,0.5356,27.1,11.8,49
22-014-023-503989,2024-02-19,0.5179,28.5,12.9,79
29-022-004-218882,2022-04-03,0.7556,2.8,15.6,1
29-022-004-218882,2022-05-03,0.7732,4.1,16.6,1
29-022-004-218882,2022-06-02,0.7153,5.5,17.7,7
29-022-004-218882,2022-07-02,0.7256,6.8,18.8,37
29-022-004-218882,2022-08-01,0.6745,8.2,19.8,67
21-026-011-280692,2020-12-23,0.4851,75.3,38.1,221
21-026-011-280692,2021-01-22,0.5052,76.7,39.1,251
21-026-011-280692,2021-02-21,0.5482,78.0,40.2,281
21-026-011-280692,2021-03-23,0.555,79.4,41.2,311
21-026-011-280692,2021-04-22,0.583,80.7,42.3,341
09-015-022-331393,2024-04-14,0.3029,55.4,12.6,1
09-015-022-331393,2024-05-14,0.2644,56.8,13.7,1
09-015-022-331393,2024-06-13,0.3262,58.1,14.7,1
09-015-022-331393,2024-07-13,0.3129,59.4,15.8,1
09-015-022-331393,2024-08-12,0.3265,60.8,16.8,18
21-019-013-994290,2023-09-18,0.3203,83.1,60.2,1
21-019-013-994290,2023-10-18,0.3446,84.5,61.3,1
21-019-013-994290,2023-11-17,0.3151,85.8,62.3,27
21-019-013-994290,2023-12-17,0.3785,87.2,63.4,57
21-019-013-994290,2024-01-16,0.3572,88.5,64.4,87
22-002-014-342105,2025-08-27,0.518,35.4,48.7,1
22-002-014-342105,2025-09-26,0.5033,36.8,49.8,1
22-002-014-342105,2025-10-26,0.5323,38.1,50.8,1
22-002-014-342105,2025-11-25,0.5636,39.4,51.9,23
22-002-014-342105,2025-12-25,0.5319,40.8,52.9,53
27-001-003-373557,2021-04-06,0.6185,37.2,9.0,204
27-001-003-373557,2021-05-06,0.6124,38.6,10.0,234
27-001-003-373557,2021-06-05,0.5402,39.9,11.1,264
27-001-003-373557,2021-07-05,0.5511,41.2,12.1,294
27-001-003-373557,2021-08-04,0.5385,42.6,13.2,324
33-023-005-660187,2025-04-20,0.9153,13.2,63.0,1
33-023-005-660187,2025-05-20,0.7685,14.6,64.0,1
33-023-005-660187,2025-06-19,0.7092,15.9,65.1,19
33-023-005-660187,2025-07-19,0.6551,17.2,66.2,49
33-023-005-660187,2025-08-18,0.5624,18.6,67.2,79
09-031-005-205615,2024-07-15,0.2451,79.2,8.9,1
09-031-005-205615,2024-08-14,0.1674,80.5,9.9,1
09-031-005-205615,2024-09-13,0.1586,81.9,11.0,1
09-031-005-205615,2024-10-13,0.1613,83.2,12.0,1
09-031-005-205615,2024-11-12,0.1487,84.6,13.1,8
09-031-008-739700,2023-12-13,0.01,42.4,73.1,1
09-031-008-739700,2024-01-12,0.0456,43.8,74.1,1
09-031-008-739700,2024-02-11,0.1022,45.1,75.2,1
09-031-008-739700,2024-03-12,0.1746,46.4,76.2,1
09-031-008-739700,2024-04-11,0.2598,47.8,77.3,11
22-014-013-822415,2026-09-02,0.5957,16.4,17.4,1
22-014-013-822415,2026-10-02,0.5908,17.8,18.5,1
22-014-013-822415,2026-11-01,0.632,19.1,19.5,1
22-014-013-822415,2026-12-01,0.634,20.4,20.6,1
22-014-013-822415,2026-12-31,0.6822,21.8,21.6,9
23-016-021-561047,2024-01-29,0.4157,45.5,0.0,1
23-016-021-561047,2024-02-28,0.4022,46.9,0.0,1
23-016-021-561047,2024-03-29,0.4098,48.2,0.0,1
23-016-021-561047,2024-04-28,0.4533,49.5,0.0,12
23-016-021-561047,2024-05-28,0.4102,50.9,1.0,42
22-018-003-425514,2022-11-10,0.265,19.2,60.4,110
22-018-003-425514,2022-12-10,0.2812,20.6,61.4,140
22-018-003-425514,2023-01-09,0.3018,21.9,62.5,170
22-018-003-425514,2023-02-08,0.3076,23.2,63.5,200
22-018-003-425514,2023-03-10,0.3066,24.6,64.6,230
36-003-004-933326,2023-12-27,0.5182,21.1,11.6,1
36-003-004-933326,2024-01-26,0.4925,22.4,12.7,1
36-003-004-933326,2024-02-25,0.5597,23.8,13.7,1
36-003-004-933326,2024-03-26,0.5412,25.1,14.8,28
36-003-004-933326,2024-04-25,0.5336,26.5,15.8,58
09-044-010-180479,2023-02-12,0.773,69.2,30.6,36
09-044-010-180479,2023-03-14,0.6894,70.5,31.6,66
09-044-010-180479,2023-04-13,0.6116,71.9,32.7,96
09-044-010-180479,2023-05-13,0.5226,73.2,33.8,126
09-044-010-180479,2023-06-12,0.4602,74.6,34.8,156
36-003-007-310782,2025-08-29,0.9858,67.5,89.9,1
36-003-007-310782,2025-09-28,0.9045,68.9,90.9,16
36-003-007-310782,2025-10-28,0.8168,70.2,92.0,46
36-003-007-310782,2025-11-27,0.7482,71.6,93.0,76
36-003-007-310782,2025-12-27,0.6515,72.9,94.1,106
36-003-019-565746,2026-07-23,0.3528,34.8,11.2,1
36-003-019-565746,2026-08-22,0.4612,36.2,12.2,13
36-003-019-565746,2026-09-21,0.5146,37.5,13.3,43
36-003-019-565746,2026-10-21,0.5835,38.9,14.3,73
36-003-019-565746,2026-11-20,0.6553,40.2,15.4,103
29-007-005-788735,2023-08-08,0.01,65.1,36.5,1
29-007-005-788735,2023-09-07,0.0162,66.5,37.6,1
29-007-005-788735,2023-10-07,0.1489,67.8,38.6,31
29-007-005-788735,2023-11-06,0.1931,69.2,39.7,61
29-007-005-788735,2023-12-06,0.318,70.5,40.7,91
27-025-022-944620,2024-12-04,0.5864,62.8,16.9,1
27-025-022-944620,2025-01-03,0.5216,64.2,18.0,1
27-025-022-944620,2025-02-02,0.5943,65.5,19.0,1
27-025-022-944620,2025-03-04,0.6003,66.9,20.1,1
27-025-022-944620,2025-04-03,0.6162,68.2,21.1,3
27-013-003-437163,2023-12-09,0.9582,43.4,42.4,1
27-013-003-437163,2024-01-08,0.8785,44.8,43.5,27
27-013-003-437163,2024-02-07,0.7822,46.1,44.5,57
27-013-003-437163,2024-03-08,0.7155,47.4,45.6,87
27-013-003-437163,2024-04-07,0.6609,48.8,46.6,117
29-022-022-237598,2024-12-23,0.1655,4.9,76.0,1
29-022-022-237598,2025-01-22,0.2604,6.3,77.0,1
29-022-022-237598,2025-02-21,0.3697,7.6,78.1,1
29-022-022-237598,2025-03-23,0.4482,9.0,79.2,1
29-022-022-237598,2025-04-22,0.554,10.3,80.2,21
36-027-004-601436,2021-06-01,0.415,21.7,36.2,1
36-027-004-601436,2021-07-01,0.439,23.1,37.2,1
36-027-004-601436,2021-07-31,0.4537,24.4,38.3,1
36-027-004-601436,2021-08-30,0.4459,25.8,39.4,1
36-027-004-601436,2021-09-29,0.4705,27.1,40.4,7
33-045-007-991413,2024-05-07,0.4709,37.3,50.1,1
33-045-007-991413,2024-06-06,0.4339,38.7,51.1,1
33-045-007-991413,2024-07-06,0.4745,40.0,52.2,27
33-045-007-991413,2024-08-05,0.4946,41.4,53.2,57
33-045-007-991413,2024-09-04,0.5034,42.7,54.3,87
29-009-018-330872,2025-04-21,0.4804,91.7,13.5,1
29-009-018-330872,2025-05-21,0.493,93.0,14.5,1
29-009-018-330872,2025-06-20,0.4818,94.4,15.6,1
29-009-018-330872,2025-07-20,0.4673,95.8,16.6,1
29-009-018-330872,2025-08-19,0.5038,97.1,17.7,9
21-005-016-212873,2021-08-03,0.5453,53.4,9.0,1
21-005-016-212873,2021-09-02,0.4827,54.8,10.0,1
21-005-016-212873,2021-10-02,0.4875,56.1,11.1,1
21-005-016-212873,2021-11-01,0.5192,57.4,12.1,1
21-005-016-212873,2021-12-01,0.4923,58.8,13.2,30
36-003-024-806495,2024-12-25,0.5114,56.6,85.1,1
36-003-024-806495,2025-01-24,0.5141,58.0,86.1,1
36-003-024-806495,2025-02-23,0.4301,59.3,87.2,1
36-003-024-806495,2025-03-25,0.3555,60.6,88.2,1
36-003-024-806495,2025-04-24,0.3163,62.0,89.3,22
36-027-011-027965,2023-12-14,0.1757,39.5,10.8,10
36-027-011-027965,2024-01-13,0.3288,40.9,11.8,40
36-027-011-027965,2024-02-12,0.4442,42.2,12.9,70
36-027-011-027965,2024-03-13,0.5666,43.5,13.9,100
36-027-011-027965,2024-04-12,0.6747,44.9,15.0,130
33-045-019-580019,2024-03-20,0.3885,37.0,33.8,1
33-045-019-580019,2024-04-19,0.4014,38.4,34.9,17
33-045-019-580019,2024-05-19,0.3687,39.7,35.9,47
33-045-019-580019,2024-06-18,0.3678,41.0,37.0,77
33-045-019-580019,2024-07-18,0.3516,42.4,38.0,107
21-019-006-257378,2024-12-25,0.7605,76.0,41.0,336
21-019-006-257378,2025-01-24,0.6935,77.4,42.1,366
21-019-006-257378,2025-02-23,0.6293,78.7,43.1,396
21-019-006-257378,2025-03-25,0.5804,80.1,44.2,426
21-019-006-257378,2025-04-24,0.5624,81.4,45.2,456
22-018-016-820400,2024-09-10,0.8186,5.1,10.6,1
22-018-016-820400,2024-10-10,0.7403,6.5,11.7,1
22-018-016-820400,2024-11-09,0.6123,7.8,12.7,1
22-018-016-820400,2024-12-09,0.5568,9.2,13.8,14
22-018-016-820400,2025-01-08,0.4649,10.5,14.8,44
29-007-007-071762,2022-08-13,0.3399,64.0,55.1,56
29-007-007-071762,2022-09-12,0.3812,65.4,56.1,86
29-007-007-071762,2022-10-12,0.3843,66.7,57.2,116
29-007-007-071762,2022-11-11,0.3716,68.1,58.2,146
29-007-007-071762,2022-12-11,0.3885,69.4,59.3,176
21-005-001-250927,2022-02-17,0.2097,39.3,21.9,1
21-005-001-250927,2022-03-19,0.2515,40.7,23.0,1
21-005-001-250927,2022-04-18,0.2749,42.0,24.0,1
21-005-001-250927,2022-05-18,0.3252,43.4,25.1,1
21-005-001-250927,2022-06-17,0.4097,44.7,26.1,12
21-019-019-099733,2020-10-23,0.1533,36.6,33.2,1
21-019-019-099733,2020-11-22,0.2093,38.0,34.2,1
21-019-019-099733,2020-12-22,0.2666,39.3,35.3,1
21-019-019-099733,2021-01-21,0.2902,40.6,36.4,1
21-019-019-099733,2021-02-20,0.3526,42.0,37.4,3
29-022-023-971819,2022-10-20,0.4209,39.2,49.8,116
29-022-023-971819,2022-11-19,0.4084,40.6,50.9,146
29-022-023-971819,2022-12-19,0.5015,41.9,51.9,176
29-022-023-971819,2023-01-18,0.5111,43.2,53.0,206
29-022-023-971819,2023-02-17,0.5706,44.6,54.0,236
33-023-011-896950,2022-02-26,0.4589,4.3,19.0,1
33-023-011-896950,2022-03-28,0.4379,5.6,20.0,1
33-023-011-896950,2022-04-27,0.4488,7.0,21.1,26
33-023-011-896950,2022-05-27,0.4812,8.3,22.1,56
33-023-011-896950,2022-06-26,0.4467,9.7,23.2,86
09-031-006-779473,2023-01-03,0.4961,4.0,54.6,17
09-031-006-779473,2023-02-02,0.5424,5.4,55.6,47
09-031-006-779473,2023-03-04,0.5459,6.7,56.7,77
09-031-006-779473,2023-04-03,0.5766,8.1,57.8,107
09-031-006-779473,2023-05-03,0.6364,9.4,58.8,137
36-003-006-236093,2024-07-20,0.2068,71.3,12.5,1
36-003-006-236093,2024-08-19,0.2011,72.7,13.5,16
36-003-006-236093,2024-09-18,0.2516,74.0,14.6,46
36-003-006-236093,2024-10-18,0.3124,75.4,15.6,76
36-003-006-236093,2024-11-17,0.3619,76.7,16.7,106
27-037-013-834361,2024-04-25,0.0861,59.7,31.6,1
27-037-013-834361,2024-05-25,0.1701,61.0,32.6,1
27-037-013-834361,2024-06-24,0.212,62.4,33.7,13
27-037-013-834361,2024-07-24,0.2782,63.7,34.8,43
27-037-013-834361,2024-08-23,0.3006,65.1,35.8,73
36-027-023-594721,2023-07-26,0.5951,77.8,59.2,1
36-027-023-594721,2023-08-25,0.5565,79.2,60.2,1
36-027-023-594721,2023-09-24,0.5707,80.5,61.3,1
36-027-023-594721,2023-10-24,0.4817,81.9,62.4,1
36-027-023-594721,2023-11-23,0.5251,83.2,63.4,3
33-014-002-655295,2024-11-03,0.4002,16.7,47.0,65
33-014-002-655295,2024-12-03,0.4348,18.1,48.1,95
33-014-002-655295,2025-01-02,0.4569,19.4,49.1,125
33-014-002-655295,2025-02-01,0.4591,20.8,50.2,155
33-014-002-655295,2025-03-03,0.4293,22.1,51.2,185
09-015-022-486717,2025-09-27,0.6907,49.8,43.0,15
09-015-022-486717,2025-10-27,0.7016,51.2,44.1,45
09-015-022-486717,2025-11-26,0.6732,52.5,45.1,75
09-015-022-486717,2025-12-26,0.6533,53.9,46.2,105
09-015-022-486717,2026-01-25,0.6953,55.2,47.2,135
23-033-009-619375,2023-11-22,0.6807,17.6,19.1,22
23-033-009-619375,2023-12-22,0.615,18.9,20.1,52
23-033-009-619375,2024-01-21,0.5985,20.3,21.2,82
23-033-009-619375,2024-02-20,0.5762,21.6,22.2,112
23-033-009-619375,2024-03-21,0.5321,23.0,23.3,142
22-009-002-243259,2025-01-24,0.7617,9.9,69.6,134
22-009-002-243259,2025-02-23,0.7413,11.2,70.6,164
22-009-002-243259,2025-03-25,0.6676,12.6,71.7,194
22-009-002-243259,2025-04-24,0.6612,14.0,72.8,224
22-009-002-243259,2025-05-24,0.6186,15.3,73.8,254
23-016-011-215124,2023-09-14,0.189,30.3,86.6,1
23-016-011-215124,2023-10-14,0.2659,31.7,87.6,1
23-016-011-215124,2023-11-13,0.3807,33.0,88.7,1
23-016-011-215124,2023-12-13,0.4319,34.4,89.8,7
23-016-011-215124,2024-01-12,0.5471,35.7,90.8,37
21-012-007-521759,2023-02-14,0.2279,48.6,56.9,1
21-012-007-521759,2023-03-16,0.3392,50.0,58.0,1
21-012-007-521759,2023-04-15,0.4309,51.3,59.0,1
21-012-007-521759,2023-05-15,0.519,52.6,60.1,31
21-012-007-521759,2023-06-14,0.6335,54.0,61.1,61
23-016-022-614297,2025-11-27,0.0148,31.3,3.1,14
23-016-022-614297,2025-12-27,0.1215,32.7,4.1,44
23-016-022-614297,2026-01-26,0.2218,34.0,5.2,74
23-016-022-614297,2026-02-25,0.3176,35.4,6.2,104
23-016-022-614297,2026-03-27,0.3905,36.7,7.3,134
29-022-018-909592,2025-06-22,0.1873,75.6,27.5,57
29-022-018-909592,2025-07-22,0.2282,77.0,28.5,87
29-022-018-909592,2025-08-21,0.2652,78.3,29.6,117
29-022-018-909592,2025-09-20,0.3033,79.7,30.6,147
29-022-018-909592,2025-10-20,0.3551,81.0,31.7,177
21-026-019-095000,2023-04-22,0.323,70.6,19.9,1
21-026-019-095000,2023-05-22,0.3401,72.0,21.0,9
21-026-019-095000,2023-06-21,0.4132,73.3,22.0,39
21-026-019-095000,2023-07-21,0.439,74.7,23.1,69
21-026-019-095000,2023-08-20,0.5041,76.0,24.1,99
27-037-017-520679,2020-09-05,0.2452,58.2,65.5,1
27-037-017-520679,2020-10-05,0.2555,59.6,66.5,1
27-037-017-520679,2020-11-04,0.283,60.9,67.6,1
27-037-017-520679,2020-12-04,0.277,62.2,68.7,14
27-037-017-520679,2021-01-03,0.2956,63.6,69.7,44
27-025-009-655747,2024-12-14,0.2009,21.3,45.7,1
27-025-009-655747,2025-01-13,0.2736,22.6,46.8,1
27-025-009-655747,2025-02-12,0.3484,24.0,47.8,2
27-025-009-655747,2025-03-14,0.389,25.3,48.9,32
27-025-009-655747,2025-04-13,0.459,26.7,49.9,62
36-027-009-400358,2023-12-31,0.072,39.5,5.5,1
36-027-009-400358,2024-01-30,0.1968,40.9,6.5,1
36-027-009-400358,2024-02-29,0.3075,42.2,7.6,1
36-027-009-400358,2024-03-30,0.3954,43.5,8.6,9
36-027-009-400358,2024-04-29,0.5213,44.9,9.7,39
27-001-017-532116,2022-01-19,0.5951,63.0,5.6,1
27-001-017-532116,2022-02-18,0.6025,64.4,6.7,1
27-001-017-532116,2022-03-20,0.5328,65.7,7.7,1
27-001-017-532116,2022-04-19,0.5172,67.1,8.8,11
27-001-017-532116,2022-05-19,0.5037,68.4,9.8,41
22-014-009-112459,2024-02-10,0.7153,34.5,22.5,223
22-014-009-112459,2024-03-11,0.7377,35.9,23.5,253
22-014-009-112459,2024-04-10,0.7394,37.2,24.6,283
22-014-009-112459,2024-05-10,0.7047,38.5,25.6,313
22-014-009-112459,2024-06-09,0.7155,39.9,26.7,343
09-015-010-940913,2024-04-10,0.6707,16.3,67.5,1
09-015-010-940913,2024-05-10,0.5615,17.6,68.5,1
09-015-010-940913,2024-06-09,0.4277,19.0,69.6,1
09-015-010-940913,2024-07-09,0.3487,20.3,70.7,27
09-015-010-940913,2024-08-08,0.2715,21.7,71.7,57
27-001-018-953474,2025-05-13,0.721,8.7,0.4,1
27-001-018-953474,2025-06-12,0.6859,10.1,1.4,1
27-001-018-953474,2025-07-12,0.6774,11.4,2.5,1
27-001-018-953474,2025-08-11,0.5775,12.8,3.5,1
27-001-018-953474,2025-09-10,0.568,14.1,4.6,21
23-033-012-331638,2023-08-07,0.2821,60.8,7.5,1
23-033-012-331638,2023-09-06,0.3792,62.2,8.5,1
23-033-012-331638,2023-10-06,0.4075,63.5,9.6,21
23-033-012-331638,2023-11-05,0.419,64.9,10.6,51
23-033-012-331638,2023-12-05,0.4412,66.2,11.7,81
36-011-012-117613,2024-05-13,0.5304,58.9,83.1,1
36-011-012-117613,2024-06-12,0.5201,60.2,84.1,1
36-011-012-117613,2024-07-12,0.5069,61.6,85.2,1
36-011-012-117613,2024-08-11,0.5176,62.9,86.2,1
36-011-012-117613,2024-09-10,0.4861,64.3,87.3,28
09-044-016-349452,2022-12-16,0.3074,68.2,59.2,1
09-044-016-349452,2023-01-15,0.3478,69.5,60.2,1
09-044-016-349452,2023-02-14,0.3578,70.9,61.3,7
09-044-016-349452,2023-03-16,0.3896,72.2,62.4,37
09-044-016-349452,2023-04-15,0.4169,73.6,63.4,67
09-002-018-433132,2025-07-02,0.01,48.2,34.9,1
09-002-018-433132,2025-08-01,0.0627,49.6,36.0,1
09-002-018-433132,2025-08-31,0.1779,50.9,37.0,1
09-002-018-433132,2025-09-30,0.2498,52.2,38.1,1
09-002-018-433132,2025-10-30,0.283,53.6,39.1,15
22-002-019-640682,2024-02-15,0.2006,72.2,11.5,1
22-002-019-640682,2024-03-16,0.2663,73.5,12.5,1
22-002-019-640682,2024-04-15,0.3011,74.9,13.6,1
22-002-019-640682,2024-05-15,0.3275,76.2,14.6,1
22-002-019-640682,2024-06-14,0.3559,77.6,15.7,23
29-009-008-883290,2025-12-19,0.462,76.8,31.4,1
29-009-008-883290,2026-01-18,0.4342,78.2,32.5,1
29-009-008-883290,2026-02-17,0.3855,79.5,33.5,1
29-009-008-883290,2026-03-19,0.3712,80.9,34.6,20
29-009-008-883290,2026-04-18,0.3359,82.2,35.6,50
23-004-001-197598,2023-06-12,0.4328,71.8,55.0,134
23-004-001-197598,2023-07-12,0.4452,73.2,56.1,164
23-004-001-197598,2023-08-11,0.4333,74.5,57.1,194
23-004-001-197598,2023-09-10,0.3596,75.9,58.2,224
23-004-001-197598,2023-10-10,0.3691,77.2,59.2,254
22-018-020-948330,2021-02-26,0.1189,53.0,17.0,1
22-018-020-948330,2021-03-28,0.2118,54.4,18.0,1
22-018-020-948330,2021-04-27,0.2694,55.7,19.1,1
22-018-020-948330,2021-05-27,0.3221,57.0,20.1,31
22-018-020-948330,2021-06-26,0.3583,58.4,21.2,61
33-031-005-241965,2024-03-24,0.5319,34.6,17.5,1
33-031-005-241965,2024-04-23,0.4912,36.0,18.5,1
33-031-005-241965,2024-05-23,0.4751,37.3,19.6,1
33-031-005-241965,2024-06-22,0.4562,38.6,20.6,1
33-031-005-241965,2024-07-22,0.4541,40.0,21.7,19
27-013-008-093589,2023-10-30,0.6116,30.1,7.0,1
27-013-008-093589,2023-11-29,0.6217,31.4,8.0,1
27-013-008-093589,2023-12-29,0.6052,32.8,9.1,1
27-013-008-093589,2024-01-28,0.5762,34.1,10.1,20
27-013-008-093589,2024-02-27,0.5818,35.5,11.2,50
33-045-018-529091,2024-02-07,0.6774,71.4,60.2,1
33-045-018-529091,2024-03-08,0.6427,72.8,61.3,1
33-045-018-529091,2024-04-07,0.6231,74.1,62.3,1
33-045-018-529091,2024-05-07,0.5506,75.5,63.4,2
33-045-018-529091,2024-06-06,0.516,76.8,64.4,32
09-002-006-374336,2025-11-19,0.7594,7.6,7.9,65
09-002-006-374336,2025-12-19,0.7384,8.9,8.9,95
09-002-006-374336,2026-01-18,0.6735,10.3,10.0,125
09-002-006-374336,2026-02-17,0.6263,11.7,11.0,155
09-002-006-374336,2026-03-19,0.5776,13.0,12.1,185
27-013-020-089628,2023-10-05,0.686,31.6,48.9,101
27-013-020-089628,2023-11-04,0.713,33.0,50.0,131
27-013-020-089628,2023-12-04,0.7086,34.3,51.0,161
27-013-020-089628,2024-01-03,0.7112,35.6,52.1,191
27-013-020-089628,2024-02-02,0.683,37.0,53.1,221
27-001-014-085914,2021-11-06,0.8178,22.5,46.7,1
27-001-014-085914,2021-12-06,0.812,23.8,47.8,1
27-001-014-085914,2022-01-05,0.8091,25.2,48.8,1
27-001-014-085914,2022-02-04,0.7413,26.5,49.9,1
27-001-014-085914,2022-03-06,0.7107,27.9,50.9,31
09-031-007-719117,2023-11-30,0.5637,4.1,10.6,1
09-031-007-719117,2023-12-30,0.4819,5.5,11.7,1
09-031-007-719117,2024-01-29,0.472,6.8,12.7,1
09-031-007-719117,2024-02-28,0.4145,8.2,13.8,8
09-031-007-719117,2024-03-29,0.3558,9.5,14.8,38
22-002-003-644798,2025-05-28,0.4252,60.2,20.8,1
22-002-003-644798,2025-06-27,0.5129,61.5,21.9,25
22-002-003-644798,2025-07-27,0.5383,62.9,22.9,55
22-002-003-644798,2025-08-26,0.5409,64.2,23.9,85
22-002-003-644798,2025-09-25,0.5434,65.6,25.0,115
23-028-021-863404,2023-03-08,0.6852,28.2,7.7,1
23-028-021-863404,2023-04-07,0.615,29.6,8.8,1
23-028-021-863404,2023-05-07,0.6263,30.9,9.8,1
23-028-021-863404,2023-06-06,0.6028,32.2,10.8,1
23-028-021-863404,2023-07-06,0.6,33.6,11.9,9
09-044-019-875747,2023-04-14,0.6095,91.3,7.3,1
09-044-019-875747,2023-05-14,0.5744,92.7,8.3,1
09-044-019-875747,2023-06-13,0.506,94.0,9.4,1
09-044-019-875747,2023-07-13,0.4376,95.4,10.4,9
09-044-019-875747,2023-08-12,0.4084,96.7,11.5,39
09-031-008-581607,2026-04-05,0.99,43.0,31.9,1
09-031-008-581607,2026-05-05,0.9634,44.4,33.0,1
09-031-008-581607,2026-06-04,0.8587,45.7,34.0,1
09-031-008-581607,2026-07-04,0.7711,47.0,35.1,1
09-031-008-581607,2026-08-03,0.6914,48.4,36.1,28
27-037-023-113282,2022-06-03,0.21,42.7,54.5,1
27-037-023-113282,2022-07-03,0.2534,44.1,55.6,1
27-037-023-113282,2022-08-02,0.2988,45.4,56.6,30
27-037-023-113282,2022-09-01,0.3885,46.8,57.7,60
27-037-023-113282,2022-10-01,0.4393,48.1,58.7,90
27-001-019-123169,2022-10-06,0.5011,12.3,8.2,127
27-001-019-123169,2022-11-05,0.5104,13.6,9.2,157
27-001-019-123169,2022-12-05,0.5452,15.0,10.3,187
27-001-019-123169,2023-01-04,0.5406,16.3,11.3,217
27-001-019-123169,2023-02-03,0.5727,17.7,12.4,247
29-022-013-741762,2023-10-22,0.4329,80.0,24.9,67
29-022-013-741762,2023-11-21,0.4066,81.4,26.0,97
29-022-013-741762,2023-12-21,0.3499,82.7,27.0,127
29-022-013-741762,2024-01-20,0.3408,84.1,28.1,157
29-022-013-741762,2024-02-19,0.2953,85.4,29.1,187
29-022-007-575490,2022-09-30,0.6728,48.0,0.0,1
29-022-007-575490,2022-10-30,0.6046,49.4,0.0,1
29-022-007-575490,2022-11-29,0.5032,50.7,0.1,1
29-022-007-575490,2022-12-29,0.5059,52.0,1.2,1
29-022-007-575490,2023-01-28,0.4745,53.4,2.2,29
22-018-024-885603,2022-01-02,0.3945,21.4,42.6,1
22-018-024-885603,2022-02-01,0.3667,22.8,43.6,1
22-018-024-885603,2022-03-03,0.321,24.1,44.7,1
22-018-024-885603,2022-04-02,0.2924,25.4,45.8,1
22-018-024-885603,2022-05-02,0.3196,26.8,46.8,6
09-015-010-415617,2022-10-21,0.2433,81.2,68.5,1
09-015-010-415617,2022-11-20,0.2817,82.5,69.5,1
09-015-010-415617,2022-12-20,0.2728,83.9,70.6,1
09-015-010-415617,2023-01-19,0.3506,85.2,71.7,1
09-015-010-415617,2023-02-18,0.3743,86.6,72.7,22
33-023-024-149241,2022-01-10,0.4532,0.0,71.4,199
33-023-024-149241,2022-02-09,0.4655,0.5,72.4,229
33-023-024-149241,2022-03-11,0.5269,1.8,73.5,259
33-023-024-149241,2022-04-10,0.5503,3.2,74.5,289
33-023-024-149241,2022-05-10,0.6042,4.5,75.6,319
09-031-010-951761,2020-10-06,0.2797,47.7,70.4,1
09-031-010-951761,2020-11-05,0.3215,49.1,71.4,1
09-031-010-951761,2020-12-05,0.3785,50.4,72.5,1
09-031-010-951761,2021-01-04,0.4526,51.8,73.5,1
09-031-010-951761,2021-02-03,0.4784,53.1,74.6,5
22-014-016-234546,2025-10-14,0.2217,17.9,8.2,51
22-014-016-234546,2025-11-13,0.3239,19.2,9.2,81
22-014-016-234546,2025-12-13,0.4564,20.6,10.3,111
22-014-016-234546,2026-01-12,0.5021,21.9,11.3,141
22-014-016-234546,2026-02-11,0.6031,23.3,12.4,171
33-023-008-109672,2020-11-30,0.2348,70.8,17.9,135
33-023-008-109672,2020-12-30,0.2404,72.2,19.0,165
33-023-008-109672,2021-01-29,0.2802,73.5,20.0,195
33-023-008-109672,2021-02-28,0.3102,74.9,21.1,225
33-023-008-109672,2021-03-30,0.3514,76.2,22.1,255
09-044-018-871523,2022-03-11,0.3821,76.4,4.9,1
09-044-018-871523,2022-04-10,0.3871,77.8,5.9,1
09-044-018-871523,2022-05-10,0.3775,79.1,7.0,20
09-044-018-871523,2022-06-09,0.398,80.5,8.0,50
09-044-018-871523,2022-07-09,0.3896,81.8,9.1,80
21-026-001-357052,2022-05-08,0.27,65.1,36.4,115
21-026-001-357052,2022-06-07,0.2275,66.5,37.5,145
21-026-001-357052,2022-07-07,0.1659,67.8,38.5,175
21-026-001-357052,2022-08-06,0.1973,69.2,39.6,205
21-026-001-357052,2022-09-05,0.1764,70.5,40.6,235
22-009-021-420306,2025-01-06,0.6669,40.4,24.7,1
22-009-021-420306,2025-02-05,0.644,41.8,25.8,1
22-009-021-420306,2025-03-07,0.648,43.1,26.8,1
22-009-021-420306,2025-04-06,0.6306,44.4,27.8,19
22-009-021-420306,2025-05-06,0.5753,45.8,28.9,49
33-023-012-727675,2021-08-15,0.7104,40.0,18.0,349
33-023-012-727675,2021-09-14,0.6753,41.4,19.0,379
33-023-012-727675,2021-10-14,0.6704,42.7,20.1,409
33-023-012-727675,2021-11-13,0.6628,44.0,21.1,439
33-023-012-727675,2021-12-13,0.6499,45.4,22.2,469
21-026-008-652571,2024-07-05,0.5132,29.5,8.1,1
21-026-008-652571,2024-08-04,0.5807,30.8,9.2,1
21-026-008-652571,2024-09-03,0.5723,32.2,10.2,1
21-026-008-652571,2024-10-03,0.5864,33.5,11.2,1
21-026-008-652571,2024-11-02,0.6129,34.9,12.3,15
27-025-016-374850,2023-02-04,0.6707,34.7,2.9,72
27-025-016-374850,2023-03-06,0.6055,36.1,3.9,102
27-025-016-374850,2023-04-05,0.5073,37.4,5.0,132
27-025-016-374850,2023-05-05,0.4773,38.8,6.0,162
27-025-016-374850,2023-06-04,0.355,40.1,7.1,192
21-019-021-832932,2021-01-19,0.5796,8.7,73.1,1
21-019-021-832932,2021-02-18,0.5526,10.1,74.1,1
21-019-021-832932,2021-03-20,0.5475,11.4,75.2,1
21-019-021-832932,2021-04-19,0.5156,12.8,76.2,1
21-019-021-832932,2021-05-19,0.4824,14.1,77.3,17
27-013-023-565388,2026-11-19,0.7348,37.8,50.3,405
27-013-023-565388,2026-12-19,0.7291,39.2,51.4,435
27-013-023-565388,2027-01-18,0.7594,40.5,52.4,465
27-013-023-565388,2027-02-17,0.826,41.9,53.5,495
27-013-023-565388,2027-03-19,0.88,43.2,54.5,525
36-011-003-331349,2024-07-10,0.1997,6.6,38.2,115
36-011-003-331349,2024-08-09,0.2492,8.0,39.2,145
36-011-003-331349,2024-09-08,0.341,9.3,40.3,175
36-011-003-331349,2024-10-08,0.341,10.7,41.4,205
36-011-003-331349,2024-11-07,0.4289,12.0,42.4,235
23-028-003-529604,2022-08-08,0.2001,32.4,58.2,1
23-028-003-529604,2022-09-07,0.298,33.8,59.2,1
23-028-003-529604,2022-10-07,0.3809,35.1,60.3,18
23-028-003-529604,2022-11-06,0.4482,36.4,61.4,48
23-028-003-529604,2022-12-06,0.5346,37.8,62.4,78
36-027-014-339807,2024-08-17,0.01,77.4,27.4,6
36-027-014-339807,2024-09-16,0.01,78.8,28.5,36
36-027-014-339807,2024-10-16,0.01,80.1,29.5,66
36-027-014-339807,2024-11-15,0.0324,81.5,30.6,96
36-027-014-339807,2024-12-15,0.176,82.8,31.6,126
23-028-004-804705,2023-02-28,0.3808,68.9,25.7,259
23-028-004-804705,2023-03-30,0.3789,70.2,26.8,289
23-028-004-804705,2023-04-29,0.3746,71.6,27.8,319
23-028-004-804705,2023-05-29,0.4184,73.0,28.8,349
23-028-004-804705,2023-06-28,0.4354,74.3,29.9,379
33-045-018-540013,2022-06-04,0.2127,83.9,23.0,5
33-045-018-540013,2022-07-04,0.2861,85.2,24.0,35
33-045-018-540013,2022-08-03,0.3194,86.6,25.1,65
33-045-018-540013,2022-09-02,0.3734,88.0,26.1,95
33-045-018-540013,2022-10-02,0.4135,89.3,27.2,125
22-014-011-342646,2021-11-03,0.2267,51.2,14.1,3
22-014-011-342646,2021-12-03,0.28,52.6,15.2,33
22-014-011-342646,2022-01-02,0.2874,53.9,16.2,63
22-014-011-342646,2022-02-01,0.2834,55.2,17.2,93
22-014-011-342646,2022-03-03,0.3408,56.6,18.3,123
29-007-020-650428,2024-07-13,0.485,34.8,53.7,1
29-007-020-650428,2024-08-12,0.5741,36.2,54.8,6
29-007-020-650428,2024-09-11,0.5566,37.5,55.8,36
29-007-020-650428,2024-10-11,0.5773,38.9,56.9,66
29-007-020-650428,2024-11-10,0.5678,40.2,57.9,96
21-012-018-603940,2022-04-28,0.4065,78.3,56.4,1
21-012-018-603940,2022-05-28,0.4363,79.7,57.5,1
21-012-018-603940,2022-06-27,0.3831,81.0,58.5,1
21-012-018-603940,2022-07-27,0.3359,82.4,59.6,1
21-012-018-603940,2022-08-26,0.3291,83.7,60.6,31
36-019-008-919095,2021-05-07,0.8808,18.6,19.1,1
36-019-008-919095,2021-06-06,0.7911,19.9,20.1,1
36-019-008-919095,2021-07-06,0.6848,21.3,21.2,1
36-019-008-919095,2021-08-05,0.6376,22.6,22.2,4
36-019-008-919095,2021-09-04,0.5194,24.0,23.3,34
27-013-018-313330,2024-05-29,0.3746,49.7,33.2,4
27-013-018-313330,2024-06-28,0.3642,51.1,34.2,34
27-013-018-313330,2024-07-28,0.3201,52.4,35.3,64
27-013-018-313330,2024-08-27,0.2523,53.8,36.4,94
27-013-018-313330,2024-09-26,0.2318,55.1,37.4,124
23-028-018-777122,2024-02-19,0.3487,64.2,46.5,1
23-028-018-777122,2024-03-20,0.3016,65.5,47.6,1
23-028-018-777122,2024-04-19,0.334,66.9,48.6,1
23-028-018-777122,2024-05-19,0.3147,68.2,49.7,1
23-028-018-777122,2024-06-18,0.2774,69.6,50.7,13
22-002-008-923294,2025-04-25,0.5355,73.3,26.3,1
22-002-008-923294,2025-05-25,0.5095,74.7,27.4,16
22-002-008-923294,2025-06-24,0.4593,76.0,28.4,46
22-002-008-923294,2025-07-24,0.4161,77.4,29.4,76
22-002-008-923294,2025-08-23,0.3463,78.7,30.5,106
33-045-021-629421,2022-12-24,0.5706,9.4,72.3,1
33-045-021-629421,2023-01-23,0.5456,10.8,73.3,1
33-045-021-629421,2023-02-22,0.4798,12.1,74.4,1
33-045-021-629421,2023-03-24,0.4836,13.5,75.5,1
33-045-021-629421,2023-04-23,0.4377,14.8,76.5,3
23-028-021-103247,2024-08-20,0.2494,52.5,12.5,1
23-028-021-103247,2024-09-19,0.321,53.9,13.5,1
23-028-021-103247,2024-10-19,0.3592,55.2,14.6,21
23-028-021-103247,2024-11-18,0.3841,56.5,15.6,51
23-028-021-103247,2024-12-18,0.445,57.9,16.7,81
23-033-018-810137,2021-02-24,0.3413,41.0,43.2,20
23-033-018-810137,2021-03-26,0.3692,42.4,44.2,50
23-033-018-810137,2021-04-25,0.3515,43.7,45.3,80
23-033-018-810137,2021-05-25,0.3215,45.0,46.4,110
23-033-018-810137,2021-06-24,0.3711,46.4,47.4,140
29-018-017-640746,2023-07-09,0.6116,21.5,21.4,64
29-018-017-640746,2023-08-08,0.5406,22.8,22.5,94
29-018-017-640746,2023-09-07,0.614,24.2,23.5,124
29-018-017-640746,2023-10-07,0.6238,25.5,24.6,154
29-018-017-640746,2023-11-06,0.6328,26.9,25.6,184
23-028-013-717386,2024-01-16,0.4697,48.1,27.8,1
23-028-013-717386,2024-02-15,0.493,49.5,28.9,1
23-028-013-717386,2024-03-16,0.4558,50.8,29.9,23
23-028-013-717386,2024-04-15,0.4512,52.1,30.9,53
23-028-013-717386,2024-05-15,0.4813,53.5,32.0,83
09-044-007-958966,2021-01-11,0.3165,12.6,33.3,1
09-044-007-958966,2021-02-10,0.3272,13.9,34.4,1
09-044-007-958966,2021-03-12,0.3481,15.3,35.4,1
09-044-007-958966,2021-04-11,0.3647,16.6,36.5,3
09-044-007-958966,2021-05-11,0.3773,18.0,37.5,33
21-005-006-988546,2022-12-09,0.238,28.2,86.0,110
21-005-006-988546,2023-01-08,0.3573,29.6,87.0,140
21-005-006-988546,2023-02-07,0.3593,30.9,88.1,170
21-005-006-988546,2023-03-09,0.4232,32.2,89.2,200
21-005-006-988546,2023-04-08,0.4555,33.6,90.2,230
29-022-015-460690,2025-03-01,0.7621,49.2,49.6,1
29-022-015-460690,2025-03-31,0.6934,50.6,50.6,1
29-022-015-460690,2025-04-30,0.6469,51.9,51.7,22
29-022-015-460690,2025-05-30,0.5643,53.2,52.8,52
29-022-015-460690,2025-06-29,0.4843,54.6,53.8,82
23-028-017-616704,2022-11-01,0.8313,66.8,62.9,206
23-028-017-616704,2022-12-01,0.8034,68.2,63.9,236
23-028-017-616704,2022-12-31,0.6997,69.5,65.0,266
23-028-017-616704,2023-01-30,0.6489,70.9,66.0,296
23-028-017-616704,2023-03-01,0.5977,72.2,67.1,326
23-004-011-004994,2025-04-02,0.7399,35.8,55.5,1
23-004-011-004994,2025-05-02,0.7197,37.2,56.6,1
23-004-011-004994,2025-06-01,0.6878,38.5,57.6,1
23-004-011-004994,2025-07-01,0.6832,39.9,58.7,27
23-004-011-004994,2025-07-31,0.6571,41.2,59.7,57
29-009-012-200674,2022-01-07,0.2048,15.9,67.8,1
29-009-012-200674,2022-02-06,0.2199,17.2,68.8,1
29-009-012-200674,2022-03-08,0.262,18.6,69.9,1
29-009-012-200674,2022-04-07,0.2774,19.9,71.0,1
29-009-012-200674,2022-05-07,0.2912,21.3,72.0,24
27-025-008-576012,2025-05-03,0.5863,36.8,55.8,1
27-025-008-576012,2025-06-02,0.5753,38.2,56.9,1
27-025-008-576012,2025-07-02,0.5504,39.5,57.9,1
27-025-008-576012,2025-08-01,0.5185,40.9,59.0,18
27-025-008-576012,2025-08-31,0.4305,42.2,60.0,48
27-001-019-688441,2024-03-21,0.0345,14.5,30.3,11
27-001-019-688441,2024-04-20,0.1602,15.8,31.4,41
27-001-019-688441,2024-05-20,0.1837,17.2,32.4,71
27-001-019-688441,2024-06-19,0.3249,18.5,33.5,101
27-001-019-688441,2024-07-19,0.331,19.9,34.5,131
22-014-003-570750,2026-02-07,0.3421,88.5,68.8,1
22-014-003-570750,2026-03-09,0.3733,89.9,69.8,1
22-014-003-570750,2026-04-08,0.31,91.2,70.9,8
22-014-003-570750,2026-05-08,0.2855,92.6,72.0,38
22-014-003-570750,2026-06-07,0.2445,93.9,73.0,68
23-016-008-480112,2025-04-15,0.1122,80.1,80.3,1
23-016-008-480112,2025-05-15,0.109,81.5,81.3,1
23-016-008-480112,2025-06-14,0.2181,82.8,82.4,21
23-016-008-480112,2025-07-14,0.1869,84.2,83.5,51
23-016-008-480112,2025-08-13,0.2623,85.5,84.5,81
27-037-002-577568,2022-07-15,0.2598,50.7,34.3,1
27-037-002-577568,2022-08-14,0.2373,52.1,35.4,1
27-037-002-577568,2022-09-13,0.2889,53.4,36.4,1
27-037-002-577568,2022-10-13,0.2575,54.8,37.5,1
27-037-002-577568,2022-11-12,0.2604,56.1,38.5,19
21-026-015-668150,2025-08-11,0.5266,61.8,5.7,1
21-026-015-668150,2025-09-10,0.5087,63.2,6.8,1
21-026-015-668150,2025-10-10,0.4472,64.5,7.8,11
21-026-015-668150,2025-11-09,0.4673,65.9,8.8,41
21-026-015-668150,2025-12-09,0.4885,67.2,9.9,71
23-028-015-262626,2023-01-29,0.4095,66.6,45.6,1
23-028-015-262626,2023-02-28,0.3615,68.0,46.6,1
23-028-015-262626,2023-03-30,0.3928,69.3,47.7,1
23-028-015-262626,2023-04-29,0.3279,70.7,48.8,1
23-028-015-262626,2023-05-29,0.3102,72.0,49.8,31
27-001-024-519408,2024-10-14,0.3059,52.4,74.6,1
27-001-024-519408,2024-11-13,0.3274,53.8,75.6,1
27-001-024-519408,2024-12-13,0.3248,55.1,76.7,4
27-001-024-519408,2025-01-12,0.3123,56.4,77.8,34
27-001-024-519408,2025-02-11,0.3458,57.8,78.8,64
27-013-007-293988,2021-11-07,0.6967,74.5,41.0,1
27-013-007-293988,2021-12-07,0.643,75.9,42.1,1
27-013-007-293988,2022-01-06,0.5199,77.2,43.1,17
27-013-007-293988,2022-02-05,0.4424,78.6,44.2,47
27-013-007-293988,2022-03-07,0.3329,79.9,45.2,77
27-001-007-996044,2022-06-12,0.6192,73.8,53.1,1
27-001-007-996044,2022-07-12,0.6083,75.2,54.1,1
27-001-007-996044,2022-08-11,0.4966,76.5,55.2,29
27-001-007-996044,2022-09-10,0.4217,77.9,56.2,59
27-001-007-996044,2022-10-10,0.3484,79.2,57.3,89
36-019-016-850029,2021-03-21,0.01,87.8,47.3,113
36-019-016-850029,2021-04-20,0.01,89.2,48.4,143
36-019-016-850029,2021-05-20,0.0708,90.5,49.4,173
36-019-016-850029,2021-06-19,0.1238,91.9,50.5,203
36-019-016-850029,2021-07-19,0.195,93.2,51.5,233
33-014-008-315668,2021-04-11,0.4263,30.4,67.7,1
33-014-008-315668,2021-05-11,0.4591,31.7,68.8,1
33-014-008-315668,2021-06-10,0.4377,33.1,69.8,27
33-014-008-315668,2021-07-10,0.487,34.4,70.9,57
33-014-008-315668,2021-08-09,0.4786,35.8,71.9,87
09-002-019-319626,2021-06-30,0.6802,70.5,44.9,1
09-002-019-319626,2021-07-30,0.6876,71.9,46.0,1
09-002-019-319626,2021-08-29,0.6354,73.2,47.0,1
09-002-019-319626,2021-09-28,0.6074,74.6,48.1,1
09-002-019-319626,2021-10-28,0.573,75.9,49.1,26
22-002-007-199555,2021-04-21,0.5996,17.2,27.7,1
22-002-007-199555,2021-05-21,0.5805,18.6,28.8,1
22-002-007-199555,2021-06-20,0.6052,19.9,29.8,1
22-002-007-199555,2021-07-20,0.6408,21.2,30.8,1
22-002-007-199555,2021-08-19,0.6242,22.6,31.9,6
29-007-016-587124,2024-08-01,0.3535,36.2,50.9,1
29-007-016-587124,2024-08-31,0.3293,37.6,52.0,1
29-007-016-587124,2024-09-30,0.3359,38.9,53.0,8
29-007-016-587124,2024-10-30,0.3673,40.2,54.1,38
29-007-016-587124,2024-11-29,0.3981,41.6,55.1,68
36-011-011-599983,2022-04-03,0.6074,63.5,53.4,79
36-011-011-599983,2022-05-03,0.5846,64.9,54.5,109
36-011-011-599983,2022-06-02,0.5275,66.2,55.5,139
36-011-011-599983,2022-07-02,0.4855,67.6,56.6,169
36-011-011-599983,2022-08-01,0.4202,68.9,57.6,199
21-012-011-039271,2025-01-14,0.9014,37.6,30.6,1
21-012-011-039271,2025-02-13,0.8185,39.0,31.6,1
21-012-011-039271,2025-03-15,0.7302,40.3,32.7,1
21-012-011-039271,2025-04-14,0.6154,41.6,33.8,11
21-012-011-039271,2025-05-14,0.5512,43.0,34.8,41
33-014-019-817481,2024-09-06,0.3964,18.6,55.0,1
33-014-019-817481,2024-10-06,0.4333,19.9,56.1,1
33-014-019-817481,2024-11-05,0.4919,21.3,57.1,1
33-014-019-817481,2024-12-05,0.5738,22.6,58.2,1
33-014-019-817481,2025-01-04,0.6512,24.0,59.2,9
29-007-019-408769,2023-04-05,0.2357,73.3,18.3,1
29-007-019-408769,2023-05-05,0.1968,74.7,19.4,1
29-007-019-408769,2023-06-04,0.246,76.0,20.4,1
29-007-019-408769,2023-07-04,0.2216,77.4,21.4,1
29-007-019-408769,2023-08-03,0.1605,78.7,22.5,3
36-011-010-014722,2020-11-28,0.8587,60.6,75.1,1
36-011-010-014722,2020-12-28,0.814,62.0,76.1,4
36-011-010-014722,2021-01-27,0.6876,63.3,77.2,34
36-011-010-014722,2021-02-26,0.5753,64.7,78.2,64
36-011-010-014722,2021-03-28,0.4995,66.0,79.3,94
33-045-008-394565,2020-04-28,0.5478,36.4,37.6,1
33-045-008-394565,2020-05-28,0.4705,37.8,38.6,1
33-045-008-394565,2020-06-27,0.3826,39.1,39.7,1
33-045-008-394565,2020-07-27,0.3121,40.4,40.8,1
33-045-008-394565,2020-08-26,0.2108,41.8,41.8,23
29-009-009-003611,2024-08-05,0.806,53.4,74.5,26
29-009-009-003611,2024-09-04,0.6914,54.8,75.5,56
29-009-009-003611,2024-10-04,0.561,56.1,76.6,86
29-009-009-003611,2024-11-03,0.411,57.4,77.7,116
29-009-009-003611,2024-12-03,0.3226,58.8,78.7,146
36-027-002-641401,2024-11-21,0.6425,29.5,74.6,164
36-027-002-641401,2024-12-21,0.6637,30.8,75.6,194
36-027-002-641401,2025-01-20,0.6789,32.2,76.7,224
36-027-002-641401,2025-02-19,0.6455,33.5,77.8,254
36-027-002-641401,2025-03-21,0.6652,34.9,78.8,284
27-025-017-830802,2024-02-20,0.5357,5.7,10.9,1
27-025-017-830802,2024-03-21,0.5395,7.0,11.9,1
27-025-017-830802,2024-04-20,0.5239,8.4,13.0,1
27-025-017-830802,2024-05-20,0.5203,9.8,14.0,9
27-025-017-830802,2024-06-19,0.4806,11.1,15.1,39
36-019-009-582253,2021-04-01,0.6923,0.7,29.2,115
36-019-009-582253,2021-05-01,0.64,2.0,30.2,145
36-019-009-582253,2021-05-31,0.529,3.4,31.3,175
36-019-009-582253,2021-06-30,0.4849,4.8,32.4,205
36-019-009-582253,2021-07-30,0.4154,6.1,33.4,235
29-022-018-446569,2025-03-27,0.4765,26.7,29.9,1
29-022-018-446569,2025-04-26,0.5127,28.1,31.0,28
29-022-018-446569,2025-05-26,0.5484,29.4,32.0,58
29-022-018-446569,2025-06-25,0.5944,30.8,33.1,88
29-022-018-446569,2025-07-25,0.6615,32.1,34.1,118
22-002-013-975593,2023-02-06,0.6194,24.0,32.2,1
22-002-013-975593,2023-03-08,0.6346,25.3,33.2,1
22-002-013-975593,2023-04-07,0.6819,26.7,34.3,21
22-002-013-975593,2023-05-07,0.6796,28.0,35.4,51
22-002-013-975593,2023-06-06,0.7118,29.4,36.4,81
33-014-016-217560,2021-01-19,0.3558,34.5,48.8,1
33-014-016-217560,2021-02-18,0.4023,35.9,49.9,1
33-014-016-217560,2021-03-20,0.434,37.2,50.9,11
33-014-016-217560,2021-04-19,0.5175,38.5,52.0,41
33-014-016-217560,2021-05-19,0.5349,39.9,53.0,71
33-031-010-491079,2025-06-25,0.2803,44.1,4.6,1
33-031-010-491079,2025-07-25,0.2575,45.5,5.7,1
33-031-010-491079,2025-08-24,0.3382,46.8,6.7,1
33-031-010-491079,2025-09-23,0.3723,48.1,7.8,1
33-031-010-491079,2025-10-23,0.3485,49.5,8.8,21
36-019-008-771013,2024-10-17,0.507,89.6,14.7,1
36-019-008-771013,2024-11-16,0.4122,91.0,15.7,1
36-019-008-771013,2024-12-16,0.3797,92.3,16.8,1
36-019-008-771013,2025-01-15,0.3286,93.7,17.8,1
36-019-008-771013,2025-02-14,0.2964,95.0,18.9,30
29-007-004-376370,2025-02-01,0.1056,48.8,54.7,1
29-007-004-376370,2025-03-03,0.1346,50.2,55.8,1
29-007-004-376370,2025-04-02,0.1953,51.5,56.8,1
29-007-004-376370,2025-05-02,0.2499,52.9,57.9,20
29-007-004-376370,2025-06-01,0.3158,54.2,58.9,50
33-031-002-770404,2024-12-27,0.223,55.0,26.2,1
33-031-002-770404,2025-01-26,0.2815,56.4,27.2,1
33-031-002-770404,2025-02-25,0.2756,57.7,28.3,1
33-031-002-770404,2025-03-27,0.3265,59.0,29.3,1
33-031-002-770404,2025-04-26,0.3512,60.4,30.4,17
21-019-024-331631,2024-07-17,0.4621,37.5,11.7,1
21-019-024-331631,2024-08-16,0.4645,38.9,12.8,1
21-019-024-331631,2024-09-15,0.523,40.2,13.8,1
21-019-024-331631,2024-10-15,0.5405,41.5,14.8,1
21-019-024-331631,2024-11-14,0.5923,42.9,15.9,21
36-019-019-376825,2023-01-10,0.4913,28.7,78.8,1
36-019-019-376825,2023-02-09,0.4531,30.1,79.8,1
36-019-019-376825,2023-03-11,0.3699,31.4,80.9,1
36-019-019-376825,2023-04-10,0.34,32.8,82.0,25
36-019-019-376825,2023-05-10,0.2509,34.1,83.0,55
33-045-022-073492,2022-06-22,0.7211,26.9,12.4,44
33-045-022-073492,2022-07-22,0.6215,28.2,13.5,74
33-045-022-073492,2022-08-21,0.5482,29.6,14.5,104
33-045-022-073492,2022-09-20,0.4858,30.9,15.6,134
33-045-022-073492,2022-10-20,0.4642,32.3,16.6,164
22-014-019-915871,2025-08-19,0.6198,15.9,26.0,1
22-014-019-915871,2025-09-18,0.6192,17.2,27.0,1
22-014-019-915871,2025-10-18,0.667,18.6,28.1,22
22-014-019-915871,2025-11-17,0.6991,19.9,29.1,52
22-014-019-915871,2025-12-17,0.7161,21.3,30.2,82
09-015-005-300589,2026-01-23,0.6613,9.1,34.7,1
09-015-005-300589,2026-02-22,0.7021,10.4,35.8,1
09-015-005-300589,2026-03-24,0.7531,11.8,36.8,1
09-015-005-300589,2026-04-23,0.7498,13.2,37.9,1
09-015-005-300589,2026-05-23,0.7874,14.5,38.9,6
21-026-009-694289,2022-09-08,0.7564,25.1,6.8,1
21-026-009-694289,2022-10-08,0.7484,26.4,7.8,9
21-026-009-694289,2022-11-07,0.7447,27.8,8.9,39
21-026-009-694289,2022-12-07,0.7613,29.1,9.9,69
21-026-009-694289,2023-01-06,0.7248,30.5,11.0,99
21-012-024-341332,2025-09-06,0.9046,4.6,40.4,1
21-012-024-341332,2025-10-06,0.8619,6.0,41.5,1
21-012-024-341332,2025-11-05,0.7727,7.3,42.5,1
21-012-024-341332,2025-12-05,0.7875,8.7,43.6,1
21-012-024-341332,2026-01-04,0.7173,10.0,44.6,23
29-009-016-811799,2021-12-12,0.6184,54.1,29.8,1
29-009-016-811799,2022-01-11,0.5891,55.5,30.9,24
29-009-016-811799,2022-02-10,0.5256,56.8,31.9,54
29-009-016-811799,2022-03-12,0.5152,58.1,33.0,84
29-009-016-811799,2022-04-11,0.4826,59.5,34.0,114
33-031-001-173185,2021-10-07,0.3507,15.9,85.1,1
33-031-001-173185,2021-11-06,0.3757,17.2,86.1,1
33-031-001-173185,2021-12-06,0.4014,18.6,87.2,26
33-031-001-173185,2022-01-05,0.3139,19.9,88.2,56
33-031-001-173185,2022-02-04,0.3303,21.3,89.3,86
23-033-015-841738,2022-10-28,0.4402,6.4,64.2,1
23-033-015-841738,2022-11-27,0.4515,7.8,65.2,1
23-033-015-841738,2022-12-27,0.4336,9.1,66.3,1
23-033-015-841738,2023-01-26,0.3725,10.5,67.4,6
23-033-015-841738,2023-02-25,0.3251,11.8,68.4,36
21-012-007-712206,2021-06-28,0.6237,60.3,27.0,1
21-012-007-712206,2021-07-28,0.5879,61.7,28.0,1
21-012-007-712206,2021-08-27,0.5715,63.0,29.1,1
21-012-007-712206,2021-09-26,0.4922,64.4,30.1,27
21-012-007-712206,2021-10-26,0.4753,65.7,31.2,57
22-009-022-705887,2020-12-05,0.2978,48.4,62.2,1
22-009-022-705887,2021-01-04,0.3397,49.8,63.3,1
22-009-022-705887,2021-02-03,0.3867,51.1,64.3,1
22-009-022-705887,2021-03-05,0.3807,52.4,65.4,1
22-009-022-705887,2021-04-04,0.4257,53.8,66.4,5
23-004-010-095966,2022-12-14,0.1746,40.6,33.3,1
23-004-010-095966,2023-01-13,0.2042,42.0,34.4,14
23-004-010-095966,2023-02-12,0.2518,43.3,35.4,44
23-004-010-095966,2023-03-14,0.2656,44.6,36.5,74
23-004-010-095966,2023-04-13,0.2718,46.0,37.5,104
29-022-009-442523,2025-02-11,0.2685,20.4,15.4,154
29-022-009-442523,2025-03-13,0.3137,21.8,16.5,184
29-022-009-442523,2025-04-12,0.3342,23.1,17.5,214
29-022-009-442523,2025-05-12,0.3622,24.4,18.6,244
29-022-009-442523,2025-06-11,0.3362,25.8,19.6,274
21-019-001-138089,2024-08-23,0.2017,44.5,54.7,1
21-019-001-138089,2024-09-22,0.2439,45.9,55.8,1
21-019-001-138089,2024-10-22,0.2703,47.2,56.8,1
21-019-001-138089,2024-11-21,0.266,48.5,57.9,3
21-019-001-138089,2024-12-21,0.3308,49.9,58.9,33
22-018-017-394037,2022-08-19,0.01,33.7,44.8,77
22-018-017-394037,2022-09-18,0.0649,35.1,45.9,107
22-018-017-394037,2022-10-18,0.1713,36.4,46.9,137
22-018-017-394037,2022-11-17,0.2485,37.8,48.0,167
22-018-017-394037,2022-12-17,0.3769,39.1,49.0,197
27-001-009-036876,2023-06-07,0.3361,62.6,4.9,1
27-001-009-036876,2023-07-07,0.273,64.0,5.9,1
27-001-009-036876,2023-08-06,0.2486,65.3,7.0,8
27-001-009-036876,2023-09-05,0.2358,66.7,8.0,38
27-001-009-036876,2023-10-05,0.1998,68.0,9.1,68
27-013-015-433170,2023-01-24,0.1426,62.3,44.2,1
27-013-015-433170,2023-02-23,0.1976,63.7,45.2,1
27-013-015-433170,2023-03-25,0.3424,65.0,46.3,1
27-013-015-433170,2023-04-24,0.4191,66.4,47.4,13
27-013-015-433170,2023-05-24,0.4976,67.7,48.4,43
09-031-011-782923,2021-07-08,0.1472,77.8,32.9,1
09-031-011-782923,2021-08-07,0.1993,79.2,34.0,1
09-031-011-782923,2021-09-06,0.2762,80.5,35.0,1
09-031-011-782923,2021-10-06,0.366,81.9,36.1,1
09-031-011-782923,2021-11-05,0.5098,83.2,37.1,3
33-014-007-766605,2025-04-22,0.4217,68.4,5.5,1
33-014-007-766605,2025-05-22,0.3866,69.8,6.5,1
33-014-007-766605,2025-06-21,0.4178,71.1,7.6,1
33-014-007-766605,2025-07-21,0.3861,72.5,8.6,12
33-014-007-766605,2025-08-20,0.3934,73.8,9.7,42
36-003-012-264469,2022-11-16,0.4089,44.0,12.9,135
36-003-012-264469,2022-12-16,0.3668,45.4,14.0,165
36-003-012-264469,2023-01-15,0.4177,46.7,15.0,195
36-003-012-264469,2023-02-14,0.3966,48.0,16.1,225
36-003-012-264469,2023-03-16,0.4089,49.4,17.1,255
33-031-020-687626,2024-08-30,0.393,65.1,37.3,1
33-031-020-687626,2024-09-29,0.4114,66.5,38.4,1
33-031-020-687626,2024-10-29,0.4061,67.8,39.4,5
33-031-020-687626,2024-11-28,0.4827,69.2,40.5,35
33-031-020-687626,2024-12-28,0.4404,70.5,41.5,65
27-025-002-922498,2023-05-18,0.9686,10.2,11.1,21
27-025-002-922498,2023-06-17,0.9028,11.6,12.2,51
27-025-002-922498,2023-07-17,0.8051,12.9,13.2,81
27-025-002-922498,2023-08-16,0.7246,14.2,14.2,111
27-025-002-922498,2023-09-15,0.6671,15.6,15.3,141
33-045-004-081690,2022-11-02,0.2708,53.7,58.8,1
33-045-004-081690,2022-12-02,0.3146,55.1,59.9,1
33-045-004-081690,2023-01-01,0.3114,56.4,60.9,1
33-045-004-081690,2023-01-31,0.2867,57.8,62.0,1
33-045-004-081690,2023-03-02,0.3266,59.1,63.0,22
29-018-024-878590,2025-05-28,0.4091,16.2,17.1,13
29-018-024-878590,2025-06-27,0.4771,17.6,18.1,43
29-018-024-878590,2025-07-27,0.5079,18.9,19.2,73
29-018-024-878590,2025-08-26,0.5348,20.2,20.2,103
29-018-024-878590,2025-09-25,0.6202,21.6,21.3,133
22-009-004-522374,2022-09-14,0.4233,57.4,23.9,1
22-009-004-522374,2022-10-14,0.4566,58.8,25.0,1
22-009-004-522374,2022-11-13,0.483,60.1,26.0,1
22-009-004-522374,2022-12-13,0.4399,61.4,27.1,1
22-009-004-522374,2023-01-12,0.4566,62.8,28.1,30
22-009-004-500684,2022-07-20,0.2931,16.8,26.4,1
22-009-004-500684,2022-08-19,0.3897,18.1,27.5,1
22-009-004-500684,2022-09-18,0.5011,19.5,28.5,1
22-009-004-500684,2022-10-18,0.5222,20.8,29.6,13
22-009-004-500684,2022-11-17,0.5767,22.2,30.6,43
29-009-003-574868,2023-11-01,0.4509,89.7,86.2,1
29-009-003-574868,2023-12-01,0.4217,91.0,87.2,1
29-009-003-574868,2023-12-31,0.3478,92.4,88.3,22
29-009-003-574868,2024-01-30,0.2736,93.8,89.4,52
29-009-003-574868,2024-02-29,0.2143,95.1,90.4,82
29-022-008-775897,2023-05-28,0.8342,68.1,20.5,1
29-022-008-775897,2023-06-27,0.7581,69.5,21.5,1
29-022-008-775897,2023-07-27,0.6772,70.8,22.6,1
29-022-008-775897,2023-08-26,0.6086,72.2,23.6,1
29-022-008-775897,2023-09-25,0.5151,73.5,24.7,3
21-012-004-030336,2025-11-15,0.3988,19.1,4.5,1
21-012-004-030336,2025-12-15,0.4668,20.4,5.5,1
21-012-004-030336,2026-01-14,0.5395,21.8,6.6,1
21-012-004-030336,2026-02-13,0.6067,23.1,7.6,1
21-012-004-030336,2026-03-15,0.6797,24.5,8.7,3
29-009-016-679482,2022-07-27,0.5985,43.2,37.9,1
29-009-016-679482,2022-08-26,0.6484,44.6,39.0,1
29-009-016-679482,2022-09-25,0.5855,45.9,40.0,1
29-009-016-679482,2022-10-25,0.5996,47.2,41.1,1
29-009-016-679482,2022-11-24,0.5971,48.6,42.1,10
22-002-004-192320,2025-07-24,0.419,84.1,42.1,10
22-002-004-192320,2025-08-23,0.4181,85.5,43.1,40
22-002-004-192320,2025-09-22,0.4159,86.8,44.2,70
22-002-004-192320,2025-10-22,0.3987,88.2,45.2,100
22-002-004-192320,2025-11-21,0.3742,89.5,46.3,130
21-005-013-007041,2022-05-16,0.3845,46.3,26.5,80
21-005-013-007041,2022-06-15,0.3533,47.7,27.5,110
21-005-013-007041,2022-07-15,0.3671,49.0,28.6,140
21-005-013-007041,2022-08-14,0.362,50.4,29.6,170
21-005-013-007041,2022-09-13,0.3428,51.7,30.7,200
33-023-018-119955,2021-07-15,0.4438,13.8,17.1,12
33-023-018-119955,2021-08-14,0.469,15.1,18.1,42
33-023-018-119955,2021-09-13,0.5016,16.5,19.2,72
33-023-018-119955,2021-10-13,0.4959,17.8,20.2,102
33-023-018-119955,2021-11-12,0.5357,19.2,21.3,132
22-014-003-242905,2023-09-30,0.7716,28.6,28.7,1
22-014-003-242905,2023-10-30,0.7278,29.9,29.8,1
22-014-003-242905,2023-11-29,0.6921,31.3,30.8,1
22-014-003-242905,2023-12-29,0.6899,32.6,31.8,1
22-014-003-242905,2024-01-28,0.6335,34.0,32.9,11
22-018-012-901195,2022-07-16,0.5655,40.4,80.7,1
22-018-012-901195,2022-08-15,0.5213,41.8,81.8,1
22-018-012-901195,2022-09-14,0.4467,43.1,82.8,1
22-018-012-901195,2022-10-14,0.3874,44.4,83.9,1
22-018-012-901195,2022-11-13,0.3193,45.8,84.9,26
29-007-002-158342,2022-05-12,0.5308,91.0,50.2,1
29-007-002-158342,2022-06-11,0.5157,92.4,51.2,1
29-007-002-158342,2022-07-11,0.4745,93.7,52.3,1
29-007-002-158342,2022-08-10,0.5298,95.1,53.4,1
29-007-002-158342,2022-09-09,0.5026,96.4,54.4,12
29-009-023-846911,2022-03-29,0.5265,66.8,9.5,1
29-009-023-846911,2022-04-28,0.498,68.2,10.5,17
29-009-023-846911,2022-05-28,0.5072,69.5,11.6,47
29-009-023-846911,2022-06-27,0.4882,70.9,12.6,77
29-009-023-846911,2022-07-27,0.462,72.2,13.7,107
36-027-018-414505,2023-05-18,0.01,74.0,25.5,1
36-027-018-414505,2023-06-17,0.0204,75.4,26.5,29
36-027-018-414505,2023-07-17,0.1711,76.7,27.6,59
36-027-018-414505,2023-08-16,0.2244,78.1,28.6,89
36-027-018-414505,2023-09-15,0.3258,79.4,29.7,119
22-018-021-586883,2024-01-23,0.2672,85.0,58.6,1
22-018-021-586883,2024-02-22,0.2315,86.4,59.6,1
22-018-021-586883,2024-03-23,0.2587,87.7,60.7,1
22-018-021-586883,2024-04-22,0.2932,89.1,61.8,1
22-018-021-586883,2024-05-22,0.3225,90.4,62.8,12
09-015-024-187536,2021-05-28,0.7968,52.3,12.0,1
09-015-024-187536,2021-06-27,0.7421,53.7,13.0,1
09-015-024-187536,2021-07-27,0.616,55.0,14.1,1
09-015-024-187536,2021-08-26,0.493,56.4,15.1,25
09-015-024-187536,2021-09-25,0.3469,57.7,16.2,55
29-018-013-003927,2022-11-29,0.9623,62.9,8.7,1
29-018-013-003927,2022-12-29,0.9055,64.2,9.8,1
29-018-013-003927,2023-01-28,0.7848,65.6,10.8,1
29-018-013-003927,2023-02-27,0.7115,67.0,11.8,1
29-018-013-003927,2023-03-29,0.6215,68.3,12.9,9
22-009-010-139561,2024-08-03,0.6747,19.3,21.3,1
22-009-010-139561,2024-09-02,0.6345,20.6,22.4,17
22-009-010-139561,2024-10-02,0.6052,22.0,23.4,47
22-009-010-139561,2024-11-01,0.5976,23.3,24.4,77
22-009-010-139561,2024-12-01,0.5688,24.7,25.5,107
09-031-023-935005,2025-01-26,0.5306,64.0,33.2,1
09-031-023-935005,2025-02-25,0.4692,65.4,34.2,1
09-031-023-935005,2025-03-27,0.5038,66.7,35.3,1
09-031-023-935005,2025-04-26,0.4993,68.1,36.4,1
09-031-023-935005,2025-05-26,0.4891,69.4,37.4,22
29-009-007-703996,2026-06-19,0.99,44.5,30.6,1
29-009-007-703996,2026-07-19,0.99,45.9,31.6,1
29-009-007-703996,2026-08-18,0.8939,47.2,32.7,1
29-009-007-703996,2026-09-17,0.6959,48.5,33.8,1
29-009-007-703996,2026-10-17,0.5211,49.9,34.8,22
36-019-014-555270,2023-05-13,0.8794,35.0,20.1,140
36-019-014-555270,2023-06-12,0.7812,36.4,21.1,170
36-019-014-555270,2023-07-12,0.6894,37.7,22.2,200
36-019-014-555270,2023-08-11,0.6076,39.0,23.2,230
36-019-014-555270,2023-09-10,0.525,40.4,24.3,260
29-007-022-089286,2023-10-21,0.5808,10.4,70.1,214
29-007-022-089286,2023-11-20,0.5731,11.8,71.1,244
29-007-022-089286,2023-12-20,0.5697,13.1,72.2,274
29-007-022-089286,2024-01-19,0.5572,14.5,73.2,304
29-007-022-089286,2024-02-18,0.5079,15.8,74.3,334
22-014-003-088548,2022-04-30,0.3617,45.7,20.5,10
22-014-003-088548,2022-05-30,0.3822,47.1,21.5,40
22-014-003-088548,2022-06-29,0.3989,48.4,22.6,70
22-014-003-088548,2022-07-29,0.4368,49.8,23.6,100
22-014-003-088548,2022-08-28,0.5002,51.1,24.7,130
22-002-014-783176,2021-09-07,0.3737,71.0,11.0,1
22-002-014-783176,2021-10-07,0.4164,72.4,12.0,5
22-002-014-783176,2021-11-06,0.3869,73.7,13.1,35
22-002-014-783176,2021-12-06,0.4121,75.1,14.1,65
22-002-014-783176,2022-01-05,0.3806,76.4,15.2,95
27-001-009-170912,2025-04-07,0.8406,20.5,53.8,1
27-001-009-170912,2025-05-07,0.7966,21.8,54.9,17
27-001-009-170912,2025-06-06,0.7441,23.2,55.9,47
27-001-009-170912,2025-07-06,0.6954,24.5,57.0,77
27-001-009-170912,2025-08-05,0.5845,25.9,58.0,107
23-004-004-590038,2023-06-01,0.2982,77.5,23.1,1
23-004-004-590038,2023-07-01,0.3141,78.9,24.1,3
23-004-004-590038,2023-07-31,0.3539,80.2,25.2,33
23-004-004-590038,2023-08-30,0.3905,81.6,26.2,63
23-004-004-590038,2023-09-29,0.42,82.9,27.3,93
33-023-012-541773,2023-12-25,0.4094,0.0,35.5,1
33-023-012-541773,2024-01-24,0.4119,1.0,36.6,1
33-023-012-541773,2024-02-23,0.4098,2.4,37.6,1
33-023-012-541773,2024-03-24,0.4591,3.8,38.7,19
33-023-012-541773,2024-04-23,0.4213,5.1,39.7,49
23-016-022-952940,2023-05-06,0.3457,53.5,25.6,1
23-016-022-952940,2023-06-05,0.4028,54.9,26.6,1
23-016-022-952940,2023-07-05,0.4291,56.2,27.7,1
23-016-022-952940,2023-08-04,0.4695,57.5,28.8,1
23-016-022-952940,2023-09-03,0.502,58.9,29.8,5
22-014-021-856754,2021-06-01,0.2642,34.8,69.0,1
22-014-021-856754,2021-07-01,0.2208,36.2,70.0,1
22-014-021-856754,2021-07-31,0.2344,37.5,71.1,13
22-014-021-856754,2021-08-30,0.2156,38.9,72.2,43
22-014-021-856754,2021-09-29,0.1642,40.2,73.2,73
29-009-015-531038,2024-01-16,0.1563,77.6,61.7,1
29-009-015-531038,2024-02-15,0.1987,79.0,62.8,1
29-009-015-531038,2024-03-16,0.2375,80.3,63.8,17
29-009-015-531038,2024-04-15,0.2502,81.7,64.9,47
29-009-015-531038,2024-05-15,0.2386,83.0,65.9,77
23-016-005-952491,2024-07-02,0.3467,31.6,34.3,32
23-016-005-952491,2024-08-01,0.319,33.0,35.4,62
23-016-005-952491,2024-08-31,0.3248,34.3,36.4,92
23-016-005-952491,2024-09-30,0.3034,35.6,37.5,122
23-016-005-952491,2024-10-30,0.2462,37.0,38.5,152
21-019-011-899752,2024-05-26,0.3332,75.5,49.8,1
21-019-011-899752,2024-06-25,0.3516,76.9,50.9,1
21-019-011-899752,2024-07-25,0.3962,78.2,51.9,1
21-019-011-899752,2024-08-24,0.3658,79.6,53.0,1
21-019-011-899752,2024-09-23,0.4335,80.9,54.0,11
36-011-017-938212,2025-01-21,0.3021,29.7,30.2,19
36-011-017-938212,2025-02-20,0.3864,31.1,31.2,49
36-011-017-938212,2025-03-22,0.4193,32.4,32.3,79
36-011-017-938212,2025-04-21,0.5009,33.8,33.4,109
36-011-017-938212,2025-05-21,0.5694,35.1,34.4,139
29-007-022-003059,2021-05-05,0.2518,38.9,55.3,1
29-007-022-003059,2021-06-04,0.3348,40.2,56.4,1
29-007-022-003059,2021-07-04,0.3787,41.6,57.4,1
29-007-022-003059,2021-08-03,0.3962,42.9,58.5,24
29-007-022-003059,2021-09-02,0.4811,44.3,59.5,54
21-012-018-340012,2024-09-18,0.0803,54.2,24.7,26
21-012-018-340012,2024-10-18,0.1382,55.6,25.8,56
21-012-018-340012,2024-11-17,0.1762,56.9,26.8,86
21-012-018-340012,2024-12-17,0.2317,58.2,27.8,116
21-012-018-340012,2025-01-16,0.279,59.6,28.9,146
33-023-020-307456,2026-03-28,0.8328,13.0,22.4,116
33-023-020-307456,2026-04-27,0.8057,14.3,23.5,146
33-023-020-307456,2026-05-27,0.6955,15.7,24.5,176
33-023-020-307456,2026-06-26,0.6426,17.0,25.6,206
33-023-020-307456,2026-07-26,0.5612,18.4,26.6,236
09-044-020-405265,2021-11-29,0.1223,45.5,47.0,1
09-044-020-405265,2021-12-29,0.2421,46.9,48.1,1
09-044-020-405265,2022-01-28,0.2636,48.2,49.1,1
09-044-020-405265,2022-02-27,0.3638,49.5,50.2,3
09-044-020-405265,2022-03-29,0.4357,50.9,51.2,33
22-014-020-275962,2022-01-01,0.1976,25.7,78.9,1
22-014-020-275962,2022-01-31,0.2536,27.1,79.9,1
22-014-020-275962,2022-03-02,0.2614,28.4,81.0,26
22-014-020-275962,2022-04-01,0.2778,29.8,82.0,56
22-014-020-275962,2022-05-01,0.3584,31.1,83.1,86
33-023-024-849398,2021-10-02,0.3462,24.5,11.9,1
33-023-024-849398,2021-11-01,0.3538,25.8,13.0,1
33-023-024-849398,2021-12-01,0.3205,27.2,14.0,1
33-023-024-849398,2021-12-31,0.3289,28.5,15.1,1
33-023-024-849398,2022-01-30,0.3181,29.9,16.1,7
21-012-022-745758,2020-09-17,0.3863,49.6,51.1,1
21-012-022-745758,2020-10-17,0.3569,51.0,52.1,10
21-012-022-745758,2020-11-16,0.3116,52.3,53.2,40
21-012-022-745758,2020-12-16,0.3029,53.6,54.2,70
21-012-022-745758,2021-01-15,0.2649,55.0,55.3,100
22-002-003-642583,2022-10-20,0.8113,5.6,41.1,1
22-002-003-642583,2022-11-19,0.7762,7.0,42.1,1
22-002-003-642583,2022-12-19,0.7002,8.3,43.2,1
22-002-003-642583,2023-01-18,0.6585,9.7,44.2,1
22-002-003-642583,2023-02-17,0.618,11.0,45.3,30
09-015-023-422636,2023-07-15,0.7504,23.3,18.8,1
09-015-023-422636,2023-08-14,0.7256,24.6,19.9,1
09-015-023-422636,2023-09-13,0.7182,26.0,20.9,27
09-015-023-422636,2023-10-13,0.6672,27.3,21.9,57
09-015-023-422636,2023-11-12,0.6846,28.7,23.0,87
22-009-012-513964,2025-11-08,0.2514,70.2,8.9,11
22-009-012-513964,2025-12-08,0.2428,71.5,9.9,41
22-009-012-513964,2026-01-07,0.2729,72.9,11.0,71
22-009-012-513964,2026-02-06,0.3316,74.2,12.0,101
22-009-012-513964,2026-03-08,0.3326,75.6,13.1,131
09-044-018-641015,2022-09-26,0.4073,21.8,40.8,1
09-044-018-641015,2022-10-26,0.4353,23.1,41.9,1
09-044-018-641015,2022-11-25,0.412,24.5,42.9,1
09-044-018-641015,2022-12-25,0.463,25.8,44.0,10
09-044-018-641015,2023-01-24,0.4825,27.2,45.0,40
33-014-015-377807,2024-07-17,0.4761,6.3,51.6,1
33-014-015-377807,2024-08-16,0.4969,7.6,52.6,1
33-014-015-377807,2024-09-15,0.5526,9.0,53.7,1
33-014-015-377807,2024-10-15,0.5832,10.3,54.8,1
33-014-015-377807,2024-11-14,0.6459,11.7,55.8,15
27-037-010-996219,2022-08-23,0.2479,53.3,61.3,28
27-037-010-996219,2022-09-22,0.2773,54.7,62.4,58
27-037-010-996219,2022-10-22,0.2647,56.0,63.4,88
27-037-010-996219,2022-11-21,0.2895,57.4,64.5,118
27-037-010-996219,2022-12-21,0.266,58.7,65.5,148
09-015-024-684741,2023-12-02,0.2991,75.8,46.0,140
09-015-024-684741,2024-01-01,0.3538,77.2,47.1,170
09-015-024-684741,2024-01-31,0.3052,78.5,48.1,200
09-015-024-684741,2024-03-01,0.3032,79.9,49.2,230
09-015-024-684741,2024-03-31,0.3284,81.2,50.2,260
29-009-005-707378,2025-08-14,0.01,71.5,84.4,10
29-009-005-707378,2025-09-13,0.01,72.9,85.4,40
29-009-005-707378,2025-10-13,0.0583,74.2,86.5,70
29-009-005-707378,2025-11-12,0.209,75.6,87.5,100
29-009-005-707378,2025-12-12,0.332,76.9,88.6,130
22-018-021-350278,2023-01-16,0.3091,44.8,38.6,1
22-018-021-350278,2023-02-15,0.3822,46.2,39.6,1
22-018-021-350278,2023-03-17,0.4109,47.5,40.7,1
22-018-021-350278,2023-04-16,0.4727,48.9,41.8,1
22-018-021-350278,2023-05-16,0.5494,50.2,42.8,18
29-009-001-560843,2021-11-05,0.58,87.2,6.5,1
29-009-001-560843,2021-12-05,0.5176,88.5,7.5,1
29-009-001-560843,2022-01-04,0.4597,89.9,8.6,1
29-009-001-560843,2022-02-03,0.3432,91.2,9.6,1
29-009-001-560843,2022-03-05,0.269,92.6,10.7,11
36-003-002-677210,2025-08-10,0.2773,62.4,29.1,1
36-003-002-677210,2025-09-09,0.2966,63.8,30.1,1
36-003-002-677210,2025-10-09,0.2717,65.1,31.2,1
36-003-002-677210,2025-11-08,0.3365,66.5,32.2,6
36-003-002-677210,2025-12-08,0.3382,67.8,33.3,36
21-026-018-182337,2022-02-14,0.3989,52.5,58.4,1
21-026-018-182337,2022-03-16,0.4713,53.9,59.5,1
21-026-018-182337,2022-04-15,0.5505,55.2,60.5,1
21-026-018-182337,2022-05-15,0.5477,56.5,61.6,1
21-026-018-182337,2022-06-14,0.6361,57.9,62.6,20
21-005-015-892443,2024-04-05,0.8123,49.0,40.9,1
21-005-015-892443,2024-05-05,0.7569,50.4,42.0,17
21-005-015-892443,2024-06-04,0.6703,51.7,43.0,47
21-005-015-892443,2024-07-04,0.5607,53.0,44.1,77
21-005-015-892443,2024-08-03,0.4761,54.4,45.1,107
22-018-019-687038,2022-03-08,0.5625,19.9,42.0,1
22-018-019-687038,2022-04-07,0.4919,21.2,43.1,1
22-018-019-687038,2022-05-07,0.4697,22.6,44.1,1
22-018-019-687038,2022-06-06,0.4463,23.9,45.2,11
22-018-019-687038,2022-07-06,0.4574,25.3,46.2,41
22-002-005-605965,2024-01-18,0.5796,67.2,13.0,74
22-002-005-605965,2024-02-17,0.567,68.5,14.0,104
22-002-005-605965,2024-03-18,0.626,69.9,15.1,134
22-002-005-605965,2024-04-17,0.6383,71.2,16.1,164
22-002-005-605965,2024-05-17,0.6552,72.6,17.2,194
22-014-017-781394,2024-05-19,0.3797,68.0,57.7,1
22-014-017-781394,2024-06-18,0.3972,69.4,58.8,1
22-014-017-781394,2024-07-18,0.3942,70.7,59.8,1
22-014-017-781394,2024-08-17,0.3976,72.1,60.9,1
22-014-017-781394,2024-09-16,0.3729,73.4,61.9,4
27-037-015-156208,2020-10-14,0.1638,82.7,43.0,1
27-037-015-156208,2020-11-13,0.2545,84.0,44.1,31
27-037-015-156208,2020-12-13,0.3322,85.4,45.1,61
27-037-015-156208,2021-01-12,0.4513,86.8,46.2,91
27-037-015-156208,2021-02-11,0.5232,88.1,47.2,121
09-015-021-965587,2022-07-21,0.0948,58.1,63.7,1
09-015-021-965587,2022-08-20,0.1404,59.5,64.8,15
09-015-021-965587,2022-09-19,0.1516,60.8,65.8,45
09-015-021-965587,2022-10-19,0.2279,62.1,66.9,75
09-015-021-965587,2022-11-18,0.2274,63.5,67.9,105
22-018-007-427108,2023-04-26,0.7967,53.2,13.8,1
22-018-007-427108,2023-05-26,0.7397,54.6,14.8,1
22-018-007-427108,2023-06-25,0.7109,55.9,15.9,24
22-018-007-427108,2023-07-25,0.6257,57.2,16.9,54
22-018-007-427108,2023-08-24,0.5378,58.6,18.0,84
22-018-014-243421,2024-01-15,0.1161,87.0,27.1,1
22-018-014-243421,2024-02-14,0.1469,88.4,28.1,4
22-018-014-243421,2024-03-15,0.1571,89.7,29.2,34
22-018-014-243421,2024-04-14,0.149,91.1,30.2,64
22-018-014-243421,2024-05-14,0.2039,92.4,31.3,94
23-004-019-012227,2025-01-08,0.4994,54.4,55.4,1
23-004-019-012227,2025-02-07,0.4527,55.8,56.5,1
23-004-019-012227,2025-03-09,0.3915,57.1,57.5,1
23-004-019-012227,2025-04-08,0.3668,58.4,58.6,1
23-004-019-012227,2025-05-08,0.3579,59.8,59.6,22
36-011-016-832685,2020-10-19,0.01,77.1,35.0,159
36-011-016-832685,2020-11-18,0.0704,78.5,36.1,189
36-011-016-832685,2020-12-18,0.1241,79.8,37.1,219
36-011-016-832685,2021-01-17,0.1568,81.2,38.2,249
36-011-016-832685,2021-02-16,0.237,82.5,39.2,279
22-009-004-262101,2023-02-10,0.3661,81.8,15.5,1
22-009-004-262101,2023-03-12,0.3448,83.2,16.5,1
22-009-004-262101,2023-04-11,0.3025,84.5,17.6,1
22-009-004-262101,2023-05-11,0.2887,85.9,18.6,1
22-009-004-262101,2023-06-10,0.2524,87.2,19.7,9
27-013-010-520668,2024-09-16,0.096,32.9,51.7,1
27-013-010-520668,2024-10-16,0.1723,34.2,52.8,28
27-013-010-520668,2024-11-15,0.307,35.6,53.8,58
27-013-010-520668,2024-12-15,0.3842,36.9,54.9,88
27-013-010-520668,2025-01-14,0.4603,38.3,55.9,118
29-018-001-407034,2026-05-01,0.2752,58.4,3.7,46
29-018-001-407034,2026-05-31,0.2944,59.8,4.8,76
29-018-001-407034,2026-06-30,0.3044,61.1,5.8,106
29-018-001-407034,2026-07-30,0.3529,62.4,6.9,136
29-018-001-407034,2026-08-29,0.3643,63.8,7.9,166
27-025-006-340067,2023-07-16,0.4563,83.9,61.9,221
27-025-006-340067,2023-08-15,0.4484,85.2,62.9,251
27-025-006-340067,2023-09-14,0.5078,86.6,64.0,281
27-025-006-340067,2023-10-14,0.5097,88.0,65.0,311
27-025-006-340067,2023-11-13,0.5105,89.3,66.1,341
22-018-005-566774,2025-04-03,0.01,67.2,58.6,210
22-018-005-566774,2025-05-03,0.1359,68.5,59.6,240
22-018-005-566774,2025-06-02,0.2503,69.9,60.7,270
22-018-005-566774,2025-07-02,0.3742,71.2,61.8,300
22-018-005-566774,2025-08-01,0.4803,72.6,62.8,330
23-028-009-350448,2023-07-11,0.4399,69.6,31.5,1
23-028-009-350448,2023-08-10,0.4579,71.0,32.6,1
23-028-009-350448,2023-09-09,0.4261,72.3,33.6,1
23-028-009-350448,2023-10-09,0.4234,73.7,34.7,1
23-028-009-350448,2023-11-08,0.4,75.0,35.7,3
21-005-017-162591,2024-06-20,0.2372,66.8,29.9,1
21-005-017-162591,2024-07-20,0.2666,68.2,31.0,30
21-005-017-162591,2024-08-19,0.2478,69.5,32.0,60
21-005-017-162591,2024-09-18,0.2985,70.9,33.1,90
21-005-017-162591,2024-10-18,0.3576,72.2,34.1,120
36-027-012-002012,2022-07-18,0.1978,52.7,29.3,47
36-027-012-002012,2022-08-17,0.1976,54.1,30.4,77
36-027-012-002012,2022-09-16,0.263,55.4,31.4,107
36-027-012-002012,2022-10-16,0.2648,56.8,32.5,137
36-027-012-002012,2022-11-15,0.3245,58.1,33.5,167
27-013-023-243010,2023-08-09,0.9164,48.7,35.5,98
27-013-023-243010,2023-09-08,0.8466,50.1,36.6,128
27-013-023-243010,2023-10-08,0.8128,51.4,37.6,158
27-013-023-243010,2023-11-07,0.7178,52.8,38.7,188
27-013-023-243010,2023-12-07,0.6865,54.1,39.7,218
29-022-011-013199,2024-04-12,0.5567,31.5,20.2,115
29-022-011-013199,2024-05-12,0.5645,32.9,21.2,145
29-022-011-013199,2024-06-11,0.5678,34.2,22.3,175
29-022-011-013199,2024-07-11,0.5836,35.5,23.3,205
29-022-011-013199,2024-08-10,0.6334,36.9,24.4,235
29-009-013-663209,2021-06-19,0.3994,54.0,16.0,1
29-009-013-663209,2021-07-19,0.3603,55.4,17.0,1
29-009-013-663209,2021-08-18,0.3555,56.7,18.1,1
29-009-013-663209,2021-09-17,0.337,58.0,19.1,11
29-009-013-663209,2021-10-17,0.3619,59.4,20.2,41
33-031-001-407630,2021-11-20,0.01,0.0,8.8,1
33-031-001-407630,2021-12-20,0.0406,0.2,9.8,1
33-031-001-407630,2022-01-19,0.1635,1.5,10.9,1
33-031-001-407630,2022-02-18,0.3243,2.9,11.9,1
33-031-001-407630,2022-03-20,0.4433,4.2,13.0,26
33-045-014-160020,2023-06-02,0.3609,60.2,13.8,1
33-045-014-160020,2023-07-02,0.4446,61.5,14.8,28
33-045-014-160020,2023-08-01,0.4922,62.9,15.9,58
33-045-014-160020,2023-08-31,0.5259,64.2,16.9,88
33-045-014-160020,2023-09-30,0.5575,65.6,18.0,118
33-045-009-108717,2025-08-11,0.7993,46.7,24.0,1
33-045-009-108717,2025-09-10,0.7281,48.1,25.0,1
33-045-009-108717,2025-10-10,0.6593,49.4,26.1,1
33-045-009-108717,2025-11-09,0.5517,50.8,27.1,29
33-045-009-108717,2025-12-09,0.4629,52.1,28.2,59
22-014-009-741647,2025-07-19,0.1534,82.1,80.8,1
22-014-009-741647,2025-08-18,0.2404,83.5,81.8,1
22-014-009-741647,2025-09-17,0.2436,84.8,82.9,17
22-014-009-741647,2025-10-17,0.3502,86.2,84.0,47
22-014-009-741647,2025-11-16,0.3883,87.5,85.0,77
22-002-017-463019,2021-07-21,0.7602,41.4,34.8,4
22-002-017-463019,2021-08-20,0.729,42.8,35.9,34
22-002-017-463019,2021-09-19,0.6649,44.1,36.9,64
22-002-017-463019,2021-10-19,0.6584,45.4,38.0,94
22-002-017-463019,2021-11-18,0.6316,46.8,39.0,124
33-014-011-860752,2025-03-10,0.5437,45.0,60.0,1
33-014-011-860752,2025-04-09,0.5691,46.4,61.1,1
33-014-011-860752,2025-05-09,0.5325,47.7,62.1,2
33-014-011-860752,2025-06-08,0.5163,49.0,63.2,32
33-014-011-860752,2025-07-08,0.5234,50.4,64.2,62
33-023-007-616189,2024-10-28,0.0992,50.3,65.1,1
33-023-007-616189,2024-11-27,0.1505,51.7,66.1,1
33-023-007-616189,2024-12-27,0.2072,53.0,67.2,19
33-023-007-616189,2025-01-26,0.1936,54.4,68.2,49
33-023-007-616189,2025-02-25,0.3201,55.7,69.3,79
09-044-008-240799,2024-09-11,0.2322,54.8,27.4,1
09-044-008-240799,2024-10-11,0.2557,56.2,28.5,1
09-044-008-240799,2024-11-10,0.2492,57.5,29.5,1
09-044-008-240799,2024-12-10,0.268,58.9,30.6,14
09-044-008-240799,2025-01-09,0.2685,60.2,31.6,44
29-022-015-483322,2024-02-15,0.3248,84.3,35.7,1
29-022-015-483322,2024-03-16,0.3104,85.7,36.8,1
29-022-015-483322,2024-04-15,0.3241,87.0,37.8,14
29-022-015-483322,2024-05-15,0.2887,88.4,38.9,44
29-022-015-483322,2024-06-14,0.3528,89.7,39.9,74
22-009-014-008304,2023-09-25,0.8087,69.2,44.6,1
22-009-014-008304,2023-10-25,0.6972,70.5,45.6,1
22-009-014-008304,2023-11-24,0.6562,71.9,46.7,1
22-009-014-008304,2023-12-24,0.5793,73.2,47.8,16
22-009-014-008304,2024-01-23,0.479,74.6,48.8,46
33-023-013-164968,2020-10-01,0.5859,47.4,51.6,1
33-023-013-164968,2020-10-31,0.4876,48.8,52.6,14
33-023-013-164968,2020-11-30,0.4609,50.1,53.7,44
33-023-013-164968,2020-12-30,0.3698,51.4,54.8,74
33-023-013-164968,2021-01-29,0.3633,52.8,55.8,104
36-019-016-909493,2021-09-08,0.99,86.1,36.7,1
36-019-016-909493,2021-10-08,0.9605,87.5,37.8,17
36-019-016-909493,2021-11-07,0.8977,88.8,38.8,47
36-019-016-909493,2021-12-07,0.8124,90.2,39.9,77
36-019-016-909493,2022-01-06,0.6987,91.5,40.9,107
22-002-010-292044,2024-05-28,0.592,6.7,32.6,1
22-002-010-292044,2024-06-27,0.592,8.1,33.6,1
22-002-010-292044,2024-07-27,0.4725,9.4,34.7,1
22-002-010-292044,2024-08-26,0.4503,10.8,35.8,1
22-002-010-292044,2024-09-25,0.4225,12.1,36.8,13
09-031-009-999808,2022-08-30,0.4866,50.9,19.1,293
09-031-009-999808,2022-09-29,0.5011,52.2,20.1,323
09-031-009-999808,2022-10-29,0.4949,53.6,21.2,353
09-031-009-999808,2022-11-28,0.477,54.9,22.2,383
09-031-009-999808,2022-12-28,0.4238,56.3,23.3,413
09-002-004-284613,2023-05-17,0.1967,25.6,53.1,123
09-002-004-284613,2023-06-16,0.2418,26.9,54.1,153
09-002-004-284613,2023-07-16,0.305,28.3,55.2,183
09-002-004-284613,2023-08-15,0.3574,29.6,56.2,213
09-002-004-284613,2023-09-14,0.4584,31.0,57.3,243
27-037-013-390322,2021-02-12,0.99,40.0,56.4,1
27-037-013-390322,2021-03-14,0.9154,41.4,57.5,1
27-037-013-390322,2021-04-13,0.7555,42.7,58.5,1
27-037-013-390322,2021-05-13,0.6189,44.0,59.6,1
27-037-013-390322,2021-06-12,0.4939,45.4,60.6,7
33-023-012-198673,2025-04-25,0.757,57.2,81.9,20
33-023-012-198673,2025-05-25,0.6324,58.6,82.9,50
33-023-012-198673,2025-06-24,0.4964,59.9,84.0,80
33-023-012-198673,2025-07-24,0.3713,61.2,85.0,110
33-023-012-198673,2025-08-23,0.2125,62.6,86.1,140
29-022-018-747654,2021-08-12,0.3996,72.6,34.9,1
29-022-018-747654,2021-09-11,0.4213,74.0,36.0,1
29-022-018-747654,2021-10-11,0.3997,75.3,37.0,1
29-022-018-747654,2021-11-10,0.4028,76.7,38.1,1
29-022-018-747654,2021-12-10,0.3713,78.0,39.1,19
33-014-012-988183,2025-04-22,0.6295,21.6,17.9,1
33-014-012-988183,2025-05-22,0.6244,22.9,19.0,26
33-014-012-988183,2025-06-21,0.5364,24.3,20.0,56
33-014-012-988183,2025-07-21,0.4871,25.6,21.1,86
33-014-012-988183,2025-08-20,0.458,27.0,22.1,116
09-031-010-551779,2021-05-22,0.421,22.1,47.2,1
09-031-010-551779,2021-06-21,0.3767,23.4,48.2,24
09-031-010-551779,2021-07-21,0.3878,24.8,49.3,54
09-031-010-551779,2021-08-20,0.3493,26.1,50.4,84
09-031-010-551779,2021-09-19,0.3421,27.5,51.4,114
36-011-021-472394,2023-09-11,0.3785,58.7,24.8,1
36-011-021-472394,2023-10-11,0.4085,60.0,25.9,1
36-011-021-472394,2023-11-10,0.4681,61.4,26.9,6
36-011-021-472394,2023-12-10,0.4981,62.7,27.9,36
36-011-021-472394,2024-01-09,0.5479,64.1,29.0,66
23-028-021-892002,2024-03-10,0.6435,18.4,43.8,107
23-028-021-892002,2024-04-09,0.5825,19.8,44.9,137
23-028-021-892002,2024-05-09,0.5598,21.1,45.9,167
23-028-021-892002,2024-06-08,0.5158,22.4,47.0,197
23-028-021-892002,2024-07-08,0.4558,23.8,48.0,227
23-033-016-644629,2023-02-04,0.7746,59.1,27.6,64
23-033-016-644629,2023-03-06,0.7308,60.5,28.6,94
23-033-016-644629,2023-04-05,0.5916,61.8,29.7,124
23-033-016-644629,2023-05-05,0.5604,63.1,30.8,154
23-033-016-644629,2023-06-04,0.4486,64.5,31.8,184
23-004-012-503573,2022-10-30,0.4296,54.8,72.8,1
23-004-012-503573,2022-11-29,0.3602,56.2,73.8,1
23-004-012-503573,2022-12-29,0.388,57.5,74.9,27
23-004-012-503573,2023-01-28,0.398,58.9,76.0,57
23-004-012-503573,2023-02-27,0.3757,60.2,77.0,87
36-011-018-687163,2022-07-26,0.8436,34.9,74.9,1
36-011-018-687163,2022-08-25,0.7592,36.2,75.9,1
36-011-018-687163,2022-09-24,0.6438,37.6,77.0,9
36-011-018-687163,2022-10-24,0.5407,38.9,78.0,39
36-011-018-687163,2022-11-23,0.4731,40.3,79.1,69
29-009-013-979296,2021-04-23,0.293,51.1,23.7,54
29-009-013-979296,2021-05-23,0.2815,52.5,24.8,84
29-009-013-979296,2021-06-22,0.3469,53.8,25.8,114
29-009-013-979296,2021-07-22,0.3237,55.1,26.8,144
29-009-013-979296,2021-08-21,0.357,56.5,27.9,174
22-002-022-310918,2021-08-25,0.0297,55.8,23.4,1
22-002-022-310918,2021-09-24,0.1141,57.2,24.5,1
22-002-022-310918,2021-10-24,0.2376,58.5,25.5,1
22-002-022-310918,2021-11-23,0.4027,59.9,26.6,24
22-002-022-310918,2021-12-23,0.4804,61.2,27.6,54
23-016-021-366099,2021-11-08,0.2479,53.7,5.5,1
23-016-021-366099,2021-12-08,0.2785,55.1,6.5,1
23-016-021-366099,2022-01-07,0.2565,56.4,7.6,11
23-016-021-366099,2022-02-06,0.2374,57.8,8.6,41
23-016-021-366099,2022-03-08,0.2524,59.1,9.7,71
33-023-020-563851,2024-01-06,0.122,75.8,28.0,63
33-023-020-563851,2024-02-05,0.1314,77.2,29.1,93
33-023-020-563851,2024-03-06,0.1656,78.5,30.1,123
33-023-020-563851,2024-04-05,0.2335,79.9,31.2,153
33-023-020-563851,2024-05-05,0.303,81.2,32.2,183
27-037-006-607466,2024-11-21,0.4441,42.2,39.8,174
27-037-006-607466,2024-12-21,0.4406,43.6,40.9,204
27-037-006-607466,2025-01-20,0.5131,44.9,41.9,234
27-037-006-607466,2025-02-19,0.5473,46.2,43.0,264
27-037-006-607466,2025-03-21,0.5257,47.6,44.0,294
23-028-018-084890,2023-06-29,0.5066,33.2,25.4,1
23-028-018-084890,2023-07-29,0.4945,34.6,26.5,1
23-028-018-084890,2023-08-28,0.5184,35.9,27.5,1
23-028-018-084890,2023-09-27,0.5336,37.2,28.6,1
23-028-018-084890,2023-10-27,0.5135,38.6,29.6,19
29-022-006-882933,2024-05-12,0.3301,68.4,24.3,182
29-022-006-882933,2024-06-11,0.3688,69.8,25.4,212
29-022-006-882933,2024-07-11,0.424,71.1,26.4,242
29-022-006-882933,2024-08-10,0.4552,72.5,27.4,272
29-022-006-882933,2024-09-09,0.5297,73.8,28.5,302
36-003-024-033546,2023-04-21,0.8077,10.0,0.0,1
36-003-024-033546,2023-05-21,0.8055,11.4,0.2,1
36-003-024-033546,2023-06-20,0.7823,12.7,1.3,14
36-003-024-033546,2023-07-20,0.7356,14.1,2.3,44
36-003-024-033546,2023-08-19,0.6912,15.4,3.4,74
23-004-005-460454,2024-05-24,0.862,32.2,0.7,11
23-004-005-460454,2024-06-23,0.8396,33.6,1.8,41
23-004-005-460454,2024-07-23,0.7317,34.9,2.8,71
23-004-005-460454,2024-08-22,0.7274,36.2,3.9,101
23-004-005-460454,2024-09-21,0.6403,37.6,4.9,131
27-001-004-922750,2023-05-25,0.053,44.3,36.8,120
27-001-004-922750,2023-06-24,0.0995,45.7,37.9,150
27-001-004-922750,2023-07-24,0.1626,47.0,38.9,180
27-001-004-922750,2023-08-23,0.2012,48.4,40.0,210
27-001-004-922750,2023-09-22,0.2498,49.7,41.0,240
22-009-020-067439,2024-06-02,0.1001,34.5,78.4,203
22-009-020-067439,2024-07-02,0.1899,35.9,79.4,233
22-009-020-067439,2024-08-01,0.2581,37.2,80.5,263
22-009-020-067439,2024-08-31,0.3776,38.5,81.5,293
22-009-020-067439,2024-09-30,0.509,39.9,82.6,323
22-018-001-716122,2024-06-08,0.1469,81.5,36.9,4
22-018-001-716122,2024-07-08,0.1139,82.9,38.0,34
22-018-001-716122,2024-08-07,0.1384,84.2,39.0,64
22-018-001-716122,2024-09-06,0.1942,85.6,40.1,94
22-018-001-716122,2024-10-06,0.1909,86.9,41.1,124
36-003-023-854605,2023-03-08,0.4941,25.2,74.0,71
36-003-023-854605,2023-04-07,0.4582,26.6,75.0,101
36-003-023-854605,2023-05-07,0.4028,27.9,76.1,131
36-003-023-854605,2023-06-06,0.3816,29.2,77.2,161
36-003-023-854605,2023-07-06,0.3123,30.6,78.2,191
22-018-002-476787,2024-01-16,0.6621,42.9,85.4,1
22-018-002-476787,2024-02-15,0.5996,44.2,86.4,1
22-018-002-476787,2024-03-16,0.5474,45.6,87.5,1
22-018-002-476787,2024-04-15,0.4899,46.9,88.5,3
22-018-002-476787,2024-05-15,0.4289,48.3,89.6,33
36-019-008-500438,2023-07-03,0.3523,26.5,12.3,1
36-019-008-500438,2023-08-02,0.3901,27.8,13.3,1
36-019-008-500438,2023-09-01,0.4066,29.2,14.4,1
36-019-008-500438,2023-10-01,0.4788,30.5,15.4,16
36-019-008-500438,2023-10-31,0.5296,31.9,16.5,46
36-019-011-175224,2022-04-13,0.2443,39.0,29.0,1
36-019-011-175224,2022-05-13,0.2339,40.4,30.1,4
36-019-011-175224,2022-06-12,0.2761,41.7,31.1,34
36-019-011-175224,2022-07-12,0.2692,43.0,32.2,64
36-019-011-175224,2022-08-11,0.2769,44.4,33.2,94
21-012-011-176514,2022-01-25,0.6655,56.0,38.6,88
21-012-011-176514,2022-02-24,0.5868,57.4,39.6,118
21-012-011-176514,2022-03-26,0.4965,58.7,40.7,148
21-012-011-176514,2022-04-25,0.4674,60.0,41.8,178
21-012-011-176514,2022-05-25,0.3488,61.4,42.8,208
09-015-003-087671,2023-12-28,0.99,25.5,78.1,1
09-015-003-087671,2024-01-27,0.99,26.8,79.1,1
09-015-003-087671,2024-02-26,0.9231,28.2,80.2,1
09-015-003-087671,2024-03-27,0.8356,29.5,81.2,21
09-015-003-087671,2024-04-26,0.6442,30.9,82.3,51
27-037-018-096087,2023-07-02,0.4401,76.6,58.2,1
27-037-018-096087,2023-08-01,0.4347,78.0,59.2,1
27-037-018-096087,2023-08-31,0.445,79.3,60.3,1
27-037-018-096087,2023-09-30,0.4525,80.7,61.4,1
27-037-018-096087,2023-10-30,0.4453,82.0,62.4,14
23-028-014-466935,2021-08-15,0.1588,18.9,31.4,1
23-028-014-466935,2021-09-14,0.2229,20.2,32.5,1
23-028-014-466935,2021-10-14,0.2954,21.6,33.5,1
23-028-014-466935,2021-11-13,0.3563,22.9,34.6,7
23-028-014-466935,2021-12-13,0.4212,24.3,35.6,37
22-009-011-853396,2023-01-12,0.1976,2.6,40.8,1
22-009-011-853396,2023-02-11,0.2431,4.0,41.9,1
22-009-011-853396,2023-03-13,0.3506,5.3,42.9,9
22-009-011-853396,2023-04-12,0.3791,6.7,44.0,39
22-009-011-853396,2023-05-12,0.519,8.0,45.0,69
21-019-002-291996,2020-11-23,0.4589,60.8,71.5,1
21-019-002-291996,2020-12-23,0.375,62.2,72.5,1
21-019-002-291996,2021-01-22,0.3165,63.5,73.6,15
21-019-002-291996,2021-02-21,0.2264,64.9,74.7,45
21-019-002-291996,2021-03-23,0.1642,66.2,75.7,75
22-002-023-768360,2022-03-03,0.3117,0.4,27.8,1
22-002-023-768360,2022-04-02,0.3816,1.8,28.9,1
22-002-023-768360,2022-05-02,0.4378,3.1,29.9,1
22-002-023-768360,2022-06-01,0.4734,4.5,30.9,1
22-002-023-768360,2022-07-01,0.5272,5.8,32.0,29
22-018-001-023764,2022-02-20,0.6363,52.9,6.2,1
22-018-001-023764,2022-03-22,0.5696,54.2,7.2,1
22-018-001-023764,2022-04-21,0.4899,55.6,8.3,1
22-018-001-023764,2022-05-21,0.391,56.9,9.3,1
22-018-001-023764,2022-06-20,0.3433,58.3,10.4,25
29-022-004-891765,2024-12-09,0.0362,35.9,47.9,1
29-022-004-891765,2025-01-08,0.1341,37.2,49.0,1
29-022-004-891765,2025-02-07,0.201,38.6,50.0,2
29-022-004-891765,2025-03-09,0.3261,39.9,51.1,32
29-022-004-891765,2025-04-08,0.4048,41.3,52.1,62
21-012-021-517164,2022-11-07,0.8847,28.4,14.4,1
21-012-021-517164,2022-12-07,0.7607,29.7,15.5,1
21-012-021-517164,2023-01-06,0.7011,31.1,16.5,1
21-012-021-517164,2023-02-05,0.6527,32.4,17.6,19
21-012-021-517164,2023-03-07,0.5644,33.8,18.6,49
33-045-005-983657,2023-04-06,0.01,71.5,29.8,1
33-045-005-983657,2023-05-06,0.01,72.9,30.9,1
33-045-005-983657,2023-06-05,0.0647,74.2,31.9,1
33-045-005-983657,2023-07-05,0.1911,75.6,33.0,1
33-045-005-983657,2023-08-04,0.3742,76.9,34.0,30
09-015-009-345447,2024-08-01,0.8098,5.3,39.9,52
09-015-009-345447,2024-08-31,0.7987,6.6,41.0,82
09-015-009-345447,2024-09-30,0.7437,8.0,42.0,112
09-015-009-345447,2024-10-30,0.7346,9.3,43.1,142
09-015-009-345447,2024-11-29,0.7452,10.7,44.1,172
33-023-021-091857,2021-05-09,0.3377,42.9,40.4,1
33-023-021-091857,2021-06-08,0.3304,44.2,41.5,4
33-023-021-091857,2021-07-08,0.3654,45.6,42.5,34
33-023-021-091857,2021-08-07,0.3087,46.9,43.6,64
33-023-021-091857,2021-09-06,0.2706,48.3,44.6,94
27-001-009-050185,2023-04-23,0.5216,65.1,2.1,1
27-001-009-050185,2023-05-23,0.5673,66.5,3.1,1
27-001-009-050185,2023-06-22,0.5175,67.8,4.2,1
27-001-009-050185,2023-07-22,0.4764,69.2,5.2,1
27-001-009-050185,2023-08-21,0.4502,70.5,6.3,18
21-005-012-977271,2022-05-03,0.4723,46.2,57.3,1
21-005-012-977271,2022-06-02,0.4077,47.6,58.4,1
21-005-012-977271,2022-07-02,0.4083,48.9,59.4,1
21-005-012-977271,2022-08-01,0.3634,50.2,60.5,13
21-005-012-977271,2022-08-31,0.3496,51.6,61.5,43
23-004-017-758244,2025-09-24,0.5209,32.4,46.6,1
23-004-017-758244,2025-10-24,0.4635,33.8,47.6,10
23-004-017-758244,2025-11-23,0.4268,35.1,48.7,40
23-004-017-758244,2025-12-23,0.3879,36.4,49.8,70
23-004-017-758244,2026-01-22,0.3479,37.8,50.8,100
21-012-012-264754,2022-03-25,0.01,75.5,28.3,1
21-012-012-264754,2022-04-24,0.1172,76.9,29.4,15
21-012-012-264754,2022-05-24,0.2248,78.2,30.4,45
21-012-012-264754,2022-06-23,0.3381,79.6,31.4,75
21-012-012-264754,2022-07-23,0.4628,80.9,32.5,105
29-009-002-673400,2025-02-23,0.99,40.2,47.1,1
29-009-002-673400,2025-03-25,0.99,41.6,48.1,25
29-009-002-673400,2025-04-24,0.9747,42.9,49.2,55
29-009-002-673400,2025-05-24,0.761,44.2,50.2,85
29-009-002-673400,2025-06-23,0.6709,45.6,51.3,115
36-011-020-606190,2024-07-30,0.7023,9.5,26.4,1
36-011-020-606190,2024-08-29,0.6387,10.9,27.5,1
36-011-020-606190,2024-09-28,0.6152,12.2,28.5,1
36-011-020-606190,2024-10-28,0.4792,13.6,29.6,1
36-011-020-606190,2024-11-27,0.4425,14.9,30.6,3
36-011-001-148953,2021-05-31,0.7747,69.3,19.7,1
36-011-001-148953,2021-06-30,0.7322,70.7,20.8,1
36-011-001-148953,2021-07-30,0.6654,72.0,21.8,1
36-011-001-148953,2021-08-29,0.5843,73.4,22.8,5
36-011-001-148953,2021-09-28,0.5009,74.7,23.9,35
36-003-009-708559,2026-03-30,0.3858,72.0,31.9,1
36-003-009-708559,2026-04-29,0.3816,73.4,33.0,1
36-003-009-708559,2026-05-29,0.4424,74.7,34.0,1
36-003-009-708559,2026-06-28,0.4807,76.1,35.1,1
36-003-009-708559,2026-07-28,0.4761,77.4,36.1,30
23-004-018-841296,2025-12-28,0.463,53.0,16.2,33
23-004-018-841296,2026-01-27,0.4657,54.4,17.2,63
23-004-018-841296,2026-02-26,0.4494,55.7,18.3,93
23-004-018-841296,2026-03-28,0.3467,57.0,19.3,123
23-004-018-841296,2026-04-27,0.381,58.4,20.4,153
27-037-019-721758,2021-05-18,0.2329,35.7,23.3,1
27-037-019-721758,2021-06-17,0.2832,37.1,24.4,1
27-037-019-721758,2021-07-17,0.3432,38.4,25.4,16
27-037-019-721758,2021-08-16,0.4294,39.8,26.4,46
27-037-019-721758,2021-09-15,0.4695,41.1,27.5,76
36-011-020-139805,2024-09-02,0.6918,3.8,17.7,1
36-011-020-139805,2024-10-02,0.7198,5.1,18.8,1
36-011-020-139805,2024-11-01,0.754,6.5,19.8,1
36-011-020-139805,2024-12-01,0.7365,7.8,20.8,30
36-011-020-139805,2024-12-31,0.7626,9.2,21.9,60
29-007-013-109732,2025-10-19,0.7732,29.0,7.3,131
29-007-013-109732,2025-11-18,0.696,30.3,8.3,161
29-007-013-109732,2025-12-18,0.6547,31.7,9.4,191
29-007-013-109732,2026-01-17,0.5677,33.0,10.4,221
29-007-013-109732,2026-02-16,0.4457,34.4,11.5,251
21-005-009-621265,2024-03-20,0.3999,44.8,31.2,1
21-005-009-621265,2024-04-19,0.3637,46.2,32.2,29
21-005-009-621265,2024-05-19,0.3774,47.5,33.3,59
21-005-009-621265,2024-06-18,0.3462,48.9,34.4,89
21-005-009-621265,2024-07-18,0.3466,50.2,35.4,119
29-009-010-380524,2023-06-01,0.4784,44.3,61.4,90
29-009-010-380524,2023-07-01,0.466,45.7,62.4,120
29-009-010-380524,2023-07-31,0.4944,47.0,63.5,150
29-009-010-380524,2023-08-30,0.564,48.4,64.5,180
29-009-010-380524,2023-09-29,0.5278,49.7,65.6,210
27-001-013-521331,2026-07-16,0.4946,41.6,24.2,1
27-001-013-521331,2026-08-15,0.5197,43.0,25.2,1
27-001-013-521331,2026-09-14,0.5504,44.3,26.3,1
27-001-013-521331,2026-10-14,0.5908,45.6,27.3,23
27-001-013-521331,2026-11-13,0.6028,47.0,28.4,53
22-014-006-813946,2021-11-02,0.3832,17.3,81.7,1
22-014-006-813946,2021-12-02,0.4357,18.6,82.8,1
22-014-006-813946,2022-01-01,0.4736,20.0,83.8,1
22-014-006-813946,2022-01-31,0.5845,21.3,84.9,8
22-014-006-813946,2022-03-02,0.5695,22.7,85.9,38
33-045-012-872493,2022-09-07,0.3365,56.6,34.4,1
33-045-012-872493,2022-10-07,0.3506,58.0,35.5,1
33-045-012-872493,2022-11-06,0.3531,59.3,36.5,13
33-045-012-872493,2022-12-06,0.4249,60.6,37.6,43
33-045-012-872493,2023-01-05,0.5023,62.0,38.6,73
22-002-001-831933,2026-07-06,0.8786,81.0,34.3,1
22-002-001-831933,2026-08-05,0.7914,82.4,35.4,1
22-002-001-831933,2026-09-04,0.6922,83.7,36.4,1
22-002-001-831933,2026-10-04,0.6101,85.1,37.5,27
22-002-001-831933,2026-11-03,0.4848,86.4,38.5,57
27-001-021-201524,2021-08-25,0.377,36.1,31.6,1
27-001-021-201524,2021-09-24,0.4732,37.5,32.6,1
27-001-021-201524,2021-10-24,0.4833,38.8,33.7,1
27-001-021-201524,2021-11-23,0.5493,40.1,34.8,11
27-001-021-201524,2021-12-23,0.564,41.5,35.8,41
29-007-015-623697,2022-02-06,0.6621,39.9,66.4,1
29-007-015-623697,2022-03-08,0.5888,41.2,67.4,25
29-007-015-623697,2022-04-07,0.5026,42.6,68.5,55
29-007-015-623697,2022-05-07,0.4819,43.9,69.5,85
29-007-015-623697,2022-06-06,0.4217,45.3,70.6,115
27-001-013-406899,2024-04-04,0.8973,7.0,12.9,67
27-001-013-406899,2024-05-04,0.8598,8.4,14.0,97
27-001-013-406899,2024-06-03,0.7885,9.7,15.0,127
27-001-013-406899,2024-07-03,0.7288,11.1,16.1,157
27-001-013-406899,2024-08-02,0.6226,12.4,17.1,187
27-013-008-442347,2021-05-04,0.5484,61.6,30.4,1
27-013-008-442347,2021-06-03,0.5472,63.0,31.5,1
27-013-008-442347,2021-07-03,0.5272,64.3,32.5,4
27-013-008-442347,2021-08-02,0.571,65.7,33.6,34
27-013-008-442347,2021-09-01,0.5471,67.0,34.6,64
27-025-010-633548,2025-07-01,0.99,40.7,8.4,1
27-025-010-633548,2025-07-31,0.99,42.1,9.4,1
27-025-010-633548,2025-08-30,0.9434,43.4,10.5,7
27-025-010-633548,2025-09-29,0.7973,44.8,11.5,37
27-025-010-633548,2025-10-29,0.6664,46.1,12.6,67
27-025-014-520805,2024-06-15,0.1693,61.4,48.7,1
27-025-014-520805,2024-07-15,0.1955,62.8,49.8,1
27-025-014-520805,2024-08-14,0.2239,64.1,50.8,1
27-025-014-520805,2024-09-13,0.2119,65.5,51.9,6
27-025-014-520805,2024-10-13,0.2785,66.8,52.9,36
36-019-012-035966,2024-11-07,0.5204,15.1,47.8,1
36-019-012-035966,2024-12-07,0.5206,16.4,48.9,1
36-019-012-035966,2025-01-06,0.6004,17.8,49.9,1
36-019-012-035966,2025-02-05,0.6699,19.1,51.0,1
36-019-012-035966,2025-03-07,0.7002,20.5,52.0,26
27-037-018-505922,2024-05-09,0.4696,54.1,19.9,66
27-037-018-505922,2024-06-08,0.4306,55.5,21.0,96
27-037-018-505922,2024-07-08,0.3859,56.8,22.0,126
27-037-018-505922,2024-08-07,0.3778,58.1,23.1,156
27-037-018-505922,2024-09-06,0.3377,59.5,24.1,186
36-011-005-032698,2022-03-04,0.99,21.7,26.4,1
36-011-005-032698,2022-04-03,0.99,23.1,27.5,1
36-011-005-032698,2022-05-03,0.9428,24.4,28.5,1
36-011-005-032698,2022-06-02,0.8225,25.8,29.6,12
36-011-005-032698,2022-07-02,0.6835,27.1,30.6,42
27-037-019-331655,2023-06-25,0.9357,92.1,5.8,1
27-037-019-331655,2023-07-25,0.8045,93.5,6.8,1
27-037-019-331655,2023-08-24,0.6778,94.8,7.9,1
27-037-019-331655,2023-09-23,0.5175,96.2,8.9,16
27-037-019-331655,2023-10-23,0.3904,97.5,10.0,46
09-031-007-727656,2023-05-26,0.3463,45.8,10.9,1
09-031-007-727656,2023-06-25,0.3857,47.2,11.9,1
09-031-007-727656,2023-07-25,0.4058,48.5,13.0,1
09-031-007-727656,2023-08-24,0.4295,49.9,14.0,28
09-031-007-727656,2023-09-23,0.4624,51.2,15.1,58
09-031-006-321237,2025-06-18,0.7131,65.3,26.9,1
09-031-006-321237,2025-07-18,0.6975,66.7,28.0,1
09-031-006-321237,2025-08-17,0.5966,68.0,29.0,1
09-031-006-321237,2025-09-16,0.5424,69.4,30.1,1
09-031-006-321237,2025-10-16,0.5105,70.7,31.1,10
23-028-006-428938,2021-11-19,0.5823,66.4,34.3,1
23-028-006-428938,2021-12-19,0.5722,67.8,35.4,1
23-028-006-428938,2022-01-18,0.5381,69.1,36.4,1
23-028-006-428938,2022-02-17,0.475,70.5,37.5,9
23-028-006-428938,2022-03-19,0.488,71.8,38.5,39
27-001-002-033233,2021-02-28,0.2845,84.1,60.3,105
27-001-002-033233,2021-03-30,0.2781,85.5,61.4,135
27-001-002-033233,2021-04-29,0.3668,86.8,62.4,165
27-001-002-033233,2021-05-29,0.3877,88.2,63.5,195
27-001-002-033233,2021-06-28,0.4475,89.5,64.5,225
22-018-021-691048,2023-01-19,0.8969,54.8,12.2,1
22-018-021-691048,2023-02-18,0.824,56.2,13.2,1
22-018-021-691048,2023-03-20,0.7123,57.5,14.3,1
22-018-021-691048,2023-04-19,0.6128,58.9,15.3,1
22-018-021-691048,2023-05-19,0.4897,60.2,16.4,4
33-031-013-524134,2025-04-05,0.4477,23.6,8.5,1
33-031-013-524134,2025-05-05,0.4523,24.9,9.5,1
33-031-013-524134,2025-06-04,0.4671,26.3,10.6,1
33-031-013-524134,2025-07-04,0.484,27.6,11.6,26
33-031-013-524134,2025-08-03,0.5131,29.0,12.7,56
22-014-007-664694,2024-10-15,0.6694,18.6,20.3,10
22-014-007-664694,2024-11-14,0.7196,19.9,21.4,40
22-014-007-664694,2024-12-14,0.7062,21.3,22.4,70
22-014-007-664694,2025-01-13,0.7621,22.6,23.4,100
22-014-007-664694,2025-02-12,0.7875,24.0,24.5,130
21-019-002-659698,2025-11-26,0.246,53.8,54.7,164
21-019-002-659698,2025-12-26,0.28,55.2,55.8,194
21-019-002-659698,2026-01-25,0.4018,56.5,56.8,224
21-019-002-659698,2026-02-24,0.4814,57.9,57.9,254
21-019-002-659698,2026-03-26,0.5389,59.2,58.9,284
33-014-017-126907,2022-08-10,0.7967,25.2,27.9,1
33-014-017-126907,2022-09-09,0.759,26.6,29.0,1
33-014-017-126907,2022-10-09,0.7565,27.9,30.0,1
33-014-017-126907,2022-11-08,0.7075,29.2,31.1,1
33-014-017-126907,2022-12-08,0.6615,30.6,32.1,15
27-001-023-324558,2025-01-19,0.4332,53.8,21.0,242
27-001-023-324558,2025-02-18,0.4587,55.2,22.0,272
27-001-023-324558,2025-03-20,0.4711,56.5,23.1,302
27-001-023-324558,2025-04-19,0.4644,57.9,24.1,332
27-001-023-324558,2025-05-19,0.4795,59.2,25.2,362
22-009-018-967292,2024-07-17,0.2354,81.2,49.7,99
22-009-018-967292,2024-08-16,0.2604,82.5,50.8,129
22-009-018-967292,2024-09-15,0.3348,83.9,51.8,159
22-009-018-967292,2024-10-15,0.3301,85.2,52.9,189
22-009-018-967292,2024-11-14,0.4259,86.6,53.9,219
29-022-004-754634,2022-06-24,0.5303,68.4,39.0,1
29-022-004-754634,2022-07-24,0.5085,69.8,40.1,6
29-022-004-754634,2022-08-23,0.5178,71.1,41.1,36
29-022-004-754634,2022-09-22,0.485,72.5,42.2,66
29-022-004-754634,2022-10-22,0.4836,73.8,43.2,96
21-012-017-308238,2025-02-26,0.607,28.8,27.3,1
21-012-017-308238,2025-03-28,0.5992,30.2,28.4,1
21-012-017-308238,2025-04-27,0.5668,31.5,29.4,1
21-012-017-308238,2025-05-27,0.5484,32.9,30.4,1
21-012-017-308238,2025-06-26,0.5404,34.2,31.5,6
21-026-008-513213,2020-09-25,0.1479,53.6,24.7,156
21-026-008-513213,2020-10-25,0.1859,55.0,25.8,186
21-026-008-513213,2020-11-24,0.2452,56.3,26.8,216
21-026-008-513213,2020-12-24,0.3137,57.6,27.8,246
21-026-008-513213,2021-01-23,0.3419,59.0,28.9,276
09-015-015-720181,2022-06-04,0.1142,37.6,83.5,1
09-015-015-720181,2022-07-04,0.17,39.0,84.5,1
09-015-015-720181,2022-08-03,0.2205,40.3,85.6,7
09-015-015-720181,2022-09-02,0.2688,41.6,86.7,37
09-015-015-720181,2022-10-02,0.3059,43.0,87.7,67
22-002-016-810586,2023-06-01,0.0484,84.8,34.5,1
22-002-016-810586,2023-07-01,0.0804,86.2,35.6,1
22-002-016-810586,2023-07-31,0.1258,87.5,36.6,1
22-002-016-810586,2023-08-30,0.1367,88.9,37.7,1
22-002-016-810586,2023-09-29,0.1667,90.2,38.7,10
36-027-006-464235,2024-06-16,0.4939,60.2,56.7,1
36-027-006-464235,2024-07-16,0.4009,61.5,57.8,20
36-027-006-464235,2024-08-15,0.3298,62.9,58.8,50
36-027-006-464235,2024-09-14,0.2643,64.2,59.9,80
36-027-006-464235,2024-10-14,0.1701,65.6,60.9,110
22-014-014-138282,2021-07-15,0.01,31.3,45.3,1
22-014-014-138282,2021-08-14,0.01,32.7,46.4,1
22-014-014-138282,2021-09-13,0.0511,34.0,47.4,1
22-014-014-138282,2021-10-13,0.2434,35.4,48.5,1
22-014-014-138282,2021-11-12,0.4407,36.7,49.5,9
33-045-007-769939,2022-03-26,0.6028,39.2,30.8,1
33-045-007-769939,2022-04-25,0.6623,40.6,31.9,7
33-045-007-769939,2022-05-25,0.6405,41.9,32.9,37
33-045-007-769939,2022-06-24,0.62,43.2,34.0,67
33-045-007-769939,2022-07-24,0.623,44.6,35.0,97
36-011-002-639503,2023-11-26,0.01,81.3,4.9,1
36-011-002-639503,2023-12-26,0.0305,82.7,5.9,2
36-011-002-639503,2024-01-25,0.1317,84.0,7.0,32
36-011-002-639503,2024-02-24,0.1805,85.4,8.0,62
36-011-002-639503,2024-03-25,0.2952,86.7,9.1,92
27-037-004-566073,2022-02-25,0.1586,42.1,51.2,41
27-037-004-566073,2022-03-27,0.1915,43.5,52.2,71
27-037-004-566073,2022-04-26,0.1775,44.8,53.3,101
27-037-004-566073,2022-05-26,0.2288,46.1,54.4,131
27-037-004-566073,2022-06-25,0.2347,47.5,55.4,161
29-018-007-197634,2023-11-22,0.99,73.9,28.6,145
29-018-007-197634,2023-12-22,0.8969,75.2,29.6,175
29-018-007-197634,2024-01-21,0.8425,76.6,30.7,205
29-018-007-197634,2024-02-20,0.7671,78.0,31.7,235
29-018-007-197634,2024-03-21,0.6917,79.3,32.8,265
29-018-016-141916,2025-07-19,0.577,51.6,27.2,1
29-018-016-141916,2025-08-18,0.6055,53.0,28.2,1
29-018-016-141916,2025-09-17,0.5488,54.3,29.3,1
29-018-016-141916,2025-10-17,0.5634,55.6,30.3,1
29-018-016-141916,2025-11-16,0.4937,57.0,31.4,10
09-015-019-290559,2026-02-14,0.4828,30.2,71.1,35
09-015-019-290559,2026-03-16,0.4786,31.6,72.1,65
09-015-019-290559,2026-04-15,0.5018,32.9,73.2,95
09-015-019-290559,2026-05-15,0.5087,34.2,74.2,125
09-015-019-290559,2026-06-14,0.5424,35.6,75.3,155
33-014-009-322546,2024-05-10,0.8912,53.3,13.9,1
33-014-009-322546,2024-06-09,0.8014,54.7,15.0,1
33-014-009-322546,2024-07-09,0.7771,56.0,16.0,1
33-014-009-322546,2024-08-08,0.6555,57.4,17.1,1
33-014-009-322546,2024-09-07,0.5879,58.7,18.1,14
27-013-011-919993,2022-08-07,0.6052,48.7,13.2,61
27-013-011-919993,2022-09-06,0.541,50.1,14.2,91
27-013-011-919993,2022-10-06,0.5419,51.4,15.3,121
27-013-011-919993,2022-11-05,0.4811,52.8,16.3,151
27-013-011-919993,2022-12-05,0.4211,54.1,17.4,181
22-002-006-583299,2021-08-12,0.1506,8.5,45.2,120
22-002-006-583299,2021-09-11,0.2078,9.9,46.2,150
22-002-006-583299,2021-10-11,0.318,11.2,47.3,180
22-002-006-583299,2021-11-10,0.3971,12.6,48.4,210
22-002-006-583299,2021-12-10,0.4859,13.9,49.4,240
27-001-017-880105,2022-06-20,0.7967,14.6,26.4,1
27-001-017-880105,2022-07-20,0.7316,15.9,27.5,1
27-001-017-880105,2022-08-19,0.62,17.3,28.5,1
27-001-017-880105,2022-09-18,0.5708,18.6,29.6,1
27-001-017-880105,2022-10-18,0.4569,20.0,30.6,26
27-001-003-822573,2022-12-04,0.2329,50.1,80.3,1
27-001-003-822573,2023-01-03,0.2357,51.5,81.3,1
27-001-003-822573,2023-02-02,0.2689,52.8,82.4,1
27-001-003-822573,2023-03-04,0.2548,54.1,83.5,1
27-001-003-822573,2023-04-03,0.2882,55.5,84.5,11
33-023-016-503673,2024-01-09,0.4278,40.8,33.5,1
33-023-016-503673,2024-02-08,0.4596,42.2,34.6,1
33-023-016-503673,2024-03-09,0.4296,43.5,35.6,26
33-023-016-503673,2024-04-08,0.3967,44.9,36.7,56
33-023-016-503673,2024-05-08,0.3909,46.2,37.7,86
29-009-015-901494,2021-02-22,0.6191,74.7,5.9,1
29-009-015-901494,2021-03-24,0.5143,76.0,6.9,1
29-009-015-901494,2021-04-23,0.4862,77.4,8.0,1
29-009-015-901494,2021-05-23,0.4211,78.8,9.0,19
29-009-015-901494,2021-06-22,0.3807,80.1,10.1,49
23-016-023-315833,2024-12-24,0.1801,41.6,38.0,237
23-016-023-315833,2025-01-23,0.2508,43.0,39.1,267
23-016-023-315833,2025-02-22,0.355,44.3,40.1,297
23-016-023-315833,2025-03-24,0.4047,45.6,41.2,327
23-016-023-315833,2025-04-23,0.4742,47.0,42.2,357
33-023-018-457297,2022-05-26,0.01,66.9,60.1,77
33-023-018-457297,2022-06-25,0.01,68.2,61.1,107
33-023-018-457297,2022-07-25,0.01,69.6,62.2,137
33-023-018-457297,2022-08-24,0.0617,71.0,63.2,167
33-023-018-457297,2022-09-23,0.207,72.3,64.3,197
09-015-018-040011,2022-12-03,0.7074,74.6,27.5,1
09-015-018-040011,2023-01-02,0.6032,76.0,28.5,1
09-015-018-040011,2023-02-01,0.6179,77.3,29.6,10
09-015-018-040011,2023-03-03,0.6104,78.7,30.6,40
09-015-018-040011,2023-04-02,0.5818,80.0,31.7,70
22-002-010-326081,2025-04-02,0.1339,59.2,44.5,23
22-002-010-326081,2025-05-02,0.2506,60.5,45.6,53
22-002-010-326081,2025-06-01,0.3326,61.9,46.6,83
22-002-010-326081,2025-07-01,0.4025,63.2,47.7,113
22-002-010-326081,2025-07-31,0.5226,64.6,48.7,143
21-019-007-966961,2022-01-09,0.1935,22.7,5.4,1
21-019-007-966961,2022-02-08,0.2125,24.1,6.4,1
21-019-007-966961,2022-03-10,0.1885,25.4,7.5,1
21-019-007-966961,2022-04-09,0.2411,26.8,8.5,1
21-019-007-966961,2022-05-09,0.2339,28.1,9.6,3
36-011-013-293948,2022-12-26,0.3914,29.7,30.5,215
36-011-013-293948,2023-01-25,0.3809,31.1,31.6,245
36-011-013-293948,2023-02-24,0.4204,32.4,32.6,275
36-011-013-293948,2023-03-26,0.4394,33.8,33.7,305
36-011-013-293948,2023-04-25,0.4465,35.1,34.7,335
23-028-009-648235,2021-10-21,0.3059,44.2,18.3,192
23-028-009-648235,2021-11-20,0.39,45.6,19.4,222
23-028-009-648235,2021-12-20,0.5278,46.9,20.4,252
23-028-009-648235,2022-01-19,0.5753,48.2,21.4,282
23-028-009-648235,2022-02-18,0.6735,49.6,22.5,312
21-012-010-442084,2022-03-15,0.899,63.5,35.5,21
21-012-010-442084,2022-04-14,0.8116,64.9,36.6,51
21-012-010-442084,2022-05-14,0.7553,66.2,37.6,81
21-012-010-442084,2022-06-13,0.663,67.6,38.7,111
21-012-010-442084,2022-07-13,0.5879,68.9,39.7,141
33-023-021-442104,2021-09-11,0.1966,22.4,12.6,1
33-023-021-442104,2021-10-11,0.2249,23.8,13.7,1
33-023-021-442104,2021-11-10,0.1911,25.1,14.7,1
33-023-021-442104,2021-12-10,0.2414,26.4,15.8,21
33-023-021-442104,2022-01-09,0.2422,27.8,16.8,51
29-009-005-883341,2022-05-27,0.2455,75.9,55.5,1
29-009-005-883341,2022-06-26,0.2918,77.2,56.6,10
29-009-005-883341,2022-07-26,0.3373,78.6,57.6,40
29-009-005-883341,2022-08-25,0.4122,80.0,58.7,70
29-009-005-883341,2022-09-24,0.4247,81.3,59.7,100
27-013-022-499024,2022-12-08,0.93,12.5,32.2,100
27-013-022-499024,2023-01-07,0.8876,13.8,33.2,130
27-013-022-499024,2023-02-06,0.84,15.2,34.3,160
27-013-022-499024,2023-03-08,0.7964,16.5,35.4,190
27-013-022-499024,2023-04-07,0.7499,17.9,36.4,220
36-011-003-408319,2021-03-29,0.3879,92.1,70.1,90
36-011-003-408319,2021-04-28,0.4144,93.5,71.1,120
36-011-003-408319,2021-05-28,0.388,94.8,72.2,150
36-011-003-408319,2021-06-27,0.3519,96.2,73.2,180
36-011-003-408319,2021-07-27,0.3933,97.5,74.3,210
29-007-011-687218,2021-12-29,0.2976,84.5,73.3,1
29-007-011-687218,2022-01-28,0.2463,85.9,74.3,1
29-007-011-687218,2022-02-27,0.1712,87.2,75.4,1
29-007-011-687218,2022-03-29,0.1819,88.6,76.5,8
29-007-011-687218,2022-04-28,0.1591,89.9,77.5,38
29-018-013-657486,2025-04-28,0.8902,44.0,21.3,1
29-018-013-657486,2025-05-28,0.7802,45.4,22.4,22
29-018-013-657486,2025-06-27,0.7156,46.7,23.4,52
29-018-013-657486,2025-07-27,0.637,48.0,24.4,82
29-018-013-657486,2025-08-26,0.5243,49.4,25.5,112
23-016-019-487040,2021-08-25,0.01,20.0,45.0,34
23-016-019-487040,2021-09-24,0.01,21.3,46.1,64
23-016-019-487040,2021-10-24,0.103,22.7,47.1,94
23-016-019-487040,2021-11-23,0.2669,24.0,48.2,124
23-016-019-487040,2021-12-23,0.4301,25.4,49.2,154
23-016-020-768275,2021-11-29,0.2913,80.1,9.0,1
23-016-020-768275,2021-12-29,0.2393,81.5,10.0,1
23-016-020-768275,2022-01-28,0.2933,82.8,11.1,1
23-016-020-768275,2022-02-27,0.2524,84.2,12.1,1
23-016-020-768275,2022-03-29,0.2615,85.5,13.2,6
27-025-008-676027,2023-02-13,0.339,83.4,20.3,1
27-025-008-676027,2023-03-15,0.3828,84.8,21.4,20
27-025-008-676027,2023-04-14,0.3756,86.1,22.4,50
27-025-008-676027,2023-05-14,0.3923,87.5,23.4,80
27-025-008-676027,2023-06-13,0.4067,88.8,24.5,110
27-025-003-817740,2024-10-26,0.265,53.9,68.1,1
27-025-003-817740,2024-11-25,0.2522,55.2,69.1,31
27-025-003-817740,2024-12-25,0.2509,56.6,70.2,61
27-025-003-817740,2025-01-24,0.2464,57.9,71.2,91
27-025-003-817740,2025-02-23,0.1888,59.3,72.3,121
22-018-024-418496,2025-11-28,0.4385,34.2,0.0,198
22-018-024-418496,2025-12-28,0.4809,35.6,0.0,228
22-018-024-418496,2026-01-27,0.5261,36.9,1.0,258
22-018-024-418496,2026-02-26,0.5565,38.2,2.0,288
22-018-024-418496,2026-03-28,0.5721,39.6,3.1,318
22-018-003-186466,2021-09-03,0.01,41.3,53.4,108
22-018-003-186466,2021-10-03,0.0356,42.7,54.5,138
22-018-003-186466,2021-11-02,0.1798,44.0,55.5,168
22-018-003-186466,2021-12-02,0.2619,45.4,56.6,198
22-018-003-186466,2022-01-01,0.3077,46.7,57.6,228
09-031-004-549123,2024-08-13,0.6102,38.1,85.2,1
09-031-004-549123,2024-09-12,0.5514,39.5,86.2,1
09-031-004-549123,2024-10-12,0.545,40.8,87.3,1
09-031-004-549123,2024-11-11,0.5071,42.1,88.4,1
09-031-004-549123,2024-12-11,0.5031,43.5,89.4,12
33-014-024-980887,2024-10-25,0.6252,26.7,70.0,1
33-014-024-980887,2024-11-24,0.5011,28.1,71.0,22
33-014-024-980887,2024-12-24,0.4824,29.4,72.1,52
33-014-024-980887,2025-01-23,0.3953,30.8,73.2,82
33-014-024-980887,2025-02-22,0.361,32.1,74.2,112
09-002-018-837892,2025-03-05,0.5215,45.7,13.0,1
09-002-018-837892,2025-04-04,0.5436,47.1,14.0,1
09-002-018-837892,2025-05-04,0.5267,48.4,15.1,1
09-002-018-837892,2025-06-03,0.522,49.8,16.1,1
09-002-018-837892,2025-07-03,0.5462,51.1,17.2,3
27-013-004-846230,2021-12-31,0.5321,51.0,30.8,20
27-013-004-846230,2022-01-30,0.535,52.4,31.9,50
27-013-004-846230,2022-03-01,0.5816,53.7,32.9,80
27-013-004-846230,2022-03-31,0.6396,55.0,34.0,110
27-013-004-846230,2022-04-30,0.639,56.4,35.0,140
09-002-007-267190,2022-04-05,0.01,43.3,15.5,1
09-002-007-267190,2022-05-05,0.0756,44.7,16.5,1
09-002-007-267190,2022-06-04,0.2242,46.0,17.6,1
09-002-007-267190,2022-07-04,0.3031,47.4,18.6,16
09-002-007-267190,2022-08-03,0.4037,48.7,19.7,46
33-023-021-127686,2025-03-09,0.4775,35.3,22.5,1
33-023-021-127686,2025-04-08,0.528,36.7,23.5,19
33-023-021-127686,2025-05-08,0.5354,38.0,24.6,49
33-023-021-127686,2025-06-07,0.6364,39.4,25.6,79
33-023-021-127686,2025-07-07,0.6805,40.7,26.7,109
36-003-002-022189,2023-10-10,0.0555,48.9,12.5,1
36-003-002-022189,2023-11-09,0.1074,50.2,13.5,1
36-003-002-022189,2023-12-09,0.2337,51.6,14.6,2
36-003-002-022189,2024-01-08,0.1999,52.9,15.6,32
36-003-002-022189,2024-02-07,0.3323,54.3,16.7,62
29-009-024-146793,2024-06-09,0.8129,63.5,16.0,1
29-009-024-146793,2024-07-09,0.775,64.9,17.0,13
29-009-024-146793,2024-08-08,0.7457,66.2,18.1,43
29-009-024-146793,2024-09-07,0.6961,67.6,19.1,73
29-009-024-146793,2024-10-07,0.7086,68.9,20.2,103
23-033-019-156498,2024-05-25,0.3519,11.5,88.1,33
23-033-019-156498,2024-06-24,0.3784,12.8,89.1,63
23-033-019-156498,2024-07-24,0.3854,14.2,90.2,93
23-033-019-156498,2024-08-23,0.374,15.5,91.2,123
23-033-019-156498,2024-09-22,0.3966,16.9,92.3,153
29-018-010-276444,2025-09-29,0.5027,48.5,28.8,1
29-018-010-276444,2025-10-29,0.4504,49.9,29.9,1
29-018-010-276444,2025-11-28,0.3646,51.2,30.9,15
29-018-010-276444,2025-12-28,0.3095,52.5,31.9,45
29-018-010-276444,2026-01-27,0.2402,53.9,33.0,75
33-014-011-892673,2023-04-02,0.186,69.7,6.2,1
33-014-011-892673,2023-05-02,0.1742,71.0,7.2,24
33-014-011-892673,2023-06-01,0.2169,72.4,8.3,54
33-014-011-892673,2023-07-01,0.2243,73.8,9.3,84
33-014-011-892673,2023-07-31,0.2244,75.1,10.4,114
09-044-015-501491,2022-08-06,0.6914,66.5,17.1,1
09-044-015-501491,2022-09-05,0.6566,67.9,18.1,1
09-044-015-501491,2022-10-05,0.6438,69.2,19.2,1
09-044-015-501491,2022-11-04,0.6367,70.6,20.2,1
09-044-015-501491,2022-12-04,0.5716,71.9,21.3,25
09-002-012-287289,2024-09-25,0.2169,84.2,62.9,245
09-002-012-287289,2024-10-25,0.1947,85.5,63.9,275
09-002-012-287289,2024-11-24,0.1882,86.9,65.0,305
09-002-012-287289,2024-12-24,0.1933,88.2,66.0,335
09-002-012-287289,2025-01-23,0.2156,89.6,67.1,365
09-015-017-116286,2024-04-13,0.5907,15.1,8.6,1
09-015-017-116286,2024-05-13,0.5407,16.4,9.7,1
09-015-017-116286,2024-06-12,0.4453,17.8,10.7,3
09-015-017-116286,2024-07-12,0.3465,19.1,11.8,33
09-015-017-116286,2024-08-11,0.3268,20.5,12.8,63
21-019-012-187124,2021-06-01,0.2492,16.5,71.7,1
21-019-012-187124,2021-07-01,0.221,17.8,72.8,1
21-019-012-187124,2021-07-31,0.2298,19.2,73.8,1
21-019-012-187124,2021-08-30,0.3265,20.5,74.9,1
21-019-012-187124,2021-09-29,0.3601,21.9,75.9,8
36-019-009-659671,2020-07-18,0.3361,81.2,58.5,1
36-019-009-659671,2020-08-17,0.3545,82.5,59.6,29
36-019-009-659671,2020-09-16,0.3907,83.9,60.6,59
36-019-009-659671,2020-10-16,0.4272,85.2,61.7,89
36-019-009-659671,2020-11-15,0.4877,86.6,62.7,119
29-018-003-950223,2023-02-16,0.7044,76.8,30.0,1
29-018-003-950223,2023-03-18,0.6472,78.2,31.1,1
29-018-003-950223,2023-04-17,0.6227,79.5,32.1,1
29-018-003-950223,2023-05-17,0.6021,80.9,33.2,1
29-018-003-950223,2023-06-16,0.5415,82.2,34.2,10
27-025-021-006424,2021-02-17,0.0791,79.7,67.6,1
27-025-021-006424,2021-03-19,0.1893,81.0,68.6,1
27-025-021-006424,2021-04-18,0.2242,82.4,69.7,18
27-025-021-006424,2021-05-18,0.2845,83.8,70.8,48
27-025-021-006424,2021-06-17,0.3904,85.1,71.8,78
29-009-005-001703,2025-11-30,0.1812,44.8,4.1,1
29-009-005-001703,2025-12-30,0.277,46.2,5.2,1
29-009-005-001703,2026-01-29,0.4073,47.5,6.2,1
29-009-005-001703,2026-02-28,0.4761,48.9,7.3,4
29-009-005-001703,2026-03-30,0.6176,50.2,8.3,34
29-009-005-455315,2023-09-01,0.4727,16.2,77.7,1
29-009-005-455315,2023-10-01,0.4642,17.6,78.8,28
29-009-005-455315,2023-10-31,0.4515,18.9,79.8,58
29-009-005-455315,2023-11-30,0.5235,20.2,80.9,88
29-009-005-455315,2023-12-30,0.5087,21.6,81.9,118
36-027-001-845549,2023-02-28,0.4606,36.3,71.1,1
36-027-001-845549,2023-03-30,0.489,37.7,72.1,1
36-027-001-845549,2023-04-29,0.4761,39.0,73.2,1
36-027-001-845549,2023-05-29,0.5053,40.4,74.2,17
36-027-001-845549,2023-06-28,0.5118,41.7,75.3,47
29-009-020-946469,2022-01-07,0.5707,54.7,35.4,1
29-009-020-946469,2022-02-06,0.5805,56.1,36.5,1
29-009-020-946469,2022-03-08,0.5839,57.4,37.5,1
29-009-020-946469,2022-04-07,0.597,58.8,38.6,29
29-009-020-946469,2022-05-07,0.6266,60.1,39.6,59
36-027-001-200502,2021-01-13,0.5817,45.7,18.9,1
36-027-001-200502,2021-02-12,0.5052,47.1,20.0,1
36-027-001-200502,2021-03-14,0.462,48.4,21.0,1
36-027-001-200502,2021-04-13,0.4397,49.8,22.1,1
36-027-001-200502,2021-05-13,0.3687,51.1,23.1,27
22-018-021-025320,2022-01-06,0.3119,81.6,4.8,1
22-018-021-025320,2022-02-05,0.3237,83.0,5.8,1
22-018-021-025320,2022-03-07,0.307,84.3,6.9,29
22-018-021-025320,2022-04-06,0.293,85.7,8.0,59
22-018-021-025320,2022-05-06,0.2783,87.0,9.0,89
21-019-009-996875,2024-10-23,0.1427,46.3,14.6,1
21-019-009-996875,2024-11-22,0.2545,47.7,15.7,1
21-019-009-996875,2024-12-22,0.226,49.0,16.7,26
21-019-009-996875,2025-01-21,0.2897,50.4,17.8,56
21-019-009-996875,2025-02-20,0.3537,51.7,18.8,86
33-031-017-369786,2023-07-16,0.387,35.3,28.3,385
33-031-017-369786,2023-08-15,0.3075,36.7,29.4,415
33-031-017-369786,2023-09-14,0.3326,38.0,30.4,445
33-031-017-369786,2023-10-14,0.3228,39.4,31.4,475
33-031-017-369786,2023-11-13,0.3163,40.7,32.5,505
09-015-023-594924,2021-01-12,0.5986,17.9,30.4,22
09-015-023-594924,2021-02-11,0.5546,19.2,31.5,52
09-015-023-594924,2021-03-13,0.5662,20.6,32.5,82
09-015-023-594924,2021-04-12,0.5624,21.9,33.6,112
09-015-023-594924,2021-05-12,0.509,23.3,34.6,142
29-022-002-099610,2020-08-21,0.4044,31.4,0.0,47
29-022-002-099610,2020-09-20,0.4417,32.8,0.0,77
29-022-002-099610,2020-10-20,0.502,34.1,0.0,107
29-022-002-099610,2020-11-19,0.4555,35.4,0.0,137
29-022-002-099610,2020-12-19,0.4943,36.8,0.9,167
36-011-024-060933,2021-01-16,0.4894,79.7,21.0,1
36-011-024-060933,2021-02-15,0.4878,81.0,22.0,1
36-011-024-060933,2021-03-17,0.4946,82.4,23.1,20
36-011-024-060933,2021-04-16,0.4673,83.8,24.1,50
36-011-024-060933,2021-05-16,0.4906,85.1,25.2,80
29-018-010-881797,2023-09-14,0.5491,63.7,26.5,53
29-018-010-881797,2023-10-14,0.4897,65.0,27.5,83
29-018-010-881797,2023-11-13,0.4418,66.4,28.6,113
29-018-010-881797,2023-12-13,0.342,67.8,29.6,143
29-018-010-881797,2024-01-12,0.2749,69.1,30.7,173
22-002-010-780310,2023-11-05,0.2078,67.7,17.2,82
22-002-010-780310,2023-12-05,0.223,69.0,18.2,112
22-002-010-780310,2024-01-04,0.29,70.4,19.3,142
22-002-010-780310,2024-02-03,0.3141,71.8,20.3,172
22-002-010-780310,2024-03-04,0.3514,73.1,21.4,202
36-027-001-557523,2024-11-18,0.3534,15.7,18.2,1
36-027-001-557523,2024-12-18,0.3552,17.1,19.2,1
36-027-001-557523,2025-01-17,0.4148,18.4,20.3,1
36-027-001-557523,2025-02-16,0.4638,19.8,21.3,14
36-027-001-557523,2025-03-18,0.5341,21.1,22.4,44
22-014-011-945886,2022-03-19,0.6574,47.7,0.6,1
22-014-011-945886,2022-04-18,0.5957,49.1,1.6,22
22-014-011-945886,2022-05-18,0.5156,50.4,2.7,52
22-014-011-945886,2022-06-17,0.4929,51.8,3.8,82
22-014-011-945886,2022-07-17,0.3816,53.1,4.8,112
23-028-022-544680,2021-05-20,0.99,22.5,15.3,312
23-028-022-544680,2021-06-19,0.9847,23.8,16.4,342
23-028-022-544680,2021-07-19,0.7938,25.2,17.4,372
23-028-022-544680,2021-08-18,0.6724,26.5,18.4,402
23-028-022-544680,2021-09-17,0.5073,27.9,19.5,432
22-002-004-231516,2022-01-01,0.4769,46.0,58.5,67
22-002-004-231516,2022-01-31,0.4429,47.4,59.6,97
22-002-004-231516,2022-03-02,0.405,48.7,60.6,127
22-002-004-231516,2022-04-01,0.4026,50.0,61.7,157
22-002-004-231516,2022-05-01,0.3423,51.4,62.7,187
27-001-021-354655,2021-05-27,0.4411,19.1,23.5,1
27-001-021-354655,2021-06-26,0.5083,20.4,24.5,1
27-001-021-354655,2021-07-26,0.592,21.8,25.6,27
27-001-021-354655,2021-08-25,0.6169,23.1,26.6,57
27-001-021-354655,2021-09-24,0.7128,24.5,27.7,87
09-031-022-184217,2025-01-12,0.01,51.6,20.9,1
09-031-022-184217,2025-02-11,0.01,53.0,22.0,1
09-031-022-184217,2025-03-13,0.1457,54.3,23.0,1
09-031-022-184217,2025-04-12,0.3212,55.6,24.1,3
09-031-022-184217,2025-05-12,0.3681,57.0,25.1,33
21-019-018-511650,2020-06-18,0.7406,50.9,67.5,52
21-019-018-511650,2020-07-18,0.6211,52.2,68.5,82
21-019-018-511650,2020-08-17,0.5665,53.6,69.6,112
21-019-018-511650,2020-09-16,0.5079,54.9,70.7,142
21-019-018-511650,2020-10-16,0.4032,56.3,71.7,172
36-027-020-551651,2023-12-08,0.2865,50.6,0.0,189
36-027-020-551651,2024-01-07,0.3543,52.0,0.9,219
36-027-020-551651,2024-02-06,0.3884,53.3,2.0,249
36-027-020-551651,2024-03-07,0.409,54.6,3.0,279
36-027-020-551651,2024-04-06,0.4965,56.0,4.1,309
09-002-007-873989,2024-11-16,0.5702,40.2,92.9,1
09-002-007-873989,2024-12-16,0.5266,41.6,93.9,1
09-002-007-873989,2025-01-15,0.4879,42.9,95.0,1
09-002-007-873989,2025-02-14,0.4382,44.2,96.0,19
09-002-007-873989,2025-03-16,0.4246,45.6,97.1,49
36-027-003-562673,2023-04-12,0.8541,44.4,18.2,138
36-027-003-562673,2023-05-12,0.7839,45.8,19.2,168
36-027-003-562673,2023-06-11,0.6917,47.1,20.3,198
36-027-003-562673,2023-07-11,0.6528,48.4,21.3,228
36-027-003-562673,2023-08-10,0.5135,49.8,22.4,258
29-022-018-398840,2024-09-02,0.3462,49.6,9.4,143
29-022-018-398840,2024-10-02,0.3906,51.0,10.4,173
29-022-018-398840,2024-11-01,0.4199,52.3,11.5,203
29-022-018-398840,2024-12-01,0.442,53.6,12.5,233
29-022-018-398840,2024-12-31,0.4874,55.0,13.6,263
22-018-016-513419,2022-02-21,0.01,46.2,0.6,1
22-018-016-513419,2022-03-23,0.1394,47.6,1.6,27
22-018-016-513419,2022-04-22,0.2241,48.9,2.7,57
22-018-016-513419,2022-05-22,0.3092,50.2,3.8,87
22-018-016-513419,2022-06-21,0.4461,51.6,4.8,117
21-026-009-986885,2022-08-16,0.3332,42.8,62.8,1
21-026-009-986885,2022-09-15,0.3055,44.2,63.9,1
21-026-009-986885,2022-10-15,0.3364,45.5,64.9,1
21-026-009-986885,2022-11-14,0.3026,46.9,66.0,1
21-026-009-986885,2022-12-14,0.328,48.2,67.0,21
36-019-006-179929,2024-05-14,0.6752,27.8,4.4,1
36-019-006-179929,2024-06-13,0.6806,29.2,5.4,1
36-019-006-179929,2024-07-13,0.6537,30.5,6.5,1
36-019-006-179929,2024-08-12,0.6005,31.9,7.5,1
36-019-006-179929,2024-09-11,0.5766,33.2,8.6,6
09-031-011-974744,2021-01-20,0.1285,33.0,79.4,1
09-031-011-974744,2021-02-19,0.1628,34.4,80.4,1
09-031-011-974744,2021-03-21,0.1827,35.7,81.5,15
09-031-011-974744,2021-04-20,0.1934,37.0,82.5,45
09-031-011-974744,2021-05-20,0.2502,38.4,83.6,75
21-019-004-813179,2023-01-30,0.5337,41.8,54.7,1
21-019-004-813179,2023-03-01,0.5369,43.2,55.8,10
21-019-004-813179,2023-03-31,0.5023,44.5,56.8,40
21-019-004-813179,2023-04-30,0.451,45.9,57.9,70
21-019-004-813179,2023-05-30,0.3958,47.2,58.9,100
27-037-017-071976,2022-03-28,0.0401,0.0,67.1,1
27-037-017-071976,2022-04-27,0.1434,0.0,68.1,1
27-037-017-071976,2022-05-27,0.2348,1.3,69.2,1
27-037-017-071976,2022-06-26,0.3563,2.7,70.2,2
27-037-017-071976,2022-07-26,0.428,4.0,71.3,32
22-018-001-545491,2025-02-09,0.99,38.5,14.6,1
22-018-001-545491,2025-03-11,0.8831,39.9,15.7,1
22-018-001-545491,2025-04-10,0.8368,41.2,16.7,12
22-018-001-545491,2025-05-10,0.7149,42.5,17.8,42
22-018-001-545491,2025-06-09,0.6348,43.9,18.8,72
23-004-003-065678,2023-03-07,0.4945,57.9,83.9,19
23-004-003-065678,2023-04-06,0.4615,59.2,84.9,49
23-004-003-065678,2023-05-06,0.3908,60.6,86.0,79
23-004-003-065678,2023-06-05,0.3926,61.9,87.0,109
23-004-003-065678,2023-07-05,0.3731,63.3,88.1,139
23-028-018-538523,2025-11-06,0.4151,43.8,6.9,347
23-028-018-538523,2025-12-06,0.4551,45.2,7.9,377
23-028-018-538523,2026-01-05,0.4575,46.5,9.0,407
23-028-018-538523,2026-02-04,0.5158,47.9,10.0,437
23-028-018-538523,2026-03-06,0.5315,49.2,11.1,467
23-004-019-847768,2021-01-23,0.6791,31.8,22.7,102
23-004-019-847768,2021-02-22,0.6431,33.2,23.8,132
23-004-019-847768,2021-03-24,0.6157,34.5,24.8,162
23-004-019-847768,2021-04-23,0.5872,35.9,25.8,192
23-004-019-847768,2021-05-23,0.5345,37.2,26.9,222
22-018-021-968127,2024-09-30,0.7498,27.9,43.0,1
22-018-021-968127,2024-10-30,0.7016,29.2,44.1,1
22-018-021-968127,2024-11-29,0.6752,30.6,45.1,9
22-018-021-968127,2024-12-29,0.5356,31.9,46.2,39
22-018-021-968127,2025-01-28,0.4724,33.3,47.2,69
22-018-015-420983,2021-03-03,0.5944,26.8,16.1,1
22-018-015-420983,2021-04-02,0.6262,28.2,17.1,1
22-018-015-420983,2021-05-02,0.6399,29.5,18.2,4
22-018-015-420983,2021-06-01,0.6531,30.9,19.2,34
22-018-015-420983,2021-07-01,0.6791,32.2,20.3,64
29-009-001-727216,2024-08-11,0.5085,65.1,59.4,129
29-009-001-727216,2024-09-10,0.4659,66.5,60.5,159
29-009-001-727216,2024-10-10,0.3915,67.8,61.5,189
29-009-001-727216,2024-11-09,0.3552,69.2,62.6,219
29-009-001-727216,2024-12-09,0.303,70.5,63.6,249
21-012-022-367262,2022-08-12,0.0976,36.0,44.4,1
21-012-022-367262,2022-09-11,0.1263,37.4,45.5,1
21-012-022-367262,2022-10-11,0.2027,38.7,46.5,1
21-012-022-367262,2022-11-10,0.2138,40.0,47.6,14
21-012-022-367262,2022-12-10,0.2505,41.4,48.6,44
21-026-003-542903,2025-05-04,0.4635,5.5,50.3,1
21-026-003-542903,2025-06-03,0.4454,6.9,51.4,1
21-026-003-542903,2025-07-03,0.4387,8.2,52.4,1
21-026-003-542903,2025-08-02,0.3739,9.6,53.5,1
21-026-003-542903,2025-09-01,0.3459,10.9,54.5,31
27-037-019-629965,2023-07-05,0.5543,51.3,15.6,6
27-037-019-629965,2023-08-04,0.5123,52.7,16.6,36
27-037-019-629965,2023-09-03,0.4743,54.0,17.7,66
27-037-019-629965,2023-10-03,0.4222,55.4,18.8,96
27-037-019-629965,2023-11-02,0.369,56.7,19.8,126
33-031-012-609327,2022-01-19,0.9456,28.1,0.6,42
33-031-012-609327,2022-02-18,0.8478,29.4,1.6,72
33-031-012-609327,2022-03-20,0.8152,30.8,2.7,102
33-031-012-609327,2022-04-19,0.7079,32.1,3.8,132
33-031-012-609327,2022-05-19,0.6353,33.5,4.8,162
29-022-003-474706,2022-11-30,0.99,42.7,26.7,1
29-022-003-474706,2022-12-30,0.9045,44.1,27.8,1
29-022-003-474706,2023-01-29,0.7278,45.4,28.8,1
29-022-003-474706,2023-02-28,0.5468,46.8,29.8,1
29-022-003-474706,2023-03-30,0.4272,48.1,30.9,3
29-022-015-076657,2024-04-01,0.7703,39.7,30.1,1
29-022-015-076657,2024-05-01,0.6892,41.1,31.1,5
29-022-015-076657,2024-05-31,0.6571,42.4,32.2,35
29-022-015-076657,2024-06-30,0.5985,43.8,33.2,65
29-022-015-076657,2024-07-30,0.5432,45.1,34.3,95
33-023-005-642414,2024-12-31,0.4583,42.9,47.8,1
33-023-005-642414,2025-01-30,0.486,44.2,48.9,1
33-023-005-642414,2025-03-01,0.4607,45.6,49.9,1
33-023-005-642414,2025-03-31,0.4511,46.9,51.0,19
33-023-005-642414,2025-04-30,0.4386,48.3,52.0,49
33-031-018-828945,2022-12-24,0.5692,50.7,64.7,273
33-031-018-828945,2023-01-23,0.5537,52.1,65.8,303
33-031-018-828945,2023-02-22,0.4995,53.4,66.8,333
33-031-018-828945,2023-03-24,0.4593,54.8,67.9,363
33-031-018-828945,2023-04-23,0.4523,56.1,68.9,393
36-019-008-658064,2021-01-21,0.5115,63.8,56.6,238
36-019-008-658064,2021-02-20,0.4272,65.2,57.6,268
36-019-008-658064,2021-03-22,0.4198,66.5,58.7,298
36-019-008-658064,2021-04-21,0.4191,67.9,59.8,328
36-019-008-658064,2021-05-21,0.3761,69.2,60.8,358
09-044-007-769720,2025-12-28,0.5661,80.7,33.0,1
09-044-007-769720,2026-01-27,0.5389,82.0,34.1,1
09-044-007-769720,2026-02-26,0.5632,83.4,35.1,1
09-044-007-769720,2026-03-28,0.5368,84.8,36.2,1
09-044-007-769720,2026-04-27,0.5064,86.1,37.2,25
29-022-013-419792,2022-10-20,0.8264,60.9,28.4,1
29-022-013-419792,2022-11-19,0.7489,62.2,29.5,1
29-022-013-419792,2022-12-19,0.6769,63.6,30.5,1
29-022-013-419792,2023-01-18,0.599,65.0,31.6,28
29-022-013-419792,2023-02-17,0.4509,66.3,32.6,58
22-002-023-912116,2020-07-20,0.0924,20.1,21.1,1
22-002-023-912116,2020-08-19,0.1987,21.4,22.1,1
22-002-023-912116,2020-09-18,0.2275,22.8,23.2,1
22-002-023-912116,2020-10-18,0.3097,24.1,24.2,10
22-002-023-912116,2020-11-17,0.3667,25.5,25.3,40
23-033-022-948550,2022-03-12,0.6169,9.9,31.9,1
23-033-022-948550,2022-04-11,0.6204,11.2,33.0,1
23-033-022-948550,2022-05-11,0.5513,12.6,34.0,1
23-033-022-948550,2022-06-10,0.5044,14.0,35.1,1
23-033-022-948550,2022-07-10,0.4835,15.3,36.1,18
27-013-017-224465,2024-05-24,0.5978,62.8,86.3,1
27-013-017-224465,2024-06-23,0.5623,64.2,87.3,2
27-013-017-224465,2024-07-23,0.4692,65.5,88.4,32
27-013-017-224465,2024-08-22,0.4705,66.9,89.5,62
27-013-017-224465,2024-09-21,0.4502,68.2,90.5,92
09-031-011-403676,2021-06-17,0.0687,41.4,5.3,9
09-031-011-403676,2021-07-17,0.1315,42.8,6.3,39
09-031-011-403676,2021-08-16,0.2167,44.1,7.4,69
09-031-011-403676,2021-09-15,0.2722,45.4,8.4,99
09-031-011-403676,2021-10-15,0.3573,46.8,9.5,129
21-026-006-801004,2023-01-29,0.2165,61.3,31.7,1
21-026-006-801004,2023-02-28,0.3013,62.7,32.8,1
21-026-006-801004,2023-03-30,0.3601,64.0,33.8,1
21-026-006-801004,2023-04-29,0.3812,65.4,34.9,2
21-026-006-801004,2023-05-29,0.3551,66.7,35.9,32
22-002-003-731451,2023-02-10,0.5498,76.5,11.4,38
22-002-003-731451,2023-03-12,0.5068,77.9,12.4,68
22-002-003-731451,2023-04-11,0.5172,79.2,13.5,98
22-002-003-731451,2023-05-11,0.4927,80.6,14.5,128
22-002-003-731451,2023-06-10,0.4357,81.9,15.6,158
36-027-010-959284,2023-07-07,0.9892,54.5,29.6,1
36-027-010-959284,2023-08-06,0.8903,55.9,30.6,1
36-027-010-959284,2023-09-05,0.7495,57.2,31.7,1
36-027-010-959284,2023-10-05,0.6859,58.5,32.8,1
36-027-010-959284,2023-11-04,0.5579,59.9,33.8,29
36-019-006-621721,2024-03-20,0.6887,56.2,20.3,3
36-019-006-621721,2024-04-19,0.6007,57.6,21.4,33
36-019-006-621721,2024-05-19,0.6409,58.9,22.4,63
36-019-006-621721,2024-06-18,0.6011,60.2,23.4,93
36-019-006-621721,2024-07-18,0.5866,61.6,24.5,123
22-009-003-276112,2023-01-07,0.5279,47.2,17.8,1
22-009-003-276112,2023-02-06,0.5331,48.6,18.9,20
22-009-003-276112,2023-03-08,0.5369,49.9,19.9,50
22-009-003-276112,2023-04-07,0.5095,51.2,20.9,80
22-009-003-276112,2023-05-07,0.5344,52.6,22.0,110
21-005-012-204869,2022-03-23,0.5021,53.6,39.9,1
21-005-012-204869,2022-04-22,0.4211,55.0,41.0,1
21-005-012-204869,2022-05-22,0.4256,56.3,42.0,1
21-005-012-204869,2022-06-21,0.3644,57.6,43.1,1
21-005-012-204869,2022-07-21,0.2829,59.0,44.1,12
33-031-019-065120,2021-09-11,0.1971,94.3,36.5,127
33-031-019-065120,2021-10-11,0.2494,95.7,37.6,157
33-031-019-065120,2021-11-10,0.2826,97.0,38.6,187
33-031-019-065120,2021-12-10,0.3452,98.4,39.7,217
33-031-019-065120,2022-01-09,0.3649,99.7,40.7,247
23-028-005-493813,2022-01-16,0.2328,65.1,71.9,1
23-028-005-493813,2022-02-15,0.2913,66.5,72.9,1
23-028-005-493813,2022-03-17,0.351,67.8,74.0,5
23-028-005-493813,2022-04-16,0.4215,69.2,75.0,35
23-028-005-493813,2022-05-16,0.4405,70.5,76.1,65
33-014-003-624419,2024-06-10,0.1539,69.1,41.4,1
33-014-003-624419,2024-07-10,0.2378,70.5,42.5,1
33-014-003-624419,2024-08-09,0.2765,71.8,43.5,3
33-014-003-624419,2024-09-08,0.3464,73.2,44.6,33
33-014-003-624419,2024-10-08,0.4644,74.5,45.6,63
27-025-010-264070,2023-06-16,0.9652,64.4,25.4,39
27-025-010-264070,2023-07-16,0.8559,65.8,26.5,69
27-025-010-264070,2023-08-15,0.7284,67.1,27.5,99
27-025-010-264070,2023-09-14,0.6244,68.5,28.6,129
27-025-010-264070,2023-10-14,0.4903,69.8,29.6,159
09-031-010-245314,2023-07-22,0.01,40.3,36.7,1
09-031-010-245314,2023-08-21,0.01,41.7,37.8,1
09-031-010-245314,2023-09-20,0.01,43.0,38.8,8
09-031-010-245314,2023-10-20,0.1124,44.4,39.9,38
09-031-010-245314,2023-11-19,0.2278,45.7,40.9,68
29-018-016-583426,2024-07-07,0.2997,33.9,72.9,1
29-018-016-583426,2024-08-06,0.3216,35.2,73.9,1
29-018-016-583426,2024-09-05,0.4051,36.6,75.0,26
29-018-016-583426,2024-10-05,0.4678,37.9,76.0,56
29-018-016-583426,2024-11-04,0.4713,39.3,77.1,86
09-044-013-404185,2024-01-20,0.2938,67.4,26.4,1
09-044-013-404185,2024-02-19,0.3227,68.8,27.5,1
09-044-013-404185,2024-03-20,0.3478,70.1,28.5,10
09-044-013-404185,2024-04-19,0.3733,71.5,29.6,40
09-044-013-404185,2024-05-19,0.3824,72.8,30.6,70
23-028-004-042521,2025-03-31,0.3526,51.6,2.8,1
23-028-004-042521,2025-04-30,0.3254,53.0,3.8,1
23-028-004-042521,2025-05-30,0.3517,54.3,4.9,1
23-028-004-042521,2025-06-29,0.3179,55.6,6.0,1
23-028-004-042521,2025-07-29,0.3494,57.0,7.0,28
22-009-003-212798,2025-12-15,0.4361,74.3,54.6,78
22-009-003-212798,2026-01-14,0.4309,75.7,55.6,108
22-009-003-212798,2026-02-13,0.4394,77.0,56.7,138
22-009-003-212798,2026-03-15,0.452,78.4,57.8,168
22-009-003-212798,2026-04-14,0.4115,79.7,58.8,198
21-026-005-799576,2024-12-03,0.7139,73.5,4.4,1
21-026-005-799576,2025-01-02,0.6675,74.9,5.4,1
21-026-005-799576,2025-02-01,0.5479,76.2,6.5,8
21-026-005-799576,2025-03-03,0.4544,77.6,7.5,38
21-026-005-799576,2025-04-02,0.3622,78.9,8.6,68
22-014-017-793907,2021-02-06,0.5836,40.2,13.7,1
22-014-017-793907,2021-03-08,0.486,41.6,14.7,1
22-014-017-793907,2021-04-07,0.4561,42.9,15.8,1
22-014-017-793907,2021-05-07,0.3383,44.2,16.8,25
22-014-017-793907,2021-06-06,0.321,45.6,17.9,55
22-014-012-594344,2024-04-13,0.5122,72.0,35.9,1
22-014-012-594344,2024-05-13,0.492,73.4,37.0,1
22-014-012-594344,2024-06-12,0.4066,74.7,38.0,1
22-014-012-594344,2024-07-12,0.3751,76.1,39.1,1
22-014-012-594344,2024-08-11,0.363,77.4,40.1,13
09-002-004-500329,2021-06-02,0.3898,51.7,11.4,1
09-002-004-500329,2021-07-02,0.3679,53.1,12.4,1
09-002-004-500329,2021-08-01,0.369,54.4,13.5,1
09-002-004-500329,2021-08-31,0.3028,55.8,14.5,1
09-002-004-500329,2021-09-30,0.3314,57.1,15.6,14
21-005-023-666269,2023-04-21,0.0175,82.2,70.4,10
21-005-023-666269,2023-05-21,0.044,83.5,71.4,40
21-005-023-666269,2023-06-20,0.0772,84.9,72.5,70
21-005-023-666269,2023-07-20,0.0832,86.2,73.5,100
21-005-023-666269,2023-08-19,0.1798,87.6,74.6,130
33-045-009-097812,2027-02-06,0.9168,26.5,62.0,1
33-045-009-097812,2027-03-08,0.8563,27.8,63.1,14
33-045-009-097812,2027-04-07,0.7719,29.2,64.1,44
33-045-009-097812,2027-05-07,0.7922,30.5,65.2,74
33-045-009-097812,2027-06-06,0.6666,31.9,66.2,104
27-025-001-660303,2022-03-15,0.5737,79.9,30.3,1
27-025-001-660303,2022-04-14,0.5338,81.2,31.4,1
27-025-001-660303,2022-05-14,0.4494,82.6,32.4,1
27-025-001-660303,2022-06-13,0.3537,84.0,33.5,1
27-025-001-660303,2022-07-13,0.3301,85.3,34.5,21
22-002-001-361870,2024-11-20,0.3733,18.2,81.0,54
22-002-001-361870,2024-12-20,0.3973,19.6,82.0,84
22-002-001-361870,2025-01-19,0.4229,20.9,83.1,114
22-002-001-361870,2025-02-18,0.5076,22.2,84.2,144
22-002-001-361870,2025-03-20,0.5018,23.6,85.2,174
27-025-022-646157,2020-08-18,0.5144,25.9,24.1,1
27-025-022-646157,2020-09-17,0.5121,27.2,25.1,1
27-025-022-646157,2020-10-17,0.5405,28.6,26.2,1
27-025-022-646157,2020-11-16,0.526,29.9,27.2,28
27-025-022-646157,2020-12-16,0.5161,31.3,28.3,58
09-015-013-630484,2025-11-25,0.5382,54.5,12.6,1
09-015-013-630484,2025-12-25,0.5266,55.9,13.7,1
09-015-013-630484,2026-01-24,0.5135,57.2,14.7,1
09-015-013-630484,2026-02-23,0.5228,58.5,15.8,30
09-015-013-630484,2026-03-25,0.5043,59.9,16.8,60
22-009-002-219883,2021-05-23,0.5468,79.6,26.8,1
22-009-002-219883,2021-06-22,0.5049,81.0,27.9,1
22-009-002-219883,2021-07-22,0.5,82.3,28.9,1
22-009-002-219883,2021-08-21,0.498,83.7,29.9,1
22-009-002-219883,2021-09-20,0.4109,85.0,31.0,11
27-025-015-665882,2025-10-03,0.3417,64.4,70.9,42
27-025-015-665882,2025-11-02,0.3742,65.8,71.9,72
27-025-015-665882,2025-12-02,0.3438,67.1,73.0,102
27-025-015-665882,2026-01-01,0.3529,68.5,74.0,132
27-025-015-665882,2026-01-31,0.3992,69.8,75.1,162
21-026-010-849923,2022-02-09,0.2222,64.4,66.4,470
21-026-010-849923,2022-03-11,0.1952,65.8,67.4,500
21-026-010-849923,2022-04-10,0.2456,67.1,68.5,530
21-026-010-849923,2022-05-10,0.2135,68.5,69.5,560
21-026-010-849923,2022-06-09,0.1917,69.8,70.6,590
33-023-003-111318,2023-02-03,0.3389,23.4,75.4,79
33-023-003-111318,2023-03-05,0.3775,24.8,76.4,109
33-023-003-111318,2023-04-04,0.4111,26.1,77.5,139
33-023-003-111318,2023-05-04,0.4257,27.4,78.5,169
33-023-003-111318,2023-06-03,0.4432,28.8,79.6,199
29-009-017-318719,2020-06-25,0.01,25.3,70.0,1
29-009-017-318719,2020-07-25,0.1256,26.6,71.0,1
29-009-017-318719,2020-08-24,0.1894,28.0,72.1,1
29-009-017-318719,2020-09-23,0.2713,29.3,73.2,1
29-009-017-318719,2020-10-23,0.3394,30.7,74.2,17
27-025-016-963898,2025-03-01,0.3354,25.8,0.0,1
27-025-016-963898,2025-03-31,0.3677,27.1,0.1,1
27-025-016-963898,2025-04-30,0.3426,28.5,1.2,1
27-025-016-963898,2025-05-30,0.3529,29.8,2.2,2
27-025-016-963898,2025-06-29,0.3235,31.2,3.3,32
21-026-001-033765,2024-01-23,0.7307,36.7,74.0,1
21-026-001-033765,2024-02-22,0.686,38.1,75.0,11
21-026-001-033765,2024-03-23,0.6067,39.4,76.1,41
21-026-001-033765,2024-04-22,0.5901,40.8,77.2,71
21-026-001-033765,2024-05-22,0.515,42.1,78.2,101
21-019-003-645108,2024-03-06,0.4159,44.3,2.5,1
21-019-003-645108,2024-04-05,0.3963,45.7,3.5,1
21-019-003-645108,2024-05-05,0.3914,47.0,4.6,1
21-019-003-645108,2024-06-04,0.3973,48.4,5.7,1
21-019-003-645108,2024-07-04,0.4346,49.7,6.7,17
23-028-011-237736,2021-10-19,0.37,68.5,7.5,62
23-028-011-237736,2021-11-18,0.443,69.9,8.5,92
23-028-011-237736,2021-12-18,0.4487,71.2,9.6,122
23-028-011-237736,2022-01-17,0.4617,72.6,10.6,152
23-028-011-237736,2022-02-16,0.5128,73.9,11.7,182
36-011-020-735729,2023-10-03,0.5654,67.5,25.7,1
36-011-020-735729,2023-11-02,0.5676,68.9,26.8,1
36-011-020-735729,2023-12-02,0.5406,70.2,27.8,21
36-011-020-735729,2024-01-01,0.4998,71.6,28.8,51
36-011-020-735729,2024-01-31,0.4887,72.9,29.9,81
21-019-007-297332,2024-03-12,0.397,52.9,22.2,112
21-019-007-297332,2024-04-11,0.4993,54.2,23.2,142
21-019-007-297332,2024-05-11,0.4753,55.6,24.3,172
21-019-007-297332,2024-06-10,0.4984,56.9,25.3,202
21-019-007-297332,2024-07-10,0.481,58.3,26.4,232
36-019-002-560534,2025-09-17,0.4877,64.8,22.2,1
36-019-002-560534,2025-10-17,0.4334,66.2,23.2,31
36-019-002-560534,2025-11-16,0.4296,67.5,24.3,61
36-019-002-560534,2025-12-16,0.3981,68.9,25.3,91
36-019-002-560534,2026-01-15,0.3629,70.2,26.4,121
27-013-003-816162,2021-05-28,0.4406,0.0,87.6,12
27-013-003-816162,2021-06-27,0.4804,1.4,88.6,42
27-013-003-816162,2021-07-27,0.4316,2.7,89.7,72
27-013-003-816162,2021-08-26,0.4687,4.1,90.8,102
27-013-003-816162,2021-09-25,0.4322,5.4,91.8,132
33-023-022-052203,2025-01-23,0.5073,58.0,5.8,1
33-023-022-052203,2025-02-22,0.5214,59.4,6.8,17
33-023-022-052203,2025-03-24,0.514,60.7,7.9,47
33-023-022-052203,2025-04-23,0.5712,62.0,8.9,77
33-023-022-052203,2025-05-23,0.5765,63.4,10.0,107
29-018-006-070607,2022-10-16,0.1463,27.2,22.6,1
29-018-006-070607,2022-11-15,0.2458,28.6,23.6,1
29-018-006-070607,2022-12-15,0.3731,29.9,24.7,1
29-018-006-070607,2023-01-14,0.4968,31.2,25.8,1
29-018-006-070607,2023-02-13,0.5907,32.6,26.8,5
21-019-009-226590,2021-01-26,0.402,87.2,26.4,1
21-019-009-226590,2021-02-25,0.3912,88.5,27.5,1
21-019-009-226590,2021-03-27,0.3503,89.9,28.5,1
21-019-009-226590,2021-04-26,0.2941,91.2,29.6,1
21-019-009-226590,2021-05-26,0.2565,92.6,30.6,27
23-028-018-298105,2025-09-17,0.4004,41.9,29.7,6
23-028-018-298105,2025-10-17,0.3954,43.2,30.8,36
23-028-018-298105,2025-11-16,0.4463,44.6,31.8,66
23-028-018-298105,2025-12-16,0.4558,45.9,32.9,96
23-028-018-298105,2026-01-15,0.446,47.3,33.9,126
22-014-004-452829,2023-07-10,0.4794,40.2,50.2,1
22-014-004-452829,2023-08-09,0.4741,41.6,51.2,1
22-014-004-452829,2023-09-08,0.4691,42.9,52.3,1
22-014-004-452829,2023-10-08,0.427,44.2,53.4,1
22-014-004-452829,2023-11-07,0.3858,45.6,54.4,22
27-013-001-641445,2025-02-27,0.3789,31.0,69.1,1
27-013-001-641445,2025-03-29,0.3784,32.4,70.1,1
27-013-001-641445,2025-04-28,0.3448,33.7,71.2,1
27-013-001-641445,2025-05-28,0.3843,35.0,72.2,1
27-013-001-641445,2025-06-27,0.3888,36.4,73.3,3
23-016-005-294751,2021-06-13,0.5246,26.9,22.9,1
23-016-005-294751,2021-07-13,0.4983,28.2,24.0,1
23-016-005-294751,2021-08-12,0.456,29.6,25.0,2
23-016-005-294751,2021-09-11,0.4442,30.9,26.1,32
23-016-005-294751,2021-10-11,0.4158,32.3,27.1,62
23-004-005-150803,2021-06-25,0.4668,21.7,22.3,1
23-004-005-150803,2021-07-25,0.4398,23.1,23.4,1
23-004-005-150803,2021-08-24,0.453,24.4,24.4,1
23-004-005-150803,2021-09-23,0.4417,25.8,25.4,1
23-004-005-150803,2021-10-23,0.4357,27.1,26.5,27
36-027-021-776499,2023-04-12,0.5568,66.6,64.9,38
36-027-021-776499,2023-05-12,0.5484,68.0,65.9,68
36-027-021-776499,2023-06-11,0.4969,69.3,67.0,98
36-027-021-776499,2023-07-11,0.4768,70.7,68.0,128
36-027-021-776499,2023-08-10,0.3949,72.0,69.1,158
36-003-002-181890,2023-10-29,0.0489,27.3,40.2,1
36-003-002-181890,2023-11-28,0.1015,28.7,41.2,1
36-003-002-181890,2023-12-28,0.2099,30.0,42.3,1
36-003-002-181890,2024-01-27,0.2686,31.4,43.4,24
36-003-002-181890,2024-02-26,0.3679,32.7,44.4,54
33-023-024-641523,2020-12-17,0.3653,57.4,80.7,1
33-023-024-641523,2021-01-16,0.3396,58.8,81.8,1
33-023-024-641523,2021-02-15,0.2889,60.1,82.8,1
33-023-024-641523,2021-03-17,0.2663,61.4,83.9,3
33-023-024-641523,2021-04-16,0.2859,62.8,84.9,33
23-028-024-197282,2022-11-27,0.0124,46.3,48.9,1
23-028-024-197282,2022-12-27,0.1085,47.7,50.0,1
23-028-024-197282,2023-01-26,0.2072,49.0,51.0,25
23-028-024-197282,2023-02-25,0.2941,50.4,52.1,55
23-028-024-197282,2023-03-27,0.4305,51.7,53.1,85
33-014-013-611333,2021-04-17,0.2586,52.4,34.9,233
33-014-013-611333,2021-05-17,0.3332,53.8,36.0,263
33-014-013-611333,2021-06-16,0.3607,55.1,37.0,293
33-014-013-611333,2021-07-16,0.4203,56.4,38.1,323
33-014-013-611333,2021-08-15,0.4379,57.8,39.1,353
36-027-013-769515,2023-03-02,0.1161,62.3,10.6,1
36-027-013-769515,2023-04-01,0.1897,63.7,11.7,1
36-027-013-769515,2023-05-01,0.2502,65.0,12.7,13
36-027-013-769515,2023-05-31,0.3492,66.4,13.8,43
36-027-013-769515,2023-06-30,0.4313,67.7,14.8,73
21-026-010-001443,2021-09-05,0.2766,49.6,7.2,1
21-026-010-001443,2021-10-05,0.2686,51.0,8.2,1
21-026-010-001443,2021-11-04,0.3049,52.3,9.3,1
21-026-010-001443,2021-12-04,0.3362,53.6,10.3,16
21-026-010-001443,2022-01-03,0.3475,55.0,11.4,46
27-001-002-170453,2025-01-21,0.3659,89.3,38.9,100
27-001-002-170453,2025-02-20,0.3369,90.7,40.0,130
27-001-002-170453,2025-03-22,0.2946,92.0,41.0,160
27-001-002-170453,2025-04-21,0.2453,93.4,42.1,190
27-001-002-170453,2025-05-21,0.256,94.7,43.1,220
27-001-019-044121,2021-12-11,0.2152,39.8,37.6,1
27-001-019-044121,2022-01-10,0.2749,41.2,38.6,21
27-001-019-044121,2022-02-09,0.3348,42.5,39.7,51
27-001-019-044121,2022-03-11,0.3594,43.9,40.8,81
27-001-019-044121,2022-04-10,0.4549,45.2,41.8,111
09-015-009-180643,2022-03-31,0.4982,31.6,20.5,1
09-015-009-180643,2022-04-30,0.5341,33.0,21.5,1
09-015-009-180643,2022-05-30,0.5638,34.3,22.6,1
09-015-009-180643,2022-06-29,0.5413,35.6,23.6,1
09-015-009-180643,2022-07-29,0.5831,37.0,24.7,29
22-009-023-040045,2024-11-01,0.01,53.5,9.0,53
22-009-023-040045,2024-12-01,0.0851,54.9,10.0,83
22-009-023-040045,2024-12-31,0.1133,56.2,11.1,113
22-009-023-040045,2025-01-30,0.1492,57.5,12.1,143
22-009-023-040045,2025-03-01,0.2136,58.9,13.2,173
09-002-024-994533,2024-08-31,0.3079,29.5,18.8,1
09-002-024-994533,2024-09-30,0.3785,30.8,19.9,1
09-002-024-994533,2024-10-30,0.429,32.2,20.9,1
09-002-024-994533,2024-11-29,0.473,33.5,21.9,1
09-002-024-994533,2024-12-29,0.5494,34.9,23.0,14
23-033-017-079894,2026-01-03,0.99,46.0,14.7,1
23-033-017-079894,2026-02-02,0.9239,47.4,15.7,1
23-033-017-079894,2026-03-04,0.8512,48.7,16.8,1
23-033-017-079894,2026-04-03,0.7479,50.0,17.8,1
23-033-017-079894,2026-05-03,0.6728,51.4,18.9,21
36-003-020-722251,2023-07-01,0.4186,50.9,55.9,119
36-003-020-722251,2023-07-31,0.4626,52.2,57.0,149
36-003-020-722251,2023-08-30,0.468,53.6,58.0,179
36-003-020-722251,2023-09-29,0.5244,54.9,59.1,209
36-003-020-722251,2023-10-29,0.5806,56.3,60.1,239
22-018-007-031791,2022-08-06,0.5695,3.7,31.6,1
22-018-007-031791,2022-09-05,0.5687,5.0,32.6,1
22-018-007-031791,2022-10-05,0.611,6.4,33.7,1
22-018-007-031791,2022-11-04,0.6531,7.8,34.8,1
22-018-007-031791,2022-12-04,0.6899,9.1,35.8,3
23-004-002-021181,2022-05-30,0.3352,57.0,81.0,1
23-004-002-021181,2022-06-29,0.3819,58.4,82.0,25
23-004-002-021181,2022-07-29,0.4216,59.7,83.1,55
23-004-002-021181,2022-08-28,0.4882,61.0,84.2,85
23-004-002-021181,2022-09-27,0.5329,62.4,85.2,115
29-009-006-340166,2023-05-29,0.6122,67.6,14.4,129
29-009-006-340166,2023-06-28,0.6118,69.0,15.5,159
29-009-006-340166,2023-07-28,0.5527,70.3,16.5,189
29-009-006-340166,2023-08-27,0.5433,71.7,17.6,219
29-009-006-340166,2023-09-26,0.5353,73.0,18.6,249
23-033-007-742467,2025-05-12,0.6558,60.6,12.1,229
23-033-007-742467,2025-06-11,0.6504,62.0,13.2,259
23-033-007-742467,2025-07-11,0.6275,63.3,14.2,289
23-033-007-742467,2025-08-10,0.6215,64.7,15.2,319
23-033-007-742467,2025-09-09,0.5735,66.0,16.3,349
33-045-002-169773,2025-11-13,0.253,40.0,36.9,1
33-045-002-169773,2025-12-13,0.2725,41.4,38.0,28
33-045-002-169773,2026-01-12,0.3207,42.7,39.0,58
33-045-002-169773,2026-02-11,0.3514,44.0,40.1,88
33-045-002-169773,2026-03-13,0.376,45.4,41.1,118
27-001-019-900824,2026-04-24,0.99,37.4,43.0,1
27-001-019-900824,2026-05-24,0.99,38.8,44.1,22
27-001-019-900824,2026-06-23,0.9382,40.1,45.1,52
27-001-019-900824,2026-07-23,0.7918,41.4,46.2,82
27-001-019-900824,2026-08-22,0.6346,42.8,47.2,112
29-009-004-318285,2020-09-09,0.7655,18.6,42.4,1
29-009-004-318285,2020-10-09,0.6996,19.9,43.5,1
29-009-004-318285,2020-11-08,0.5977,21.3,44.5,1
29-009-004-318285,2020-12-08,0.586,22.6,45.6,10
29-009-004-318285,2021-01-07,0.5021,24.0,46.6,40
36-027-013-339968,2022-01-02,0.4194,34.2,9.8,1
36-027-013-339968,2022-02-01,0.4196,35.6,10.8,1
36-027-013-339968,2022-03-03,0.368,36.9,11.9,1
36-027-013-339968,2022-04-02,0.4053,38.2,12.9,1
36-027-013-339968,2022-05-02,0.3387,39.6,14.0,17
27-037-008-686288,2020-08-13,0.01,19.2,19.1,181
27-037-008-686288,2020-09-12,0.0874,20.6,20.1,211
27-037-008-686288,2020-10-12,0.1892,21.9,21.2,241
27-037-008-686288,2020-11-11,0.3293,23.2,22.2,271
27-037-008-686288,2020-12-11,0.4798,24.6,23.3,301
29-018-008-164220,2024-05-28,0.2982,58.0,24.2,12
29-018-008-164220,2024-06-27,0.3395,59.4,25.2,42
29-018-008-164220,2024-07-27,0.4512,60.7,26.3,72
29-018-008-164220,2024-08-26,0.4853,62.0,27.3,102
29-018-008-164220,2024-09-25,0.5887,63.4,28.4,132
27-037-018-273093,2026-04-25,0.7377,59.3,10.6,1
27-037-018-273093,2026-05-25,0.6259,60.7,11.7,1
27-037-018-273093,2026-06-24,0.6142,62.0,12.7,1
27-037-018-273093,2026-07-24,0.5774,63.4,13.8,1
27-037-018-273093,2026-08-23,0.531,64.7,14.8,17
22-002-022-420389,2026-04-25,0.1897,72.4,38.3,1
22-002-022-420389,2026-05-25,0.2671,73.8,39.4,1
22-002-022-420389,2026-06-24,0.3132,75.1,40.4,1
22-002-022-420389,2026-07-24,0.3957,76.5,41.5,1
22-002-022-420389,2026-08-23,0.4663,77.8,42.5,16
09-044-014-641225,2026-04-25,0.8175,20.7,35.1,255
09-044-014-641225,2026-05-25,0.7607,22.1,36.1,285
09-044-014-641225,2026-06-24,0.6869,23.4,37.2,315
09-044-014-641225,2026-07-24,0.6275,24.8,38.2,345
09-044-014-641225,2026-08-23,0.5476,26.1,39.3,375
21-005-024-337424,2026-04-25,0.3333,59.3,70.4,1
21-005-024-337424,2026-05-25,0.3248,60.7,71.4,1
21-005-024-337424,2026-06-24,0.3032,62.0,72.5,29
21-005-024-337424,2026-07-24,0.3246,63.4,73.5,59
21-005-024-337424,2026-08-23,0.2928,64.7,74.6,89
23-004-006-093855,2026-04-25,0.01,47.4,25.6,61
23-004-006-093855,2026-05-25,0.01,48.8,26.6,91
23-004-006-093855,2026-06-24,0.01,50.1,27.7,121
23-004-006-093855,2026-07-24,0.1214,51.4,28.8,151
23-004-006-093855,2026-08-23,0.1535,52.8,29.8,181
36-027-007-288778,2026-04-25,0.4553,87.3,26.3,1
36-027-007-288778,2026-05-25,0.4235,88.7,27.4,1
36-027-007-288778,2026-06-24,0.3294,90.0,28.4,10
36-027-007-288778,2026-07-24,0.294,91.4,29.4,40
36-027-007-288778,2026-08-23,0.2026,92.7,30.5,70
21-026-014-370727,2026-04-25,0.8475,17.5,67.2,60
21-026-014-370727,2026-05-25,0.7086,18.8,68.2,90
21-026-014-370727,2026-06-24,0.7072,20.2,69.3,120
21-026-014-370727,2026-07-24,0.6312,21.5,70.4,150
21-026-014-370727,2026-08-23,0.5819,22.9,71.4,180
29-009-016-192964,2026-04-25,0.99,29.6,15.6,112
29-009-016-192964,2026-05-25,0.99,30.9,16.6,142
29-009-016-192964,2026-06-24,0.9304,32.3,17.7,172
29-009-016-192964,2026-07-24,0.7954,33.6,18.8,202
29-009-016-192964,2026-08-23,0.688,35.0,19.8,232
36-019-003-705316,2026-04-25,0.2537,34.3,61.5,47
36-019-003-705316,2026-05-25,0.2763,35.7,62.6,77
36-019-003-705316,2026-06-24,0.2836,37.0,63.6,107
36-019-003-705316,2026-07-24,0.3193,38.4,64.7,137
36-019-003-705316,2026-08-23,0.341,39.7,65.7,167
36-003-020-070680,2026-04-25,0.6748,56.2,23.5,1
36-003-020-070680,2026-05-25,0.5674,57.6,24.5,12
36-003-020-070680,2026-06-24,0.4418,58.9,25.6,42
36-003-020-070680,2026-07-24,0.3598,60.2,26.6,72
36-003-020-070680,2026-08-23,0.2198,61.6,27.7,102
22-009-020-203958,2026-04-25,0.5771,50.4,13.3,1
22-009-020-203958,2026-05-25,0.6019,51.8,14.3,11
22-009-020-203958,2026-06-24,0.584,53.1,15.4,41
22-009-020-203958,2026-07-24,0.5723,54.4,16.4,71
22-009-020-203958,2026-08-23,0.5474,55.8,17.5,101
22-009-002-176327,2026-04-25,0.3471,43.5,17.1,2
22-009-002-176327,2026-05-25,0.2686,44.9,18.1,32
22-009-002-176327,2026-06-24,0.2415,46.2,19.2,62
22-009-002-176327,2026-07-24,0.2018,47.5,20.2,92
22-009-002-176327,2026-08-23,0.164,48.9,21.3,122
09-044-016-605257,2026-04-25,0.5967,18.7,56.3,1
09-044-016-605257,2026-05-25,0.6141,20.1,57.4,1
09-044-016-605257,2026-06-24,0.5707,21.4,58.4,2
09-044-016-605257,2026-07-24,0.5538,22.8,59.5,32
09-044-016-605257,2026-08-23,0.5775,24.1,60.5,62
29-018-018-118244,2026-04-25,0.1169,84.7,37.8,100
29-018-018-118244,2026-05-25,0.1385,86.0,38.9,130
29-018-018-118244,2026-06-24,0.2601,87.4,39.9,160
29-018-018-118244,2026-07-24,0.3395,88.8,41.0,190
29-018-018-118244,2026-08-23,0.4316,90.1,42.0,220
09-015-015-984880,2026-04-25,0.1434,77.2,54.6,45
09-015-015-984880,2026-05-25,0.2355,78.5,55.6,75
09-015-015-984880,2026-06-24,0.2633,79.9,56.7,105
09-015-015-984880,2026-07-24,0.2458,81.2,57.8,135
09-015-015-984880,2026-08-23,0.2712,82.6,58.8,165
22-014-013-719914,2026-04-25,0.99,27.2,50.5,1
22-014-013-719914,2026-05-25,0.9585,28.6,51.6,30
22-014-013-719914,2026-06-24,0.8038,29.9,52.6,60
22-014-013-719914,2026-07-24,0.7097,31.2,53.7,90
22-014-013-719914,2026-08-23,0.5938,32.6,54.7,120
09-002-018-699715,2026-04-25,0.539,35.6,5.6,1
09-002-018-699715,2026-05-25,0.5414,37.0,6.7,3
09-002-018-699715,2026-06-24,0.5443,38.3,7.7,33
09-002-018-699715,2026-07-24,0.4895,39.6,8.8,63
09-002-018-699715,2026-08-23,0.4807,41.0,9.8,93
33-014-017-005215,2026-04-25,0.0827,34.7,49.2,1
33-014-017-005215,2026-05-25,0.2083,36.1,50.2,1
33-014-017-005215,2026-06-24,0.2728,37.4,51.3,1
33-014-017-005215,2026-07-24,0.3323,38.8,52.4,1
33-014-017-005215,2026-08-23,0.421,40.1,53.4,3
09-002-014-978881,2026-04-25,0.1359,43.9,25.6,1
09-002-014-978881,2026-05-25,0.2085,45.2,26.6,1
09-002-014-978881,2026-06-24,0.3023,46.6,27.7,1
09-002-014-978881,2026-07-24,0.356,47.9,28.8,1
09-002-014-978881,2026-08-23,0.4221,49.3,29.8,20
29-007-005-512685,2026-04-25,0.4932,6.2,64.3,219
29-007-005-512685,2026-05-25,0.4714,7.5,65.3,249
29-007-005-512685,2026-06-24,0.4872,8.9,66.4,279
29-007-005-512685,2026-07-24,0.4564,10.2,67.5,309
29-007-005-512685,2026-08-23,0.4239,11.6,68.5,339
21-005-003-657654,2026-04-25,0.4335,48.6,12.5,1
21-005-003-657654,2026-05-25,0.4468,50.0,13.5,5
21-005-003-657654,2026-06-24,0.5047,51.3,14.6,35
21-005-003-657654,2026-07-24,0.5309,52.6,15.6,65
21-005-003-657654,2026-08-23,0.5591,54.0,16.7,95
22-009-007-337564,2026-04-25,0.6581,13.0,48.2,1
22-009-007-337564,2026-05-25,0.6455,14.3,49.2,1
22-009-007-337564,2026-06-24,0.5827,15.7,50.3,1
22-009-007-337564,2026-07-24,0.6414,17.0,51.4,16
22-009-007-337564,2026-08-23,0.5984,18.4,52.4,46
21-012-024-149588,2026-04-25,0.01,45.4,36.7,20
21-012-024-149588,2026-05-25,0.0643,46.8,37.8,50
21-012-024-149588,2026-06-24,0.1736,48.1,38.8,80
21-012-024-149588,2026-07-24,0.2842,49.4,39.9,110
21-012-024-149588,2026-08-23,0.3778,50.8,40.9,140
29-022-008-374630,2026-04-25,0.455,62.6,58.3,175
29-022-008-374630,2026-05-25,0.5144,64.0,59.4,205
29-022-008-374630,2026-06-24,0.5148,65.3,60.4,235
29-022-008-374630,2026-07-24,0.5532,66.7,61.5,265
29-022-008-374630,2026-08-23,0.5447,68.0,62.5,295
29-009-010-716020,2026-04-25,0.5684,57.2,6.3,1
29-009-010-716020,2026-05-25,0.4735,58.6,7.3,1
29-009-010-716020,2026-06-24,0.4184,59.9,8.4,1
29-009-010-716020,2026-07-24,0.337,61.2,9.4,16
29-009-010-716020,2026-08-23,0.2596,62.6,10.5,46
09-002-008-247131,2026-04-25,0.653,39.1,17.3,1
09-002-008-247131,2026-05-25,0.5732,40.5,18.4,24
09-002-008-247131,2026-06-24,0.5438,41.8,19.4,54
09-002-008-247131,2026-07-24,0.5119,43.1,20.4,84
09-002-008-247131,2026-08-23,0.4606,44.5,21.5,114
33-045-019-735619,2026-04-25,0.8773,17.7,55.7,1
33-045-019-735619,2026-05-25,0.8476,19.1,56.8,1
33-045-019-735619,2026-06-24,0.7675,20.4,57.8,24
33-045-019-735619,2026-07-24,0.6517,21.8,58.9,54
33-045-019-735619,2026-08-23,0.5844,23.1,59.9,84
23-028-009-366887,2026-04-25,0.156,69.0,21.5,1
23-028-009-366887,2026-05-25,0.2323,70.4,22.5,1
23-028-009-366887,2026-06-24,0.2908,71.7,23.6,1
23-028-009-366887,2026-07-24,0.3458,73.1,24.6,31
23-028-009-366887,2026-08-23,0.3685,74.4,25.7,61
09-002-024-838219,2026-04-25,0.4681,55.0,17.6,216
09-002-024-838219,2026-05-25,0.4946,56.4,18.6,246
09-002-024-838219,2026-06-24,0.5824,57.7,19.7,276
09-002-024-838219,2026-07-24,0.6157,59.0,20.8,306
09-002-024-838219,2026-08-23,0.6333,60.4,21.8,336
09-015-013-453498,2026-04-25,0.3149,44.6,3.7,1
09-015-013-453498,2026-05-25,0.3783,46.0,4.8,1
09-015-013-453498,2026-06-24,0.4012,47.3,5.8,1
09-015-013-453498,2026-07-24,0.4901,48.6,6.9,22
09-015-013-453498,2026-08-23,0.5643,50.0,7.9,52
21-026-020-567288,2026-04-25,0.2457,39.5,40.3,1
21-026-020-567288,2026-05-25,0.2782,40.9,41.4,1
21-026-020-567288,2026-06-24,0.32,42.2,42.4,14
21-026-020-567288,2026-07-24,0.3347,43.5,43.5,44
21-026-020-567288,2026-08-23,0.359,44.9,44.5,74
22-002-007-592318,2026-04-25,0.6871,35.0,50.0,1
22-002-007-592318,2026-05-25,0.5944,36.4,51.1,1
22-002-007-592318,2026-06-24,0.5925,37.7,52.1,1
22-002-007-592318,2026-07-24,0.5426,39.0,53.2,1
22-002-007-592318,2026-08-23,0.5346,40.4,54.2,23
22-014-005-537148,2026-04-25,0.8122,39.6,0.4,63
22-014-005-537148,2026-05-25,0.7092,41.0,1.4,93
22-014-005-537148,2026-06-24,0.5333,42.3,2.5,123
22-014-005-537148,2026-07-24,0.4328,43.6,3.5,153
22-014-005-537148,2026-08-23,0.3238,45.0,4.6,183
27-001-009-520920,2026-04-25,0.5532,0.0,84.6,1
27-001-009-520920,2026-05-25,0.5534,1.2,85.6,1
27-001-009-520920,2026-06-24,0.5153,2.5,86.7,20
27-001-009-520920,2026-07-24,0.5042,3.9,87.8,50
27-001-009-520920,2026-08-23,0.4884,5.2,88.8,80
27-025-017-599201,2026-04-25,0.4027,82.4,50.7,1
27-025-017-599201,2026-05-25,0.3695,83.8,51.8,1
27-025-017-599201,2026-06-24,0.3716,85.1,52.8,1
27-025-017-599201,2026-07-24,0.3147,86.5,53.9,8
27-025-017-599201,2026-08-23,0.2892,87.8,54.9,38
36-019-009-063906,2026-04-25,0.2527,40.8,10.5,192
36-019-009-063906,2026-05-25,0.2535,42.2,11.5,222
36-019-009-063906,2026-06-24,0.3243,43.5,12.6,252
36-019-009-063906,2026-07-24,0.3446,44.9,13.6,282
36-019-009-063906,2026-08-23,0.391,46.2,14.7,312
33-023-012-850145,2026-04-25,0.6205,40.4,35.6,1
33-023-012-850145,2026-05-25,0.6013,41.8,36.6,1
33-023-012-850145,2026-06-24,0.5789,43.1,37.7,1
33-023-012-850145,2026-07-24,0.6106,44.4,38.8,30
33-023-012-850145,2026-08-23,0.6012,45.8,39.8,60
22-009-008-472058,2026-04-25,0.6501,89.8,16.6,56
22-009-008-472058,2026-05-25,0.6269,91.2,17.6,86
22-009-008-472058,2026-06-24,0.5524,92.5,18.7,116
22-009-008-472058,2026-07-24,0.481,93.9,19.8,146
22-009-008-472058,2026-08-23,0.3301,95.2,20.8,176
33-045-020-321548,2026-04-25,0.1339,36.2,2.4,1
33-045-020-321548,2026-05-25,0.2209,37.6,3.4,1
33-045-020-321548,2026-06-24,0.3051,38.9,4.5,1
33-045-020-321548,2026-07-24,0.4228,40.2,5.5,1
33-045-020-321548,2026-08-23,0.507,41.6,6.6,3
21-019-008-698182,2026-04-25,0.1268,87.2,36.3,1
21-019-008-698182,2026-05-25,0.1292,88.5,37.4,1
21-019-008-698182,2026-06-24,0.1588,89.9,38.4,1
21-019-008-698182,2026-07-24,0.1258,91.2,39.5,21
21-019-008-698182,2026-08-23,0.1221,92.6,40.5,51
27-013-002-146772,2026-04-25,0.9166,41.0,23.3,1
27-013-002-146772,2026-05-25,0.8117,42.4,24.4,1
27-013-002-146772,2026-06-24,0.7028,43.7,25.4,2
27-013-002-146772,2026-07-24,0.6555,45.0,26.4,32
27-013-002-146772,2026-08-23,0.5745,46.4,27.5,62
29-018-011-534431,2026-04-25,0.433,41.6,59.0,1
29-018-011-534431,2026-05-25,0.439,43.0,60.1,1
29-018-011-534431,2026-06-24,0.4972,44.3,61.1,1
29-018-011-534431,2026-07-24,0.5534,45.6,62.2,1
29-018-011-534431,2026-08-23,0.5602,47.0,63.2,16
21-005-017-021538,2026-04-25,0.8543,15.0,77.5,511
21-005-017-021538,2026-05-25,0.6921,16.3,78.5,541
21-005-017-021538,2026-06-24,0.5856,17.7,79.6,571
21-005-017-021538,2026-07-24,0.4479,19.0,80.7,601
21-005-017-021538,2026-08-23,0.3173,20.4,81.7,631
27-025-024-358473,2026-04-25,0.5076,74.4,27.1,1
27-025-024-358473,2026-05-25,0.5296,75.8,28.1,1
27-025-024-358473,2026-06-24,0.4958,77.1,29.2,1
27-025-024-358473,2026-07-24,0.4612,78.5,30.2,1
27-025-024-358473,2026-08-23,0.4575,79.8,31.3,26
21-005-007-105539,2026-04-25,0.3322,52.7,31.0,1
21-005-007-105539,2026-05-25,0.3749,54.1,32.1,1
21-005-007-105539,2026-06-24,0.336,55.4,33.1,1
21-005-007-105539,2026-07-24,0.3539,56.8,34.2,1
21-005-007-105539,2026-08-23,0.318,58.1,35.2,3
09-002-005-820092,2026-04-25,0.8295,58.5,6.1,1
09-002-005-820092,2026-05-25,0.79,59.9,7.2,1
09-002-005-820092,2026-06-24,0.7384,61.2,8.2,1
09-002-005-820092,2026-07-24,0.6642,62.5,9.2,25
09-002-005-820092,2026-08-23,0.606,63.9,10.3,55
22-014-011-799681,2026-04-25,0.9343,61.8,22.1,1
22-014-011-799681,2026-05-25,0.8259,63.2,23.1,1
22-014-011-799681,2026-06-24,0.7393,64.5,24.2,1
22-014-011-799681,2026-07-24,0.6598,65.9,25.2,1
22-014-011-799681,2026-08-23,0.564,67.2,26.3,24
27-001-002-554599,2026-04-25,0.6901,35.1,30.4,1
27-001-002-554599,2026-05-25,0.6246,36.5,31.5,1
27-001-002-554599,2026-06-24,0.609,37.8,32.5,22
27-001-002-554599,2026-07-24,0.5272,39.1,33.6,52
27-001-002-554599,2026-08-23,0.518,40.5,34.6,82
23-016-024-215387,2026-04-25,0.01,38.5,37.8,1
23-016-024-215387,2026-05-25,0.0733,39.9,38.9,1
23-016-024-215387,2026-06-24,0.2218,41.2,39.9,1
23-016-024-215387,2026-07-24,0.2952,42.5,41.0,29
23-016-024-215387,2026-08-23,0.4468,43.9,42.0,59
33-014-021-996444,2026-04-25,0.3915,16.5,31.0,1
33-014-021-996444,2026-05-25,0.4358,17.8,32.1,1
33-014-021-996444,2026-06-24,0.4205,19.2,33.1,1
33-014-021-996444,2026-07-24,0.4792,20.5,34.2,1
33-014-021-996444,2026-08-23,0.4725,21.9,35.2,15
36-011-021-000186,2026-04-25,0.5012,42.7,46.8,1
36-011-021-000186,2026-05-25,0.4473,44.1,47.9,1
36-011-021-000186,2026-06-24,0.4424,45.4,48.9,1
36-011-021-000186,2026-07-24,0.4613,46.8,50.0,1
36-011-021-000186,2026-08-23,0.4638,48.1,51.0,25
27-025-006-055986,2026-04-25,0.3253,44.0,58.9,1
27-025-006-055986,2026-05-25,0.3906,45.4,60.0,1
27-025-006-055986,2026-06-24,0.376,46.7,61.0,31
27-025-006-055986,2026-07-24,0.3816,48.0,62.1,61
27-025-006-055986,2026-08-23,0.4276,49.4,63.1,91
23-033-023-979338,2026-04-25,0.3573,40.0,0.0,1
23-033-023-979338,2026-05-25,0.3893,41.4,0.0,1
23-033-023-979338,2026-06-24,0.4335,42.7,0.6,1
23-033-023-979338,2026-07-24,0.5017,44.0,1.7,1
23-033-023-979338,2026-08-23,0.5761,45.4,2.7,17
23-028-003-517002,2026-04-25,0.6802,17.4,12.9,1
23-028-003-517002,2026-05-25,0.6291,18.8,14.0,1
23-028-003-517002,2026-06-24,0.5923,20.1,15.0,1
23-028-003-517002,2026-07-24,0.5634,21.4,16.1,1
23-028-003-517002,2026-08-23,0.5296,22.8,17.1,11
09-002-012-096995,2026-04-25,0.1593,35.8,53.2,1
09-002-012-096995,2026-05-25,0.2048,37.2,54.2,1
09-002-012-096995,2026-06-24,0.3822,38.5,55.3,13
09-002-012-096995,2026-07-24,0.4148,39.9,56.4,43
09-002-012-096995,2026-08-23,0.5503,41.2,57.4,73
22-009-021-927813,2026-04-25,0.0161,47.2,9.5,1
22-009-021-927813,2026-05-25,0.113,48.6,10.5,1
22-009-021-927813,2026-06-24,0.1528,49.9,11.6,9
22-009-021-927813,2026-07-24,0.2054,51.2,12.6,39
22-009-021-927813,2026-08-23,0.2575,52.6,13.7,69
36-027-022-025842,2026-04-25,0.4,0.0,14.5,1
36-027-022-025842,2026-05-25,0.3819,0.0,15.5,1
36-027-022-025842,2026-06-24,0.4271,0.1,16.6,1
36-027-022-025842,2026-07-24,0.4392,1.4,17.6,1
36-027-022-025842,2026-08-23,0.43,2.8,18.7,21
27-013-023-822545,2026-04-25,0.2803,42.3,32.4,148
27-013-023-822545,2026-05-25,0.2265,43.7,33.5,178
27-013-023-822545,2026-06-24,0.2677,45.0,34.5,208
27-013-023-822545,2026-07-24,0.2111,46.4,35.6,238
27-013-023-822545,2026-08-23,0.2212,47.7,36.6,268
22-002-009-216421,2026-04-25,0.2696,53.6,12.4,1
22-002-009-216421,2026-05-25,0.3275,55.0,13.5,1
22-002-009-216421,2026-06-24,0.4151,56.3,14.5,1
22-002-009-216421,2026-07-24,0.3998,57.6,15.6,1
22-002-009-216421,2026-08-23,0.474,59.0,16.6,8
27-025-012-427552,2026-04-25,0.4002,42.9,31.7,1
27-025-012-427552,2026-05-25,0.4021,44.2,32.8,1
27-025-012-427552,2026-06-24,0.3243,45.6,33.8,1
27-025-012-427552,2026-07-24,0.3099,46.9,34.9,19
27-025-012-427552,2026-08-23,0.3154,48.3,35.9,49
21-012-016-832029,2026-04-25,0.4383,80.8,38.0,1
21-012-016-832029,2026-05-25,0.4264,82.2,39.1,1
21-012-016-832029,2026-06-24,0.3804,83.5,40.1,5
21-012-016-832029,2026-07-24,0.3622,84.9,41.2,35
21-012-016-832029,2026-08-23,0.3604,86.2,42.2,65
27-037-005-932752,2026-04-25,0.4906,57.4,15.8,52
27-037-005-932752,2026-05-25,0.4729,58.8,16.9,82
27-037-005-932752,2026-06-24,0.4254,60.1,17.9,112
27-037-005-932752,2026-07-24,0.4312,61.4,18.9,142
27-037-005-932752,2026-08-23,0.3863,62.8,20.0,172
21-005-015-592807,2026-04-25,0.4154,59.0,15.7,1
21-005-015-592807,2026-05-25,0.3773,60.4,16.8,1
21-005-015-592807,2026-06-24,0.406,61.7,17.8,31
21-005-015-592807,2026-07-24,0.4111,63.1,18.8,61
21-005-015-592807,2026-08-23,0.4375,64.4,19.9,91
29-022-005-835678,2026-04-25,0.5265,51.6,76.6,1
29-022-005-835678,2026-05-25,0.5848,53.0,77.6,1
29-022-005-835678,2026-06-24,0.6801,54.3,78.7,18
29-022-005-835678,2026-07-24,0.753,55.6,79.8,48
29-022-005-835678,2026-08-23,0.7872,57.0,80.8,78
23-033-002-472071,2026-04-25,0.1903,8.4,23.0,1
23-033-002-472071,2026-05-25,0.2934,9.8,24.0,1
23-033-002-472071,2026-06-24,0.3922,11.1,25.1,1
23-033-002-472071,2026-07-24,0.4785,12.5,26.1,1
23-033-002-472071,2026-08-23,0.5408,13.8,27.2,3
21-019-002-373494,2026-04-25,0.2588,73.0,12.5,1
21-019-002-373494,2026-05-25,0.2766,74.4,13.5,1
21-019-002-373494,2026-06-24,0.3165,75.7,14.6,1
21-019-002-373494,2026-07-24,0.3904,77.1,15.6,1
21-019-002-373494,2026-08-23,0.4028,78.4,16.7,26
22-009-014-331358,2026-04-25,0.3996,58.0,63.3,1
22-009-014-331358,2026-05-25,0.3439,59.4,64.3,13
22-009-014-331358,2026-06-24,0.299,60.7,65.4,43
22-009-014-331358,2026-07-24,0.2659,62.0,66.5,73
22-009-014-331358,2026-08-23,0.2414,63.4,67.5,103
33-045-007-088086,2026-04-25,0.7993,41.3,5.7,41
33-045-007-088086,2026-05-25,0.6906,42.7,6.8,71
33-045-007-088086,2026-06-24,0.637,44.0,7.8,101
33-045-007-088086,2026-07-24,0.528,45.4,8.8,131
33-045-007-088086,2026-08-23,0.4791,46.7,9.9,161
36-019-019-608716,2026-04-25,0.5443,45.2,30.9,1
36-019-019-608716,2026-05-25,0.5749,46.6,32.0,1
36-019-019-608716,2026-06-24,0.5415,47.9,33.0,8
36-019-019-608716,2026-07-24,0.505,49.2,34.1,38
36-019-019-608716,2026-08-23,0.5423,50.6,35.1,68
33-045-020-784492,2026-04-25,0.3509,59.7,86.1,68
33-045-020-784492,2026-05-25,0.2887,61.0,87.1,98
33-045-020-784492,2026-06-24,0.2427,62.4,88.2,128
33-045-020-784492,2026-07-24,0.2056,63.7,89.2,158
33-045-020-784492,2026-08-23,0.1734,65.1,90.3,188
33-031-014-681066,2026-04-25,0.8603,31.3,0.0,1
33-031-014-681066,2026-05-25,0.7758,32.7,0.0,1
33-031-014-681066,2026-06-24,0.7113,34.0,0.4,27
33-031-014-681066,2026-07-24,0.7053,35.4,1.4,57
33-031-014-681066,2026-08-23,0.638,36.7,2.5,87
27-037-002-254678,2026-04-25,0.01,49.7,63.7,1
27-037-002-254678,2026-05-25,0.01,51.1,64.8,1
27-037-002-254678,2026-06-24,0.01,52.4,65.8,1
27-037-002-254678,2026-07-24,0.0572,53.8,66.9,1
27-037-002-254678,2026-08-23,0.1845,55.1,67.9,3
36-019-015-521734,2026-04-25,0.0575,84.3,29.9,210
36-019-015-521734,2026-05-25,0.1156,85.7,31.0,240
36-019-015-521734,2026-06-24,0.2179,87.0,32.0,270
36-019-015-521734,2026-07-24,0.3138,88.4,33.1,300
36-019-015-521734,2026-08-23,0.4098,89.7,34.1,330
21-026-001-457850,2026-04-25,0.5266,7.5,46.9,49
21-026-001-457850,2026-05-25,0.5466,8.9,48.0,79
21-026-001-457850,2026-06-24,0.5466,10.2,49.0,109
21-026-001-457850,2026-07-24,0.5308,11.6,50.1,139
21-026-001-457850,2026-08-23,0.5399,12.9,51.1,169
22-009-015-710252,2026-04-25,0.1612,49.5,25.7,1
22-009-015-710252,2026-05-25,0.1718,50.9,26.8,1
22-009-015-710252,2026-06-24,0.2168,52.2,27.8,1
22-009-015-710252,2026-07-24,0.2024,53.5,28.8,1
22-009-015-710252,2026-08-23,0.2233,54.9,29.9,29
21-019-001-187413,2026-04-25,0.7889,22.2,47.5,128
21-019-001-187413,2026-05-25,0.7513,23.6,48.6,158
21-019-001-187413,2026-06-24,0.6743,24.9,49.6,188
21-019-001-187413,2026-07-24,0.5858,26.2,50.7,218
21-019-001-187413,2026-08-23,0.5895,27.6,51.7,248
33-045-014-879637,2026-04-25,0.4988,73.6,85.4,54
33-045-014-879637,2026-05-25,0.4543,75.0,86.4,84
33-045-014-879637,2026-06-24,0.4141,76.3,87.5,114
33-045-014-879637,2026-07-24,0.3915,77.7,88.5,144
33-045-014-879637,2026-08-23,0.3748,79.0,89.6,174
27-001-023-118983,2026-04-25,0.3988,75.3,20.3,1
27-001-023-118983,2026-05-25,0.3827,76.7,21.4,1
27-001-023-118983,2026-06-24,0.4421,78.0,22.4,1
27-001-023-118983,2026-07-24,0.435,79.4,23.4,4
27-001-023-118983,2026-08-23,0.4712,80.7,24.5,34
33-031-008-004122,2026-04-25,0.3543,40.4,57.4,1
33-031-008-004122,2026-05-25,0.4096,41.8,58.5,1
33-031-008-004122,2026-06-24,0.5101,43.1,59.5,1
33-031-008-004122,2026-07-24,0.5733,44.4,60.6,1
33-031-008-004122,2026-08-23,0.6167,45.8,61.6,19
29-018-002-309194,2026-04-25,0.639,43.8,56.6,215
29-018-002-309194,2026-05-25,0.5392,45.2,57.6,245
29-018-002-309194,2026-06-24,0.5484,46.5,58.7,275
29-018-002-309194,2026-07-24,0.4797,47.9,59.8,305
29-018-002-309194,2026-08-23,0.4929,49.2,60.8,335
22-002-018-182753,2026-04-25,0.583,11.9,66.1,5
22-002-018-182753,2026-05-25,0.5653,13.2,67.1,35
22-002-018-182753,2026-06-24,0.5053,14.6,68.2,65
22-002-018-182753,2026-07-24,0.48,16.0,69.2,95
22-002-018-182753,2026-08-23,0.4596,17.3,70.3,125
29-022-023-805781,2026-04-25,0.453,48.2,28.3,1
29-022-023-805781,2026-05-25,0.4544,49.6,29.4,1
29-022-023-805781,2026-06-24,0.4512,50.9,30.4,1
29-022-023-805781,2026-07-24,0.422,52.2,31.4,22
29-022-023-805781,2026-08-23,0.4193,53.6,32.5,52
36-027-009-512307,2026-04-25,0.6682,17.1,72.9,1
36-027-009-512307,2026-05-25,0.6275,18.4,73.9,1
36-027-009-512307,2026-06-24,0.6308,19.8,75.0,1
36-027-009-512307,2026-07-24,0.5806,21.1,76.0,1
36-027-009-512307,2026-08-23,0.5469,22.5,77.1,4
22-018-014-152454,2026-04-25,0.5692,22.1,26.7,1
22-018-014-152454,2026-05-25,0.5527,23.4,27.8,1
22-018-014-152454,2026-06-24,0.5813,24.8,28.8,1
22-018-014-152454,2026-07-24,0.6413,26.1,29.8,1
22-018-014-152454,2026-08-23,0.6926,27.5,30.9,13
36-003-001-892924,2026-04-25,0.1217,80.1,37.6,1
36-003-001-892924,2026-05-25,0.1826,81.5,38.6,1
36-003-001-892924,2026-06-24,0.2036,82.8,39.7,13
36-003-001-892924,2026-07-24,0.2377,84.2,40.8,43
36-003-001-892924,2026-08-23,0.2708,85.5,41.8,73
22-002-014-968638,2026-04-25,0.4851,27.0,18.5,1
22-002-014-968638,2026-05-25,0.5001,28.3,19.5,8
22-002-014-968638,2026-06-24,0.4449,29.7,20.6,38
22-002-014-968638,2026-07-24,0.4944,31.0,21.6,68
22-002-014-968638,2026-08-23,0.5143,32.4,22.7,98
09-002-007-366292,2026-04-25,0.6361,0.0,71.4,1
09-002-007-366292,2026-05-25,0.6268,0.0,72.4,1
09-002-007-366292,2026-06-24,0.6203,0.9,73.5,1
09-002-007-366292,2026-07-24,0.6024,2.2,74.5,7
09-002-007-366292,2026-08-23,0.5696,3.6,75.6,37
36-011-023-761008,2026-04-25,0.3645,70.5,39.0,23
36-011-023-761008,2026-05-25,0.3968,71.9,40.1,53
36-011-023-761008,2026-06-24,0.4538,73.2,41.1,83
36-011-023-761008,2026-07-24,0.4552,74.6,42.2,113
36-011-023-761008,2026-08-23,0.4285,75.9,43.2,143
09-044-012-825329,2026-04-25,0.2563,12.0,16.7,1
09-044-012-825329,2026-05-25,0.3387,13.3,17.8,1
09-044-012-825329,2026-06-24,0.3881,14.7,18.8,21
09-044-012-825329,2026-07-24,0.4053,16.0,19.8,51
09-044-012-825329,2026-08-23,0.4469,17.4,20.9,81
22-014-012-813733,2026-04-25,0.6761,26.7,32.1,1
22-014-012-813733,2026-05-25,0.6104,28.1,33.1,1
22-014-012-813733,2026-06-24,0.5758,29.4,34.2,2
22-014-012-813733,2026-07-24,0.5357,30.8,35.2,32
22-014-012-813733,2026-08-23,0.4567,32.1,36.3,62
29-022-022-522533,2026-04-25,0.7138,31.0,38.9,169
29-022-022-522533,2026-05-25,0.7451,32.4,40.0,199
29-022-022-522533,2026-06-24,0.7501,33.7,41.0,229
29-022-022-522533,2026-07-24,0.7601,35.0,42.1,259
29-022-022-522533,2026-08-23,0.7541,36.4,43.1,289
36-003-001-808075,2026-04-25,0.332,74.6,27.9,1
36-003-001-808075,2026-05-25,0.3059,76.0,29.0,1
36-003-001-808075,2026-06-24,0.2408,77.3,30.0,1
36-003-001-808075,2026-07-24,0.1542,78.7,31.1,28
36-003-001-808075,2026-08-23,0.15,80.0,32.1,58
21-005-022-175155,2026-04-25,0.5071,16.5,32.2,1
21-005-022-175155,2026-05-25,0.477,17.8,33.2,1
21-005-022-175155,2026-06-24,0.4459,19.2,34.3,1
21-005-022-175155,2026-07-24,0.4365,20.5,35.4,1
21-005-022-175155,2026-08-23,0.4177,21.9,36.4,14
27-013-008-236445,2026-04-25,0.3207,17.7,32.8,1
27-013-008-236445,2026-05-25,0.3698,19.1,33.9,1
27-013-008-236445,2026-06-24,0.4049,20.4,34.9,1
27-013-008-236445,2026-07-24,0.4237,21.8,36.0,1
27-013-008-236445,2026-08-23,0.4353,23.1,37.0,4
09-044-008-926898,2026-04-25,0.3335,44.8,64.6,129
09-044-008-926898,2026-05-25,0.3141,46.2,65.6,159
09-044-008-926898,2026-06-24,0.3324,47.5,66.7,189
09-044-008-926898,2026-07-24,0.3214,48.9,67.8,219
09-044-008-926898,2026-08-23,0.3368,50.2,68.8,249
29-022-009-232014,2026-04-25,0.4627,41.5,21.5,5
29-022-009-232014,2026-05-25,0.4602,42.9,22.5,35
29-022-009-232014,2026-06-24,0.401,44.2,23.6,65
29-022-009-232014,2026-07-24,0.4106,45.5,24.6,95
29-022-009-232014,2026-08-23,0.4164,46.9,25.7,125
21-012-017-655235,2026-04-25,0.5321,84.4,59.4,176
21-012-017-655235,2026-05-25,0.5447,85.8,60.5,206
21-012-017-655235,2026-06-24,0.4944,87.1,61.5,236
21-012-017-655235,2026-07-24,0.5109,88.5,62.6,266
21-012-017-655235,2026-08-23,0.5003,89.8,63.6,296
33-014-022-104665,2026-04-25,0.279,81.6,53.4,129
33-014-022-104665,2026-05-25,0.2721,83.0,54.5,159
33-014-022-104665,2026-06-24,0.2917,84.3,55.5,189
33-014-022-104665,2026-07-24,0.2891,85.7,56.6,219
33-014-022-104665,2026-08-23,0.2875,87.0,57.6,249
33-045-003-904905,2026-04-25,0.0692,54.6,48.9,1
33-045-003-904905,2026-05-25,0.1451,56.0,50.0,1
33-045-003-904905,2026-06-24,0.1749,57.3,51.0,24
33-045-003-904905,2026-07-24,0.2399,58.6,52.1,54
33-045-003-904905,2026-08-23,0.3163,60.0,53.1,84
09-002-012-069721,2026-04-25,0.1318,12.3,83.4,1
09-002-012-069721,2026-05-25,0.1797,13.6,84.4,1
09-002-012-069721,2026-06-24,0.274,15.0,85.5,1
09-002-012-069721,2026-07-24,0.3879,16.3,86.5,1
09-002-012-069721,2026-08-23,0.4713,17.7,87.6,10
27-025-022-382533,2026-04-25,0.3767,67.5,53.3,1
27-025-022-382533,2026-05-25,0.4441,68.9,54.4,1
27-025-022-382533,2026-06-24,0.4856,70.2,55.4,1
27-025-022-382533,2026-07-24,0.5202,71.6,56.5,1
27-025-022-382533,2026-08-23,0.5489,72.9,57.5,29
29-018-016-842919,2026-04-25,0.3607,53.8,53.1,1
29-018-016-842919,2026-05-25,0.3969,55.2,54.1,1
29-018-016-842919,2026-06-24,0.4149,56.5,55.2,1
29-018-016-842919,2026-07-24,0.4353,57.9,56.2,19
29-018-016-842919,2026-08-23,0.4525,59.2,57.3,49
09-031-012-013572,2026-04-25,0.2079,63.5,57.2,1
09-031-012-013572,2026-05-25,0.2196,64.9,58.2,1
09-031-012-013572,2026-06-24,0.2349,66.2,59.3,27
09-031-012-013572,2026-07-24,0.2472,67.6,60.4,57
09-031-012-013572,2026-08-23,0.2278,68.9,61.4,87
21-005-008-420826,2026-04-25,0.7841,56.5,42.2,1
21-005-008-420826,2026-05-25,0.7353,57.9,43.2,22
21-005-008-420826,2026-06-24,0.6348,59.2,44.3,52
21-005-008-420826,2026-07-24,0.551,60.5,45.4,82
21-005-008-420826,2026-08-23,0.4933,61.9,46.4,112
29-022-015-841838,2026-04-25,0.646,41.6,34.2,1
29-022-015-841838,2026-05-25,0.6001,43.0,35.2,1
29-022-015-841838,2026-06-24,0.5275,44.3,36.3,1
29-022-015-841838,2026-07-24,0.5029,45.6,37.4,1
29-022-015-841838,2026-08-23,0.4523,47.0,38.4,6
33-031-021-185290,2026-04-25,0.2712,78.0,17.7,1
33-031-021-185290,2026-05-25,0.2677,79.4,18.8,4
33-031-021-185290,2026-06-24,0.2478,80.7,19.8,34
33-031-021-185290,2026-07-24,0.252,82.1,20.8,64
33-031-021-185290,2026-08-23,0.202,83.4,21.9,94
23-033-003-670128,2026-04-25,0.868,56.1,18.8,33
23-033-003-670128,2026-05-25,0.8058,57.5,19.9,63
23-033-003-670128,2026-06-24,0.7726,58.8,20.9,93
23-033-003-670128,2026-07-24,0.6818,60.1,21.9,123
23-033-003-670128,2026-08-23,0.6647,61.5,23.0,153
21-019-013-773037,2026-04-25,0.4133,30.2,27.2,153
21-019-013-773037,2026-05-25,0.4443,31.6,28.2,183
21-019-013-773037,2026-06-24,0.3608,32.9,29.3,213
21-019-013-773037,2026-07-24,0.3578,34.2,30.3,243
21-019-013-773037,2026-08-23,0.3262,35.6,31.4,273
33-014-007-313313,2026-04-25,0.7802,49.3,54.4,1
33-014-007-313313,2026-05-25,0.7463,50.7,55.5,8
33-014-007-313313,2026-06-24,0.7514,52.0,56.5,38
33-014-007-313313,2026-07-24,0.7447,53.4,57.6,68
33-014-007-313313,2026-08-23,0.7143,54.7,58.6,98
27-037-024-289386,2026-04-25,0.4092,32.1,39.0,53
27-037-024-289386,2026-05-25,0.4208,33.5,40.1,83
27-037-024-289386,2026-06-24,0.4429,34.8,41.1,113
27-037-024-289386,2026-07-24,0.4297,36.1,42.2,143
27-037-024-289386,2026-08-23,0.4465,37.5,43.2,173
09-031-003-212773,2026-04-25,0.276,46.2,50.3,1
09-031-003-212773,2026-05-25,0.3041,47.6,51.4,1
09-031-003-212773,2026-06-24,0.3608,48.9,52.4,1
09-031-003-212773,2026-07-24,0.3736,50.2,53.5,1
09-031-003-212773,2026-08-23,0.4216,51.6,54.5,7
33-014-019-969365,2026-04-25,0.6559,15.0,73.0,1
33-014-019-969365,2026-05-25,0.6194,16.3,74.0,1
33-014-019-969365,2026-06-24,0.5065,17.7,75.1,11
33-014-019-969365,2026-07-24,0.4036,19.0,76.2,41
33-014-019-969365,2026-08-23,0.3251,20.4,77.2,71
22-009-007-960071,2026-04-25,0.1645,43.6,20.0,1
22-009-007-960071,2026-05-25,0.1957,45.0,21.0,1
22-009-007-960071,2026-06-24,0.1911,46.3,22.1,1
22-009-007-960071,2026-07-24,0.1684,47.6,23.1,18
22-009-007-960071,2026-08-23,0.1755,49.0,24.2,48
21-019-018-312999,2026-04-25,0.8044,72.2,15.8,1
21-019-018-312999,2026-05-25,0.7404,73.5,16.9,1
21-019-018-312999,2026-06-24,0.7416,74.9,17.9,1
21-019-018-312999,2026-07-24,0.7562,76.2,18.9,1
21-019-018-312999,2026-08-23,0.7165,77.6,20.0,29
09-044-010-399385,2026-04-25,0.187,46.1,27.8,1
09-044-010-399385,2026-05-25,0.2407,47.5,28.9,1
09-044-010-399385,2026-06-24,0.2513,48.8,29.9,1
09-044-010-399385,2026-07-24,0.254,50.1,30.9,3
09-044-010-399385,2026-08-23,0.2848,51.5,32.0,33
21-026-023-607277,2026-04-25,0.8106,44.8,40.2,285
21-026-023-607277,2026-05-25,0.749,46.2,41.2,315
21-026-023-607277,2026-06-24,0.6417,47.5,42.3,345
21-026-023-607277,2026-07-24,0.5106,48.9,43.4,375
21-026-023-607277,2026-08-23,0.4663,50.2,44.4,405
09-044-014-664609,2026-04-25,0.1177,59.1,61.7,1
09-044-014-664609,2026-05-25,0.204,60.5,62.8,1
09-044-014-664609,2026-06-24,0.2746,61.8,63.8,15
09-044-014-664609,2026-07-24,0.366,63.1,64.9,45
09-044-014-664609,2026-08-23,0.4627,64.5,65.9,75
21-005-022-199357,2026-04-25,0.2652,20.2,77.5,1
21-005-022-199357,2026-05-25,0.3481,21.6,78.5,1
21-005-022-199357,2026-06-24,0.3607,22.9,79.6,19
21-005-022-199357,2026-07-24,0.3744,24.2,80.7,49
21-005-022-199357,2026-08-23,0.4127,25.6,81.7,79
09-044-003-334004,2026-04-25,0.0944,34.0,2.7,1
09-044-003-334004,2026-05-25,0.235,35.4,3.8,1
09-044-003-334004,2026-06-24,0.3236,36.7,4.8,1
09-044-003-334004,2026-07-24,0.3992,38.0,5.9,16
09-044-003-334004,2026-08-23,0.5202,39.4,6.9,46
29-009-010-091248,2026-04-25,0.01,51.7,15.8,1
29-009-010-091248,2026-05-25,0.1507,53.1,16.9,1
29-009-010-091248,2026-06-24,0.2256,54.4,17.9,1
29-009-010-091248,2026-07-24,0.3373,55.8,18.9,1
29-009-010-091248,2026-08-23,0.5234,57.1,20.0,15
33-031-001-161337,2026-04-25,0.01,22.0,17.6,1
33-031-001-161337,2026-05-25,0.01,23.3,18.6,1
33-031-001-161337,2026-06-24,0.0346,24.7,19.7,1
33-031-001-161337,2026-07-24,0.1489,26.0,20.8,22
33-031-001-161337,2026-08-23,0.2533,27.4,21.8,52
22-014-008-482155,2026-04-25,0.4872,51.1,48.9,1
22-014-008-482155,2026-05-25,0.4167,52.5,50.0,1
22-014-008-482155,2026-06-24,0.4716,53.8,51.0,1
22-014-008-482155,2026-07-24,0.3704,55.1,52.1,5
22-014-008-482155,2026-08-23,0.3127,56.5,53.1,35
22-018-003-316142,2026-04-25,0.2632,55.6,45.3,86
22-018-003-316142,2026-05-25,0.3184,57.0,46.4,116
22-018-003-316142,2026-06-24,0.3178,58.3,47.4,146
22-018-003-316142,2026-07-24,0.3349,59.6,48.5,176
22-018-003-316142,2026-08-23,0.2846,61.0,49.5,206
23-016-010-298309,2026-04-25,0.1617,24.2,10.8,20
23-016-010-298309,2026-05-25,0.2635,25.6,11.8,50
23-016-010-298309,2026-06-24,0.3463,26.9,12.9,80
23-016-010-298309,2026-07-24,0.4187,28.2,13.9,110
23-016-010-298309,2026-08-23,0.5434,29.6,15.0,140
33-014-023-215297,2026-04-25,0.5111,26.2,17.1,1
33-014-023-215297,2026-05-25,0.5522,27.6,18.1,1
33-014-023-215297,2026-06-24,0.586,28.9,19.2,1
33-014-023-215297,2026-07-24,0.6016,30.2,20.2,1
33-014-023-215297,2026-08-23,0.6453,31.6,21.3,14
23-033-005-677236,2026-04-25,0.3929,32.9,22.8,36
23-033-005-677236,2026-05-25,0.3944,34.2,23.9,66
23-033-005-677236,2026-06-24,0.3857,35.6,24.9,96
23-033-005-677236,2026-07-24,0.3061,36.9,25.9,126
23-033-005-677236,2026-08-23,0.3081,38.3,27.0,156
36-003-005-162453,2026-04-25,0.4404,8.6,38.1,1
36-003-005-162453,2026-05-25,0.4688,9.9,39.1,1
36-003-005-162453,2026-06-24,0.4967,11.3,40.2,1
36-003-005-162453,2026-07-24,0.5037,12.7,41.2,4
36-003-005-162453,2026-08-23,0.5378,14.0,42.3,34
09-031-018-325979,2026-04-25,0.697,34.0,27.3,1
09-031-018-325979,2026-05-25,0.6893,35.4,28.4,1
09-031-018-325979,2026-06-24,0.6247,36.7,29.4,1
09-031-018-325979,2026-07-24,0.5204,38.0,30.4,1
09-031-018-325979,2026-08-23,0.489,39.4,31.5,13
21-019-016-998853,2026-04-25,0.0738,39.7,24.7,1
21-019-016-998853,2026-05-25,0.1431,41.1,25.8,1
21-019-016-998853,2026-06-24,0.1901,42.4,26.8,1
21-019-016-998853,2026-07-24,0.228,43.8,27.8,1
21-019-016-998853,2026-08-23,0.3235,45.1,28.9,15
27-013-012-943884,2026-04-25,0.8081,48.1,24.8,1
27-013-012-943884,2026-05-25,0.7965,49.5,25.9,1
27-013-012-943884,2026-06-24,0.7704,50.8,26.9,1
27-013-012-943884,2026-07-24,0.7467,52.1,27.9,1
27-013-012-943884,2026-08-23,0.6662,53.5,29.0,13
36-019-009-348048,2026-04-25,0.01,16.7,6.2,1
36-019-009-348048,2026-05-25,0.01,18.1,7.2,1
36-019-009-348048,2026-06-24,0.0748,19.4,8.3,1
36-019-009-348048,2026-07-24,0.2054,20.8,9.3,1
36-019-009-348048,2026-08-23,0.3606,22.1,10.4,21
29-018-019-080916,2026-04-25,0.4936,14.8,87.0,1
29-018-019-080916,2026-05-25,0.5135,16.1,88.0,1
29-018-019-080916,2026-06-24,0.5277,17.5,89.1,1
29-018-019-080916,2026-07-24,0.5418,18.8,90.2,31
29-018-019-080916,2026-08-23,0.5643,20.2,91.2,61
09-031-019-872573,2026-04-25,0.3286,36.1,21.8,1
09-031-019-872573,2026-05-25,0.3602,37.5,22.9,1
09-031-019-872573,2026-06-24,0.4333,38.8,23.9,1
09-031-019-872573,2026-07-24,0.4681,40.1,24.9,1
09-031-019-872573,2026-08-23,0.5199,41.5,26.0,12
36-019-019-395879,2026-04-25,0.208,89.6,15.5,1
36-019-019-395879,2026-05-25,0.2074,91.0,16.5,1
36-019-019-395879,2026-06-24,0.229,92.3,17.6,1
36-019-019-395879,2026-07-24,0.2656,93.7,18.6,1
36-019-019-395879,2026-08-23,0.2725,95.0,19.7,29
21-005-024-424589,2026-04-25,0.5351,51.0,6.6,1
21-005-024-424589,2026-05-25,0.5673,52.4,7.7,1
21-005-024-424589,2026-06-24,0.6059,53.7,8.7,13
21-005-024-424589,2026-07-24,0.6353,55.0,9.8,43
21-005-024-424589,2026-08-23,0.6467,56.4,10.8,73
21-026-006-273094,2026-04-25,0.803,25.2,24.3,93
21-026-006-273094,2026-05-25,0.7855,26.6,25.4,123
21-026-006-273094,2026-06-24,0.6855,27.9,26.4,153
21-026-006-273094,2026-07-24,0.6468,29.2,27.4,183
21-026-006-273094,2026-08-23,0.5434,30.6,28.5,213
09-031-023-654734,2026-04-25,0.8294,44.7,69.6,1
09-031-023-654734,2026-05-25,0.7686,46.1,70.6,1
09-031-023-654734,2026-06-24,0.6503,47.4,71.7,1
09-031-023-654734,2026-07-24,0.6266,48.8,72.8,1
09-031-023-654734,2026-08-23,0.5103,50.1,73.8,6
36-019-009-327811,2026-04-25,0.4348,59.3,19.2,12
36-019-009-327811,2026-05-25,0.446,60.7,20.2,42
36-019-009-327811,2026-06-24,0.4794,62.0,21.3,72
36-019-009-327811,2026-07-24,0.5095,63.4,22.3,102
36-019-009-327811,2026-08-23,0.5553,64.7,23.4,132
23-016-002-431793,2026-04-25,0.01,30.0,73.2,1
23-016-002-431793,2026-05-25,0.0386,31.3,74.2,1
23-016-002-431793,2026-06-24,0.1288,32.7,75.3,5
23-016-002-431793,2026-07-24,0.2698,34.0,76.4,35
23-016-002-431793,2026-08-23,0.3659,35.4,77.4,65
09-044-017-935530,2026-04-25,0.2796,78.2,67.9,1
09-044-017-935530,2026-05-25,0.2922,79.5,68.9,1
09-044-017-935530,2026-06-24,0.3624,80.9,70.0,1
09-044-017-935530,2026-07-24,0.3703,82.2,71.0,1
09-044-017-935530,2026-08-23,0.3931,83.6,72.1,28
29-007-017-378427,2026-04-25,0.1753,41.9,39.2,214
29-007-017-378427,2026-05-25,0.1881,43.2,40.2,244
29-007-017-378427,2026-06-24,0.2216,44.6,41.3,274
29-007-017-378427,2026-07-24,0.2821,45.9,42.4,304
29-007-017-378427,2026-08-23,0.3364,47.3,43.4,334
22-018-009-028179,2026-04-25,0.2816,83.8,21.4,1
22-018-009-028179,2026-05-25,0.2702,85.2,22.5,1
22-018-009-028179,2026-06-24,0.3215,86.5,23.5,3
22-018-009-028179,2026-07-24,0.3696,87.9,24.6,33
22-018-009-028179,2026-08-23,0.409,89.2,25.6,63
33-031-011-156622,2026-04-25,0.2204,47.9,66.9,1
33-031-011-156622,2026-05-25,0.3423,49.2,67.9,1
33-031-011-156622,2026-06-24,0.3935,50.6,69.0,1
33-031-011-156622,2026-07-24,0.4815,51.9,70.0,10
33-031-011-156622,2026-08-23,0.5309,53.3,71.1,40
22-009-001-772885,2026-04-25,0.6479,26.1,0.0,1
22-009-001-772885,2026-05-25,0.6091,27.4,0.0,1
22-009-001-772885,2026-06-24,0.5921,28.8,0.8,1
22-009-001-772885,2026-07-24,0.587,30.1,1.8,22
22-009-001-772885,2026-08-23,0.5325,31.5,2.9,52
33-031-004-898735,2026-04-25,0.071,93.4,64.9,46
33-031-004-898735,2026-05-25,0.1534,94.8,65.9,76
33-031-004-898735,2026-06-24,0.1559,96.1,67.0,106
33-031-004-898735,2026-07-24,0.2427,97.5,68.0,136
33-031-004-898735,2026-08-23,0.3236,98.8,69.1,166
27-037-005-386916,2026-04-25,0.3105,31.5,76.8,1
27-037-005-386916,2026-05-25,0.3726,32.9,77.8,1
27-037-005-386916,2026-06-24,0.3871,34.2,78.9,1
27-037-005-386916,2026-07-24,0.4387,35.5,80.0,1
27-037-005-386916,2026-08-23,0.4702,36.9,81.0,4
33-031-012-725380,2026-04-25,0.4125,28.7,20.2,66
33-031-012-725380,2026-05-25,0.3901,30.1,21.2,96
33-031-012-725380,2026-06-24,0.3633,31.4,22.3,126
33-031-012-725380,2026-07-24,0.3675,32.8,23.3,156
33-031-012-725380,2026-08-23,0.3948,34.1,24.4,186
29-007-004-408639,2026-04-25,0.4286,16.9,47.6,9
29-007-004-408639,2026-05-25,0.4177,18.2,48.6,39
29-007-004-408639,2026-06-24,0.4741,19.6,49.7,69
29-007-004-408639,2026-07-24,0.5199,20.9,50.8,99
29-007-004-408639,2026-08-23,0.5475,22.3,51.8,129
23-028-003-670909,2026-04-25,0.8691,30.4,38.1,1
23-028-003-670909,2026-05-25,0.7905,31.7,39.1,1
23-028-003-670909,2026-06-24,0.7206,33.1,40.2,1
23-028-003-670909,2026-07-24,0.6112,34.4,41.2,20
23-028-003-670909,2026-08-23,0.5879,35.8,42.3,50
36-027-011-634969,2026-04-25,0.265,57.6,15.3,1
36-027-011-634969,2026-05-25,0.2553,59.0,16.4,1
36-027-011-634969,2026-06-24,0.2419,60.3,17.4,16
36-027-011-634969,2026-07-24,0.2549,61.6,18.4,46
36-027-011-634969,2026-08-23,0.2836,63.0,19.5,76
23-016-021-062988,2026-04-25,0.3594,57.9,53.9,1
23-016-021-062988,2026-05-25,0.3482,59.2,55.0,1
23-016-021-062988,2026-06-24,0.2781,60.6,56.0,1
23-016-021-062988,2026-07-24,0.2589,61.9,57.1,1
23-016-021-062988,2026-08-23,0.2239,63.3,58.1,3
21-026-019-308724,2026-04-25,0.3057,56.0,76.9,1
21-026-019-308724,2026-05-25,0.3325,57.4,77.9,1
21-026-019-308724,2026-06-24,0.3272,58.7,79.0,6
21-026-019-308724,2026-07-24,0.3189,60.0,80.0,36
21-026-019-308724,2026-08-23,0.3705,61.4,81.1,66
23-016-018-510973,2026-04-25,0.2731,19.0,36.2,1
23-016-018-510973,2026-05-25,0.3138,20.3,37.2,22
23-016-018-510973,2026-06-24,0.2986,21.7,38.3,52
23-016-018-510973,2026-07-24,0.2861,23.0,39.4,82
23-016-018-510973,2026-08-23,0.2864,24.4,40.4,112
29-022-007-695968,2026-04-25,0.2055,66.1,9.8,317
29-022-007-695968,2026-05-25,0.2281,67.5,10.8,347
29-022-007-695968,2026-06-24,0.2771,68.8,11.9,377
29-022-007-695968,2026-07-24,0.3271,70.2,12.9,407
29-022-007-695968,2026-08-23,0.309,71.5,14.0,437
21-012-014-065558,2026-04-25,0.99,17.3,14.6,3
21-012-014-065558,2026-05-25,0.8499,18.6,15.7,33
21-012-014-065558,2026-06-24,0.7987,20.0,16.7,63
21-012-014-065558,2026-07-24,0.7624,21.3,17.8,93
21-012-014-065558,2026-08-23,0.6519,22.7,18.8,123
29-007-006-208822,2026-04-25,0.3331,19.5,60.9,65
29-007-006-208822,2026-05-25,0.3947,20.8,61.9,95
29-007-006-208822,2026-06-24,0.4462,22.2,63.0,125
29-007-006-208822,2026-07-24,0.4637,23.5,64.0,155
29-007-006-208822,2026-08-23,0.53,24.9,65.1,185
27-037-016-583331,2026-04-25,0.0327,8.4,72.7,26
27-037-016-583331,2026-05-25,0.0668,9.8,73.8,56
27-037-016-583331,2026-06-24,0.1361,11.1,74.8,86
27-037-016-583331,2026-07-24,0.2131,12.5,75.9,116
27-037-016-583331,2026-08-23,0.2706,13.8,76.9,146
33-045-013-795946,2026-04-25,0.8743,64.9,41.2,1
33-045-013-795946,2026-05-25,0.8695,66.2,42.2,1
33-045-013-795946,2026-06-24,0.7617,67.6,43.3,28
33-045-013-795946,2026-07-24,0.7493,69.0,44.4,58
33-045-013-795946,2026-08-23,0.6792,70.3,45.4,88
09-044-020-626400,2026-04-25,0.4525,35.3,69.4,71
09-044-020-626400,2026-05-25,0.4928,36.7,70.4,101
09-044-020-626400,2026-06-24,0.5149,38.0,71.5,131
09-044-020-626400,2026-07-24,0.5548,39.4,72.5,161
09-044-020-626400,2026-08-23,0.5374,40.7,73.6,191
22-018-006-970351,2026-04-25,0.2231,49.5,50.4,1
22-018-006-970351,2026-05-25,0.3463,50.9,51.5,1
22-018-006-970351,2026-06-24,0.352,52.2,52.5,20
22-018-006-970351,2026-07-24,0.4394,53.5,53.6,50
22-018-006-970351,2026-08-23,0.5287,54.9,54.6,80
36-003-012-548101,2026-04-25,0.5738,22.5,71.6,1
36-003-012-548101,2026-05-25,0.5756,23.8,72.6,8
36-003-012-548101,2026-06-24,0.59,25.2,73.7,38
36-003-012-548101,2026-07-24,0.6009,26.5,74.8,68
36-003-012-548101,2026-08-23,0.6011,27.9,75.8,98
21-026-001-694145,2026-04-25,0.5825,50.0,16.6,89
21-026-001-694145,2026-05-25,0.5851,51.4,17.6,119
21-026-001-694145,2026-06-24,0.4842,52.7,18.7,149
21-026-001-694145,2026-07-24,0.4545,54.0,19.8,179
21-026-001-694145,2026-08-23,0.4215,55.4,20.8,209
33-031-016-649876,2026-04-25,0.7127,28.7,23.4,1
33-031-016-649876,2026-05-25,0.6838,30.1,24.5,1
33-031-016-649876,2026-06-24,0.6548,31.4,25.5,1
33-031-016-649876,2026-07-24,0.5863,32.8,26.6,21
33-031-016-649876,2026-08-23,0.5746,34.1,27.6,51
27-037-006-611238,2026-04-25,0.7101,69.7,18.3,1
27-037-006-611238,2026-05-25,0.6756,71.0,19.4,1
27-037-006-611238,2026-06-24,0.7211,72.4,20.4,1
27-037-006-611238,2026-07-24,0.6925,73.8,21.4,1
27-037-006-611238,2026-08-23,0.729,75.1,22.5,3
23-016-010-263519,2026-04-25,0.4656,0.0,67.5,12
23-016-010-263519,2026-05-25,0.5214,0.0,68.5,42
23-016-010-263519,2026-06-24,0.571,0.6,69.6,72
23-016-010-263519,2026-07-24,0.5965,1.9,70.7,102
23-016-010-263519,2026-08-23,0.6372,3.3,71.7,132
23-004-011-299727,2026-04-25,0.7031,72.1,25.7,1
23-004-011-299727,2026-05-25,0.6362,73.5,26.8,1
23-004-011-299727,2026-06-24,0.5559,74.8,27.8,1
23-004-011-299727,2026-07-24,0.5237,76.2,28.8,1
23-004-011-299727,2026-08-23,0.4635,77.5,29.9,5
21-005-009-683504,2026-04-25,0.99,43.3,18.1,91
21-005-009-683504,2026-05-25,0.9137,44.7,19.1,121
21-005-009-683504,2026-06-24,0.7698,46.0,20.2,151
21-005-009-683504,2026-07-24,0.6217,47.4,21.2,181
21-005-009-683504,2026-08-23,0.4815,48.7,22.3,211
29-009-020-506475,2026-04-25,0.7559,41.3,46.3,1
29-009-020-506475,2026-05-25,0.7269,42.7,47.4,24
29-009-020-506475,2026-06-24,0.6761,44.0,48.4,54
29-009-020-506475,2026-07-24,0.6317,45.4,49.5,84
29-009-020-506475,2026-08-23,0.6138,46.7,50.5,114
09-044-023-942817,2026-04-25,0.249,26.1,82.5,46
09-044-023-942817,2026-05-25,0.2809,27.4,83.5,76
09-044-023-942817,2026-06-24,0.3081,28.8,84.6,106
09-044-023-942817,2026-07-24,0.3436,30.1,85.7,136
09-044-023-942817,2026-08-23,0.3761,31.5,86.7,166
36-019-010-992795,2026-04-25,0.6197,52.0,29.7,1
36-019-010-992795,2026-05-25,0.6155,53.4,30.8,1
36-019-010-992795,2026-06-24,0.6191,54.7,31.8,1
36-019-010-992795,2026-07-24,0.6486,56.0,32.9,3
36-019-010-992795,2026-08-23,0.5935,57.4,33.9,33
09-031-020-450629,2026-04-25,0.2597,51.7,9.1,1
09-031-020-450629,2026-05-25,0.2985,53.1,10.2,16
09-031-020-450629,2026-06-24,0.3415,54.4,11.2,46
09-031-020-450629,2026-07-24,0.372,55.8,12.2,76
09-031-020-450629,2026-08-23,0.4057,57.1,13.3,106
23-016-022-297348,2026-04-25,0.2561,27.6,18.3,27
23-016-022-297348,2026-05-25,0.3376,28.9,19.4,57
23-016-022-297348,2026-06-24,0.3492,30.3,20.4,87
23-016-022-297348,2026-07-24,0.4048,31.6,21.4,117
23-016-022-297348,2026-08-23,0.4683,33.0,22.5,147
36-027-002-466005,2026-04-25,0.5047,64.8,23.9,1
36-027-002-466005,2026-05-25,0.4827,66.2,25.0,1
36-027-002-466005,2026-06-24,0.4793,67.5,26.0,1
36-027-002-466005,2026-07-24,0.473,68.9,27.1,13
36-027-002-466005,2026-08-23,0.4733,70.2,28.1,43
21-019-023-451112,2026-04-25,0.01,65.3,34.1,43
21-019-023-451112,2026-05-25,0.01,66.7,35.1,73
21-019-023-451112,2026-06-24,0.0277,68.0,36.2,103
21-019-023-451112,2026-07-24,0.1361,69.4,37.2,133
21-019-023-451112,2026-08-23,0.2908,70.7,38.3,163
29-022-016-773029,2026-04-25,0.5145,61.2,30.4,61
29-022-016-773029,2026-05-25,0.5566,62.5,31.5,91
29-022-016-773029,2026-06-24,0.5153,63.9,32.5,121
29-022-016-773029,2026-07-24,0.5384,65.2,33.6,151
29-022-016-773029,2026-08-23,0.5529,66.6,34.6,181
29-009-010-464509,2026-04-25,0.805,34.4,17.2,1
29-009-010-464509,2026-05-25,0.7557,35.8,18.2,1
29-009-010-464509,2026-06-24,0.6688,37.1,19.3,20
29-009-010-464509,2026-07-24,0.5992,38.4,20.3,50
29-009-010-464509,2026-08-23,0.4624,39.8,21.4,80
09-015-005-629643,2026-04-25,0.7285,54.5,35.9,212
09-015-005-629643,2026-05-25,0.7202,55.9,37.0,242
09-015-005-629643,2026-06-24,0.7025,57.2,38.0,272
09-015-005-629643,2026-07-24,0.7105,58.5,39.1,302
09-015-005-629643,2026-08-23,0.6609,59.9,40.1,332
21-005-011-147025,2026-04-25,0.8497,57.7,5.9,115
21-005-011-147025,2026-05-25,0.7821,59.1,6.9,145
21-005-011-147025,2026-06-24,0.6935,60.4,8.0,175
21-005-011-147025,2026-07-24,0.6649,61.8,9.0,205
21-005-011-147025,2026-08-23,0.5897,63.1,10.1,235
09-015-015-268798,2026-04-25,0.4311,46.4,32.6,32
09-015-015-268798,2026-05-25,0.4468,47.8,33.6,62
09-015-015-268798,2026-06-24,0.4359,49.1,34.7,92
09-015-015-268798,2026-07-24,0.4408,50.4,35.8,122
09-015-015-268798,2026-08-23,0.4853,51.8,36.8,152
23-033-011-737585,2026-04-25,0.9728,8.1,39.1,1
23-033-011-737585,2026-05-25,0.8594,9.4,40.1,1
23-033-011-737585,2026-06-24,0.7557,10.8,41.2,1
23-033-011-737585,2026-07-24,0.6037,12.2,42.2,9
23-033-011-737585,2026-08-23,0.4899,13.5,43.3,39
36-011-012-562616,2026-04-25,0.0527,72.7,20.9,1
36-011-012-562616,2026-05-25,0.1513,74.0,22.0,1
36-011-012-562616,2026-06-24,0.2204,75.4,23.0,1
36-011-012-562616,2026-07-24,0.2758,76.8,24.1,18
36-011-012-562616,2026-08-23,0.367,78.1,25.1,48
09-015-018-258288,2026-04-25,0.4696,35.8,4.4,1
09-015-018-258288,2026-05-25,0.5312,37.2,5.4,1
09-015-018-258288,2026-06-24,0.5435,38.5,6.5,1
09-015-018-258288,2026-07-24,0.6933,39.9,7.5,6
09-015-018-258288,2026-08-23,0.662,41.2,8.6,36
36-027-010-336564,2026-04-25,0.2973,0.0,14.4,1
36-027-010-336564,2026-05-25,0.3542,0.2,15.5,1
36-027-010-336564,2026-06-24,0.3581,1.5,16.5,1
36-027-010-336564,2026-07-24,0.4241,2.9,17.6,29
36-027-010-336564,2026-08-23,0.4102,4.2,18.6,59
33-014-014-486337,2026-04-25,0.2289,48.9,9.9,1
33-014-014-486337,2026-05-25,0.2678,50.2,10.9,1
33-014-014-486337,2026-06-24,0.2648,51.6,12.0,1
33-014-014-486337,2026-07-24,0.2301,52.9,13.0,12
33-014-014-486337,2026-08-23,0.2281,54.3,14.1,42
36-011-002-604648,2026-04-25,0.5862,66.1,32.3,78
36-011-002-604648,2026-05-25,0.5699,67.5,33.4,108
36-011-002-604648,2026-06-24,0.5817,68.8,34.4,138
36-011-002-604648,2026-07-24,0.5497,70.2,35.5,168
36-011-002-604648,2026-08-23,0.5108,71.5,36.5,198
33-045-007-583204,2026-04-25,0.4528,42.7,20.4,1
33-045-007-583204,2026-05-25,0.3772,44.1,21.5,1
33-045-007-583204,2026-06-24,0.3829,45.4,22.5,1
33-045-007-583204,2026-07-24,0.2902,46.8,23.6,30
33-045-007-583204,2026-08-23,0.2462,48.1,24.6,60
22-018-015-281782,2026-04-25,0.5463,46.1,6.0,1
22-018-015-281782,2026-05-25,0.4889,47.5,7.0,1
22-018-015-281782,2026-06-24,0.44,48.8,8.1,1
22-018-015-281782,2026-07-24,0.3381,50.1,9.1,1
22-018-015-281782,2026-08-23,0.3255,51.5,10.2,26
23-004-009-955041,2026-04-25,0.9636,5.8,37.7,1
23-004-009-955041,2026-05-25,0.8313,7.1,38.8,1
23-004-009-955041,2026-06-24,0.7822,8.5,39.8,1
23-004-009-955041,2026-07-24,0.6421,9.8,40.9,1
23-004-009-955041,2026-08-23,0.5352,11.2,41.9,17
29-022-024-163578,2026-04-25,0.3203,32.2,34.3,1
29-022-024-163578,2026-05-25,0.4324,33.6,35.4,1
29-022-024-163578,2026-06-24,0.4358,34.9,36.4,3
29-022-024-163578,2026-07-24,0.469,36.2,37.5,33
29-022-024-163578,2026-08-23,0.473,37.6,38.5,63
23-004-021-604729,2026-04-25,0.503,49.5,54.8,1
23-004-021-604729,2026-05-25,0.5087,50.9,55.9,1
23-004-021-604729,2026-06-24,0.4809,52.2,56.9,1
23-004-021-604729,2026-07-24,0.4253,53.5,58.0,1
23-004-021-604729,2026-08-23,0.4528,54.9,59.0,4
36-011-008-403302,2026-04-25,0.1754,47.4,71.8,1
36-011-008-403302,2026-05-25,0.2052,48.8,72.8,1
36-011-008-403302,2026-06-24,0.2245,50.1,73.9,1
36-011-008-403302,2026-07-24,0.2221,51.4,75.0,1
36-011-008-403302,2026-08-23,0.244,52.8,76.0,8
23-033-004-337896,2026-04-25,0.4124,32.3,7.1,1
23-033-004-337896,2026-05-25,0.4456,33.7,8.2,1
23-033-004-337896,2026-06-24,0.4456,35.0,9.2,1
23-033-004-337896,2026-07-24,0.4686,36.4,10.2,1
23-033-004-337896,2026-08-23,0.4679,37.7,11.3,19
33-014-015-277839,2026-04-25,0.5974,60.9,26.0,1
33-014-015-277839,2026-05-25,0.5545,62.2,27.0,23
33-014-015-277839,2026-06-24,0.4965,63.6,28.1,53
33-014-015-277839,2026-07-24,0.5158,65.0,29.1,83
33-014-015-277839,2026-08-23,0.4382,66.3,30.2,113
33-045-005-622277,2026-04-25,0.0418,60.4,47.2,1
33-045-005-622277,2026-05-25,0.1416,61.8,48.2,1
33-045-005-622277,2026-06-24,0.2738,63.1,49.3,1
33-045-005-622277,2026-07-24,0.4181,64.5,50.4,20
33-045-005-622277,2026-08-23,0.5331,65.8,51.4,50
33-014-004-600270,2026-04-25,0.9536,11.1,65.9,42
33-014-004-600270,2026-05-25,0.8471,12.4,66.9,72
33-014-004-600270,2026-06-24,0.7346,13.8,68.0,102
33-014-004-600270,2026-07-24,0.6686,15.2,69.0,132
33-014-004-600270,2026-08-23,0.5611,16.5,70.1,162
33-045-006-087077,2026-04-25,0.2801,43.7,43.6,1
33-045-006-087077,2026-05-25,0.2688,45.1,44.6,1
33-045-006-087077,2026-06-24,0.26,46.4,45.7,1
33-045-006-087077,2026-07-24,0.292,47.8,46.8,1
33-045-006-087077,2026-08-23,0.2841,49.1,47.8,23
33-031-005-708302,2026-04-25,0.2439,56.3,51.6,1
33-031-005-708302,2026-05-25,0.2397,57.7,52.6,1
33-031-005-708302,2026-06-24,0.2862,59.0,53.7,1
33-031-005-708302,2026-07-24,0.2421,60.4,54.8,1
33-031-005-708302,2026-08-23,0.2384,61.7,55.8,30
33-023-023-868422,2026-04-25,0.1107,23.1,43.4,12
33-023-023-868422,2026-05-25,0.163,24.4,44.5,42
33-023-023-868422,2026-06-24,0.2014,25.8,45.5,72
33-023-023-868422,2026-07-24,0.3222,27.1,46.6,102
33-023-023-868422,2026-08-23,0.3356,28.5,47.6,132
21-012-016-573987,2026-04-25,0.1453,43.3,40.4,1
21-012-016-573987,2026-05-25,0.1899,44.7,41.5,1
21-012-016-573987,2026-06-24,0.1758,46.0,42.5,1
21-012-016-573987,2026-07-24,0.1864,47.4,43.6,8
21-012-016-573987,2026-08-23,0.271,48.7,44.6,38
27-001-013-421750,2026-04-25,0.614,60.2,13.2,1
27-001-013-421750,2026-05-25,0.5313,61.5,14.2,1
27-001-013-421750,2026-06-24,0.5254,62.9,15.3,1
27-001-013-421750,2026-07-24,0.4872,64.2,16.3,1
27-001-013-421750,2026-08-23,0.4611,65.6,17.4,16
23-004-013-037075,2026-04-25,0.3597,88.9,7.4,2
23-004-013-037075,2026-05-25,0.4143,90.2,8.4,32
23-004-013-037075,2026-06-24,0.4208,91.6,9.5,62
23-004-013-037075,2026-07-24,0.3708,93.0,10.5,92
23-004-013-037075,2026-08-23,0.4132,94.3,11.6,122
09-044-006-085636,2026-04-25,0.3541,77.2,48.3,218
09-044-006-085636,2026-05-25,0.3803,78.5,49.4,248
09-044-006-085636,2026-06-24,0.3889,79.9,50.4,278
09-044-006-085636,2026-07-24,0.4152,81.2,51.5,308
09-044-006-085636,2026-08-23,0.3997,82.6,52.5,338
22-014-013-660569,2026-04-25,0.825,26.3,1.5,1
22-014-013-660569,2026-05-25,0.7451,27.6,2.5,1
22-014-013-660569,2026-06-24,0.6234,29.0,3.6,1
22-014-013-660569,2026-07-24,0.5624,30.3,4.7,1
22-014-013-660569,2026-08-23,0.4594,31.7,5.7,3
22-002-016-709031,2026-04-25,0.3668,53.9,44.7,8
22-002-016-709031,2026-05-25,0.3595,55.2,45.8,38
22-002-016-709031,2026-06-24,0.4137,56.6,46.8,68
22-002-016-709031,2026-07-24,0.3881,57.9,47.9,98
22-002-016-709031,2026-08-23,0.3769,59.3,48.9,128
27-037-015-915936,2026-04-25,0.4846,55.9,27.3,217
27-037-015-915936,2026-05-25,0.5068,57.2,28.4,247
27-037-015-915936,2026-06-24,0.5232,58.6,29.4,277
27-037-015-915936,2026-07-24,0.5375,59.9,30.4,307
27-037-015-915936,2026-08-23,0.5764,61.3,31.5,337
33-045-015-960454,2026-04-25,0.4288,21.5,0.8,1
33-045-015-960454,2026-05-25,0.398,22.8,1.8,1
33-045-015-960454,2026-06-24,0.4234,24.2,2.9,1
33-045-015-960454,2026-07-24,0.4182,25.5,4.0,24
33-045-015-960454,2026-08-23,0.381,26.9,5.0,54
09-031-024-799118,2026-04-25,0.2671,24.4,51.6,1
09-031-024-799118,2026-05-25,0.2689,25.8,52.6,1
09-031-024-799118,2026-06-24,0.2483,27.1,53.7,1
09-031-024-799118,2026-07-24,0.3203,28.4,54.8,1
09-031-024-799118,2026-08-23,0.2926,29.8,55.8,3
23-004-013-849153,2026-04-25,0.4512,64.5,53.5,1
23-004-013-849153,2026-05-25,0.4025,65.9,54.6,1
23-004-013-849153,2026-06-24,0.4202,67.2,55.6,1
23-004-013-849153,2026-07-24,0.3596,68.6,56.7,1
23-004-013-849153,2026-08-23,0.3008,69.9,57.7,3
33-031-011-842506,2026-04-25,0.6826,76.7,20.5,236
33-031-011-842506,2026-05-25,0.6583,78.0,21.5,266
33-031-011-842506,2026-06-24,0.6583,79.4,22.6,296
33-031-011-842506,2026-07-24,0.6053,80.8,23.6,326
33-031-011-842506,2026-08-23,0.5771,82.1,24.7,356
09-044-011-678937,2026-04-25,0.01,58.5,29.8,1
09-044-011-678937,2026-05-25,0.031,59.9,30.9,1
09-044-011-678937,2026-06-24,0.1436,61.2,31.9,1
09-044-011-678937,2026-07-24,0.2575,62.5,33.0,1
09-044-011-678937,2026-08-23,0.2659,63.9,34.0,4
22-002-022-348266,2026-04-25,0.4517,49.4,16.8,74
22-002-022-348266,2026-05-25,0.4859,50.8,17.9,104
22-002-022-348266,2026-06-24,0.4814,52.1,18.9,134
22-002-022-348266,2026-07-24,0.49,53.4,19.9,164
22-002-022-348266,2026-08-23,0.5318,54.8,21.0,194
21-026-004-937999,2026-04-25,0.6102,48.6,22.1,1
21-026-004-937999,2026-05-25,0.589,50.0,23.1,1
21-026-004-937999,2026-06-24,0.6096,51.3,24.2,1
21-026-004-937999,2026-07-24,0.5903,52.6,25.2,4
21-026-004-937999,2026-08-23,0.6212,54.0,26.3,34
09-002-009-306050,2026-04-25,0.1603,67.6,47.7,1
09-002-009-306050,2026-05-25,0.2083,69.0,48.8,2
09-002-009-306050,2026-06-24,0.2643,70.3,49.8,32
09-002-009-306050,2026-07-24,0.2698,71.7,50.9,62
09-002-009-306050,2026-08-23,0.2793,73.0,51.9,92
36-019-012-013398,2026-04-25,0.1699,50.1,43.2,35
36-019-012-013398,2026-05-25,0.274,51.5,44.2,65
36-019-012-013398,2026-06-24,0.3049,52.8,45.3,95
36-019-012-013398,2026-07-24,0.3194,54.1,46.4,125
36-019-012-013398,2026-08-23,0.3755,55.5,47.4,155
22-014-003-019606,2026-04-25,0.6741,61.8,24.1,1
22-014-003-019606,2026-05-25,0.602,63.2,25.1,1
22-014-003-019606,2026-06-24,0.6027,64.5,26.2,12
22-014-003-019606,2026-07-24,0.5628,65.9,27.2,42
22-014-003-019606,2026-08-23,0.5532,67.2,28.3,72
21-026-009-098076,2026-04-25,0.7116,20.5,31.4,1
21-026-009-098076,2026-05-25,0.7011,21.8,32.5,1
21-026-009-098076,2026-06-24,0.716,23.2,33.5,1
21-026-009-098076,2026-07-24,0.7023,24.5,34.6,1
21-026-009-098076,2026-08-23,0.6618,25.9,35.6,7
29-022-018-313731,2026-04-25,0.172,0.0,44.4,1
29-022-018-313731,2026-05-25,0.2601,0.5,45.5,1
29-022-018-313731,2026-06-24,0.2921,1.9,46.5,1
29-022-018-313731,2026-07-24,0.3172,3.2,47.6,1
29-022-018-313731,2026-08-23,0.3999,4.6,48.6,11
29-022-003-480081,2026-04-25,0.6522,44.1,25.9,1
29-022-003-480081,2026-05-25,0.6484,45.5,27.0,1
29-022-003-480081,2026-06-24,0.6865,46.8,28.0,1
29-022-003-480081,2026-07-24,0.6879,48.1,29.1,25
29-022-003-480081,2026-08-23,0.714,49.5,30.1,55
36-027-006-854589,2026-04-25,0.6473,48.0,35.2,1
36-027-006-854589,2026-05-25,0.6639,49.4,36.2,1
36-027-006-854589,2026-06-24,0.607,50.7,37.3,26
36-027-006-854589,2026-07-24,0.5708,52.0,38.4,56
36-027-006-854589,2026-08-23,0.5519,53.4,39.4,86
33-023-009-186086,2026-04-25,0.01,52.9,2.1,178
33-023-009-186086,2026-05-25,0.0427,54.2,3.1,208
33-023-009-186086,2026-06-24,0.1675,55.6,4.2,238
33-023-009-186086,2026-07-24,0.3072,56.9,5.2,268
33-023-009-186086,2026-08-23,0.4068,58.3,6.3,298
21-026-015-050123,2026-04-25,0.01,84.6,45.1,1
21-026-015-050123,2026-05-25,0.0936,86.0,46.1,1
21-026-015-050123,2026-06-24,0.1398,87.3,47.2,1
21-026-015-050123,2026-07-24,0.1736,88.7,48.2,1
21-026-015-050123,2026-08-23,0.2489,90.0,49.3,7
33-014-001-688634,2026-04-25,0.1574,24.0,13.3,1
33-014-001-688634,2026-05-25,0.2047,25.3,14.3,1
33-014-001-688634,2026-06-24,0.2615,26.7,15.4,1
33-014-001-688634,2026-07-24,0.3125,28.0,16.4,30
33-014-001-688634,2026-08-23,0.3619,29.4,17.5,60
36-027-021-927366,2026-04-25,0.1334,58.1,30.0,4
36-027-021-927366,2026-05-25,0.1196,59.5,31.1,34
36-027-021-927366,2026-06-24,0.1829,60.8,32.1,64
36-027-021-927366,2026-07-24,0.2108,62.1,33.2,94
36-027-021-927366,2026-08-23,0.292,63.5,34.2,124
36-027-012-620266,2026-04-25,0.5297,15.6,9.5,107
36-027-012-620266,2026-05-25,0.4982,16.9,10.5,137
36-027-012-620266,2026-06-24,0.4868,18.3,11.6,167
36-027-012-620266,2026-07-24,0.4495,19.6,12.6,197
36-027-012-620266,2026-08-23,0.3637,21.0,13.7,227
33-045-007-735680,2026-04-25,0.5447,64.2,27.6,1
33-045-007-735680,2026-05-25,0.5255,65.5,28.6,1
33-045-007-735680,2026-06-24,0.5448,66.9,29.7,9
33-045-007-735680,2026-07-24,0.4486,68.2,30.8,39
33-045-007-735680,2026-08-23,0.4195,69.6,31.8,69
22-002-024-084926,2026-04-25,0.3718,40.0,36.0,1
22-002-024-084926,2026-05-25,0.3437,41.4,37.1,1
22-002-024-084926,2026-06-24,0.2874,42.7,38.1,14
22-002-024-084926,2026-07-24,0.3086,44.0,39.2,44
22-002-024-084926,2026-08-23,0.2283,45.4,40.2,74
33-031-024-214066,2026-04-25,0.1877,43.3,4.4,1
33-031-024-214066,2026-05-25,0.3001,44.7,5.4,1
33-031-024-214066,2026-06-24,0.3451,46.0,6.5,18
33-031-024-214066,2026-07-24,0.3887,47.4,7.5,48
33-031-024-214066,2026-08-23,0.4673,48.7,8.6,78
29-022-018-697458,2026-04-25,0.869,13.7,20.2,1
29-022-018-697458,2026-05-25,0.7707,15.1,21.2,1
29-022-018-697458,2026-06-24,0.7015,16.4,22.3,1
29-022-018-697458,2026-07-24,0.6434,17.8,23.3,1
29-022-018-697458,2026-08-23,0.5527,19.1,24.4,26
27-037-015-638180,2026-04-25,0.4692,43.0,61.8,1
27-037-015-638180,2026-05-25,0.4837,44.4,62.9,1
27-037-015-638180,2026-06-24,0.4556,45.7,63.9,1
27-037-015-638180,2026-07-24,0.4739,47.0,65.0,6
27-037-015-638180,2026-08-23,0.426,48.4,66.0,36
09-015-020-941039,2026-04-25,0.3669,87.1,14.8,1
09-015-020-941039,2026-05-25,0.4055,88.5,15.8,1
09-015-020-941039,2026-06-24,0.4481,89.8,16.9,1
09-015-020-941039,2026-07-24,0.4656,91.2,17.9,1
09-015-020-941039,2026-08-23,0.481,92.5,19.0,7
22-009-013-481454,2026-04-25,0.3371,29.6,12.5,1
22-009-013-481454,2026-05-25,0.3977,30.9,13.5,9
22-009-013-481454,2026-06-24,0.529,32.3,14.6,39
22-009-013-481454,2026-07-24,0.5517,33.6,15.6,69
22-009-013-481454,2026-08-23,0.6764,35.0,16.7,99
29-022-004-788633,2026-04-25,0.891,31.8,5.8,209
29-022-004-788633,2026-05-25,0.765,33.2,6.8,239
29-022-004-788633,2026-06-24,0.661,34.5,7.9,269
29-022-004-788633,2026-07-24,0.5804,35.9,8.9,299
29-022-004-788633,2026-08-23,0.4706,37.2,10.0,329
33-045-011-531102,2026-04-25,0.6542,55.9,25.6,296
33-045-011-531102,2026-05-25,0.6103,57.2,26.6,326
33-045-011-531102,2026-06-24,0.6058,58.6,27.7,356
33-045-011-531102,2026-07-24,0.5844,59.9,28.8,386
33-045-011-531102,2026-08-23,0.5985,61.3,29.8,416
29-009-022-214448,2026-04-25,0.7345,64.7,39.3,55
29-009-022-214448,2026-05-25,0.6579,66.0,40.4,85
29-009-022-214448,2026-06-24,0.5753,67.4,41.4,115
29-009-022-214448,2026-07-24,0.5039,68.8,42.5,145
29-009-022-214448,2026-08-23,0.4873,70.1,43.5,175
21-012-024-199195,2026-04-25,0.3279,31.5,43.6,6
21-012-024-199195,2026-05-25,0.3477,32.9,44.6,36
21-012-024-199195,2026-06-24,0.3776,34.2,45.7,66
21-012-024-199195,2026-07-24,0.3686,35.5,46.8,96
21-012-024-199195,2026-08-23,0.3257,36.9,47.8,126
22-002-019-299770,2026-04-25,0.5358,34.1,65.6,1
22-002-019-299770,2026-05-25,0.4643,35.5,66.6,1
22-002-019-299770,2026-06-24,0.4754,36.8,67.7,1
22-002-019-299770,2026-07-24,0.4335,38.1,68.8,1
22-002-019-299770,2026-08-23,0.4626,39.5,69.8,5
29-009-019-414479,2026-04-25,0.3886,77.8,8.1,1
29-009-019-414479,2026-05-25,0.4082,79.2,9.2,1
29-009-019-414479,2026-06-24,0.4162,80.5,10.2,1
29-009-019-414479,2026-07-24,0.3931,81.9,11.2,23
29-009-019-414479,2026-08-23,0.3948,83.2,12.3,53
27-037-024-592138,2026-04-25,0.4803,39.6,27.2,401
27-037-024-592138,2026-05-25,0.468,41.0,28.2,431
27-037-024-592138,2026-06-24,0.4785,42.3,29.3,461
27-037-024-592138,2026-07-24,0.4341,43.6,30.3,491
27-037-024-592138,2026-08-23,0.4202,45.0,31.4,521
09-031-016-995048,2026-04-25,0.1059,63.2,25.8,11
09-031-016-995048,2026-05-25,0.222,64.5,26.9,41
09-031-016-995048,2026-06-24,0.2625,65.9,27.9,71
09-031-016-995048,2026-07-24,0.3349,67.2,28.9,101
09-031-016-995048,2026-08-23,0.4198,68.6,30.0,131
27-001-015-405987,2026-04-25,0.7372,49.3,11.4,1
27-001-015-405987,2026-05-25,0.7233,50.7,12.4,1
27-001-015-405987,2026-06-24,0.6506,52.0,13.5,5
27-001-015-405987,2026-07-24,0.6655,53.4,14.5,35
27-001-015-405987,2026-08-23,0.6038,54.7,15.6,65
36-027-010-986859,2026-04-25,0.6731,29.9,20.0,1
36-027-010-986859,2026-05-25,0.663,31.2,21.0,1
36-027-010-986859,2026-06-24,0.6247,32.6,22.1,1
36-027-010-986859,2026-07-24,0.5394,33.9,23.1,1
36-027-010-986859,2026-08-23,0.4849,35.3,24.2,11
23-033-020-797383,2026-04-25,0.0705,77.8,14.2,1
23-033-020-797383,2026-05-25,0.1447,79.2,15.2,1
23-033-020-797383,2026-06-24,0.1697,80.5,16.3,1
23-033-020-797383,2026-07-24,0.2357,81.9,17.3,1
23-033-020-797383,2026-08-23,0.3057,83.2,18.4,6
22-002-010-708428,2026-04-25,0.7686,49.5,5.9,39
22-002-010-708428,2026-05-25,0.6505,50.9,6.9,69
22-002-010-708428,2026-06-24,0.5963,52.2,8.0,99
22-002-010-708428,2026-07-24,0.4716,53.5,9.0,129
22-002-010-708428,2026-08-23,0.3583,54.9,10.1,159
36-027-013-314456,2026-04-25,0.8118,60.8,73.8,1
36-027-013-314456,2026-05-25,0.719,62.2,74.8,1
36-027-013-314456,2026-06-24,0.6105,63.5,75.9,1
36-027-013-314456,2026-07-24,0.5464,64.9,77.0,16
36-027-013-314456,2026-08-23,0.4295,66.2,78.0,46
23-028-006-699935,2026-04-25,0.1963,11.7,20.6,69
23-028-006-699935,2026-05-25,0.29,13.1,21.6,99
23-028-006-699935,2026-06-24,0.4137,14.4,22.7,129
23-028-006-699935,2026-07-24,0.5251,15.8,23.8,159
23-028-006-699935,2026-08-23,0.6505,17.1,24.8,189
29-009-006-314592,2026-04-25,0.6918,41.0,11.6,1
29-009-006-314592,2026-05-25,0.5897,42.4,12.7,1
29-009-006-314592,2026-06-24,0.5695,43.7,13.7,14
29-009-006-314592,2026-07-24,0.542,45.0,14.8,44
29-009-006-314592,2026-08-23,0.45,46.4,15.8,74
36-019-011-773030,2026-04-25,0.0305,8.6,55.1,1
36-019-011-773030,2026-05-25,0.1255,9.9,56.1,1
36-019-011-773030,2026-06-24,0.234,11.3,57.2,25
36-019-011-773030,2026-07-24,0.3398,12.7,58.2,55
36-019-011-773030,2026-08-23,0.3939,14.0,59.3,85
36-019-018-438600,2026-04-25,0.8142,17.6,25.8,1
36-019-018-438600,2026-05-25,0.7857,18.9,26.9,1
36-019-018-438600,2026-06-24,0.718,20.3,27.9,31
36-019-018-438600,2026-07-24,0.6803,21.6,28.9,61
36-019-018-438600,2026-08-23,0.6097,23.0,30.0,91
33-045-023-585144,2026-04-25,0.1793,16.5,28.8,1
33-045-023-585144,2026-05-25,0.2918,17.8,29.9,1
33-045-023-585144,2026-06-24,0.3784,19.2,30.9,1
33-045-023-585144,2026-07-24,0.4364,20.5,31.9,15
33-045-023-585144,2026-08-23,0.5372,21.9,33.0,45
29-022-023-972424,2026-04-25,0.6734,69.4,42.8,81
29-022-023-972424,2026-05-25,0.636,70.8,43.9,111
29-022-023-972424,2026-06-24,0.554,72.1,44.9,141
29-022-023-972424,2026-07-24,0.4959,73.5,46.0,171
29-022-023-972424,2026-08-23,0.4161,74.8,47.0,201
23-028-018-479015,2026-04-25,0.3236,51.1,28.1,1
23-028-018-479015,2026-05-25,0.3111,52.5,29.1,1
23-028-018-479015,2026-06-24,0.2982,53.8,30.2,1
23-028-018-479015,2026-07-24,0.237,55.1,31.2,10
23-028-018-479015,2026-08-23,0.2493,56.5,32.3,40
09-031-006-348412,2026-04-25,0.426,20.3,24.6,116
09-031-006-348412,2026-05-25,0.4926,21.6,25.6,146
09-031-006-348412,2026-06-24,0.514,23.0,26.7,176
09-031-006-348412,2026-07-24,0.4549,24.3,27.8,206
09-031-006-348412,2026-08-23,0.4946,25.7,28.8,236
33-031-016-364585,2026-04-25,0.7448,63.7,28.1,1
33-031-016-364585,2026-05-25,0.6648,65.0,29.1,1
33-031-016-364585,2026-06-24,0.6158,66.4,30.2,20
33-031-016-364585,2026-07-24,0.5147,67.8,31.2,50
33-031-016-364585,2026-08-23,0.4319,69.1,32.3,80
36-019-005-718976,2026-04-25,0.4175,25.7,59.0,119
36-019-005-718976,2026-05-25,0.4303,27.1,60.1,149
36-019-005-718976,2026-06-24,0.4484,28.4,61.1,179
36-019-005-718976,2026-07-24,0.3803,29.8,62.2,209
36-019-005-718976,2026-08-23,0.4077,31.1,63.2,239
09-044-002-147956,2026-04-25,0.6639,61.4,55.8,1
09-044-002-147956,2026-05-25,0.5807,62.8,56.9,12
09-044-002-147956,2026-06-24,0.4922,64.1,57.9,42
09-044-002-147956,2026-07-24,0.4223,65.5,59.0,72
09-044-002-147956,2026-08-23,0.3584,66.8,60.0,102
27-013-004-547768,2026-04-25,0.553,65.7,56.0,1
27-013-004-547768,2026-05-25,0.5383,67.0,57.1,6
27-013-004-547768,2026-06-24,0.4821,68.4,58.1,36
27-013-004-547768,2026-07-24,0.4853,69.8,59.2,66
27-013-004-547768,2026-08-23,0.4543,71.1,60.2,96
09-031-014-618305,2026-04-25,0.6791,55.9,56.1,1
09-031-014-618305,2026-05-25,0.6469,57.2,57.1,1
09-031-014-618305,2026-06-24,0.6152,58.6,58.2,7
09-031-014-618305,2026-07-24,0.53,59.9,59.2,37
09-031-014-618305,2026-08-23,0.5406,61.3,60.3,67
22-009-013-311291,2026-04-25,0.585,48.9,52.4,142
22-009-013-311291,2026-05-25,0.6047,50.2,53.5,172
22-009-013-311291,2026-06-24,0.6713,51.6,54.5,202
22-009-013-311291,2026-07-24,0.6716,52.9,55.6,232
22-009-013-311291,2026-08-23,0.6833,54.3,56.6,262
27-001-022-863752,2026-04-25,0.4871,68.8,47.1,1
27-001-022-863752,2026-05-25,0.4872,70.2,48.1,1
27-001-022-863752,2026-06-24,0.5025,71.5,49.2,1
27-001-022-863752,2026-07-24,0.4623,72.9,50.2,25
27-001-022-863752,2026-08-23,0.4986,74.2,51.3,55
23-033-018-663495,2026-04-25,0.3493,42.1,51.6,1
23-033-018-663495,2026-05-25,0.3633,43.5,52.6,22
23-033-018-663495,2026-06-24,0.3944,44.8,53.7,52
23-033-018-663495,2026-07-24,0.4886,46.1,54.8,82
23-033-018-663495,2026-08-23,0.5029,47.5,55.8,112
27-037-017-162212,2026-04-25,0.1944,52.4,76.9,58
27-037-017-162212,2026-05-25,0.1829,53.8,77.9,88
27-037-017-162212,2026-06-24,0.1517,55.1,79.0,118
27-037-017-162212,2026-07-24,0.1617,56.4,80.0,148
27-037-017-162212,2026-08-23,0.1437,57.8,81.1,178
36-019-019-740318,2026-04-25,0.394,44.4,12.4,1
36-019-019-740318,2026-05-25,0.4449,45.8,13.5,1
36-019-019-740318,2026-06-24,0.4348,47.1,14.5,24
36-019-019-740318,2026-07-24,0.4102,48.4,15.6,54
36-019-019-740318,2026-08-23,0.4583,49.8,16.6,84
27-025-019-655829,2026-04-25,0.5968,31.5,66.8,1
27-025-019-655829,2026-05-25,0.6052,32.9,67.8,1
27-025-019-655829,2026-06-24,0.6285,34.2,68.9,1
27-025-019-655829,2026-07-24,0.6257,35.5,70.0,1
27-025-019-655829,2026-08-23,0.6298,36.9,71.0,12
33-031-022-233231,2026-04-25,0.0227,20.2,47.1,1
33-031-022-233231,2026-05-25,0.0906,21.6,48.1,1
33-031-022-233231,2026-06-24,0.195,22.9,49.2,1
33-031-022-233231,2026-07-24,0.2633,24.2,50.2,1
33-031-022-233231,2026-08-23,0.3762,25.6,51.3,3
21-012-011-872921,2026-04-25,0.8254,33.5,57.8,1
21-012-011-872921,2026-05-25,0.713,34.9,58.9,1
21-012-011-872921,2026-06-24,0.651,36.2,59.9,15
21-012-011-872921,2026-07-24,0.5544,37.5,61.0,45
21-012-011-872921,2026-08-23,0.4643,38.9,62.0,75
36-003-019-631474,2026-04-25,0.5064,16.9,37.2,1
36-003-019-631474,2026-05-25,0.49,18.2,38.2,1
36-003-019-631474,2026-06-24,0.4287,19.6,39.3,1
36-003-019-631474,2026-07-24,0.415,20.9,40.4,16
36-003-019-631474,2026-08-23,0.3779,22.3,41.4,46
27-001-016-928452,2026-04-25,0.1737,41.1,24.2,1
27-001-016-928452,2026-05-25,0.2285,42.5,25.2,8
27-001-016-928452,2026-06-24,0.274,43.8,26.3,38
27-001-016-928452,2026-07-24,0.3355,45.1,27.3,68
27-001-016-928452,2026-08-23,0.4086,46.5,28.4,98
29-022-006-554201,2026-04-25,0.99,25.9,9.9,1
29-022-006-554201,2026-05-25,0.9845,27.2,10.9,1
29-022-006-554201,2026-06-24,0.9166,28.6,12.0,18
29-022-006-554201,2026-07-24,0.7904,29.9,13.0,48
29-022-006-554201,2026-08-23,0.6455,31.3,14.1,78
09-015-018-017810,2026-04-25,0.1727,43.6,31.3,1
09-015-018-017810,2026-05-25,0.2865,45.0,32.4,16
09-015-018-017810,2026-06-24,0.4012,46.3,33.4,46
09-015-018-017810,2026-07-24,0.4728,47.6,34.5,76
09-015-018-017810,2026-08-23,0.6272,49.0,35.5,106
29-018-014-922306,2026-04-25,0.1351,49.2,49.4,1
29-018-014-922306,2026-05-25,0.1711,50.6,50.5,1
29-018-014-922306,2026-06-24,0.1951,51.9,51.5,6
29-018-014-922306,2026-07-24,0.2595,53.2,52.6,36
29-018-014-922306,2026-08-23,0.3287,54.6,53.6,66
29-018-021-168743,2026-04-25,0.5079,32.3,6.6,128
29-018-021-168743,2026-05-25,0.4436,33.7,7.7,158
29-018-021-168743,2026-06-24,0.4453,35.0,8.7,188
29-018-021-168743,2026-07-24,0.4077,36.4,9.8,218
29-018-021-168743,2026-08-23,0.4186,37.7,10.8,248
36-003-022-552861,2026-04-25,0.5512,63.0,4.1,1
36-003-022-552861,2026-05-25,0.5309,64.4,5.2,1
36-003-022-552861,2026-06-24,0.5582,65.7,6.2,3
36-003-022-552861,2026-07-24,0.5019,67.1,7.3,33
36-003-022-552861,2026-08-23,0.5144,68.4,8.3,63
36-027-006-486547,2026-04-25,0.1082,51.8,24.6,74
36-027-006-486547,2026-05-25,0.1511,53.2,25.6,104
36-027-006-486547,2026-06-24,0.1699,54.5,26.7,134
36-027-006-486547,2026-07-24,0.2176,55.9,27.8,164
36-027-006-486547,2026-08-23,0.2456,57.2,28.8,194
27-001-012-918143,2026-04-25,0.519,43.5,66.6,270
27-001-012-918143,2026-05-25,0.4928,44.9,67.6,300
27-001-012-918143,2026-06-24,0.4092,46.2,68.7,330
27-001-012-918143,2026-07-24,0.4003,47.5,69.8,360
27-001-012-918143,2026-08-23,0.3261,48.9,70.8,390
36-003-002-248756,2026-04-25,0.4388,48.7,41.7,1
36-003-002-248756,2026-05-25,0.4817,50.1,42.8,1
36-003-002-248756,2026-06-24,0.5097,51.4,43.8,1
36-003-002-248756,2026-07-24,0.5093,52.8,44.9,1
36-003-002-248756,2026-08-23,0.5582,54.1,45.9,12
09-002-022-794672,2026-04-25,0.01,52.4,0.3,1
09-002-022-794672,2026-05-25,0.1205,53.8,1.3,1
09-002-022-794672,2026-06-24,0.2192,55.1,2.4,16
09-002-022-794672,2026-07-24,0.3013,56.4,3.5,46
09-002-022-794672,2026-08-23,0.4065,57.8,4.5,76
09-044-006-290384,2026-04-25,0.4304,20.9,68.0,5
09-044-006-290384,2026-05-25,0.4261,22.2,69.0,35
09-044-006-290384,2026-06-24,0.3939,23.6,70.1,65
09-044-006-290384,2026-07-24,0.3559,24.9,71.2,95
09-044-006-290384,2026-08-23,0.3917,26.3,72.2,125
09-044-016-721787,2026-04-25,0.01,17.8,5.2,1
09-044-016-721787,2026-05-25,0.1213,19.1,6.2,1
09-044-016-721787,2026-06-24,0.2696,20.5,7.3,24
09-044-016-721787,2026-07-24,0.4268,21.8,8.3,54
09-044-016-721787,2026-08-23,0.5439,23.2,9.4,84
33-014-001-555143,2026-04-25,0.1804,60.4,28.9,1
33-014-001-555143,2026-05-25,0.2088,61.8,30.0,1
33-014-001-555143,2026-06-24,0.168,63.1,31.0,1
33-014-001-555143,2026-07-24,0.1495,64.5,32.1,17
33-014-001-555143,2026-08-23,0.159,65.8,33.1,47
33-014-006-723639,2026-04-25,0.199,31.6,66.7,1
33-014-006-723639,2026-05-25,0.24,33.0,67.8,1
33-014-006-723639,2026-06-24,0.2934,34.3,68.8,1
33-014-006-723639,2026-07-24,0.3445,35.6,69.9,27
33-014-006-723639,2026-08-23,0.3898,37.0,70.9,57
33-045-020-990820,2026-04-25,0.3308,1.9,14.1,1
33-045-020-990820,2026-05-25,0.3497,3.2,15.2,1
33-045-020-990820,2026-06-24,0.3687,4.6,16.2,1
33-045-020-990820,2026-07-24,0.3793,6.0,17.2,1
33-045-020-990820,2026-08-23,0.398,7.3,18.3,14
36-019-007-248099,2026-04-25,0.3618,60.2,33.3,1
36-019-007-248099,2026-05-25,0.4022,61.5,34.4,1
36-019-007-248099,2026-06-24,0.3764,62.9,35.4,1
36-019-007-248099,2026-07-24,0.3843,64.2,36.5,6
36-019-007-248099,2026-08-23,0.3511,65.6,37.5,36
21-012-024-553314,2026-04-25,0.1335,14.8,20.2,1
21-012-024-553314,2026-05-25,0.2016,16.1,21.2,1
21-012-024-553314,2026-06-24,0.242,17.5,22.3,1
21-012-024-553314,2026-07-24,0.2699,18.8,23.3,20
21-012-024-553314,2026-08-23,0.3508,20.2,24.4,50
21-026-015-965730,2026-04-25,0.4265,20.4,37.2,1
21-026-015-965730,2026-05-25,0.427,21.8,38.2,1
21-026-015-965730,2026-06-24,0.4325,23.1,39.3,1
21-026-015-965730,2026-07-24,0.4812,24.4,40.4,1
21-026-015-965730,2026-08-23,0.4935,25.8,41.4,10
22-018-024-953394,2026-04-25,0.4207,8.6,44.5,1
22-018-024-953394,2026-05-25,0.4476,9.9,45.6,1
22-018-024-953394,2026-06-24,0.4504,11.3,46.6,2
22-018-024-953394,2026-07-24,0.4495,12.7,47.7,32
22-018-024-953394,2026-08-23,0.4527,14.0,48.7,62
21-005-007-293405,2026-04-25,0.4956,60.9,16.4,1
21-005-007-293405,2026-05-25,0.4728,62.2,17.5,1
21-005-007-293405,2026-06-24,0.4719,63.6,18.5,1
21-005-007-293405,2026-07-24,0.476,65.0,19.6,1
21-005-007-293405,2026-08-23,0.4444,66.3,20.6,3
09-031-010-811785,2026-04-25,0.7576,27.0,30.1,1
09-031-010-811785,2026-05-25,0.6535,28.3,31.1,1
09-031-010-811785,2026-06-24,0.5626,29.7,32.2,1
09-031-010-811785,2026-07-24,0.4735,31.0,33.2,1
09-031-010-811785,2026-08-23,0.4047,32.4,34.3,26
09-015-017-846324,2026-04-25,0.2247,40.0,41.5,1
09-015-017-846324,2026-05-25,0.2534,41.4,42.6,1
09-015-017-846324,2026-06-24,0.3152,42.7,43.6,1
09-015-017-846324,2026-07-24,0.3083,44.0,44.7,7
09-015-017-846324,2026-08-23,0.349,45.4,45.7,37
29-007-015-263678,2026-04-25,0.4166,53.4,20.4,47
29-007-015-263678,2026-05-25,0.4787,54.8,21.5,77
29-007-015-263678,2026-06-24,0.5364,56.1,22.5,107
29-007-015-263678,2026-07-24,0.5964,57.4,23.6,137
29-007-015-263678,2026-08-23,0.6552,58.8,24.6,167
09-002-006-963241,2026-04-25,0.5433,22.3,8.8,104
09-002-006-963241,2026-05-25,0.5564,23.6,9.8,134
09-002-006-963241,2026-06-24,0.647,25.0,10.9,164
09-002-006-963241,2026-07-24,0.6769,26.3,11.9,194
09-002-006-963241,2026-08-23,0.6583,27.7,13.0,224
09-044-017-574913,2026-04-25,0.3863,27.3,0.1,10
09-044-017-574913,2026-05-25,0.4009,28.7,1.1,40
09-044-017-574913,2026-06-24,0.3838,30.0,2.2,70
09-044-017-574913,2026-07-24,0.3861,31.4,3.2,100
09-044-017-574913,2026-08-23,0.3961,32.7,4.3,130
33-031-021-496220,2026-04-25,0.5958,6.7,13.7,1
33-031-021-496220,2026-05-25,0.5208,8.1,14.7,1
33-031-021-496220,2026-06-24,0.4594,9.4,15.8,1
33-031-021-496220,2026-07-24,0.4072,10.8,16.8,1
33-031-021-496220,2026-08-23,0.3566,12.1,17.9,3
36-019-020-135512,2026-04-25,0.0699,36.6,20.0,36
36-019-020-135512,2026-05-25,0.151,38.0,21.0,66
36-019-020-135512,2026-06-24,0.2891,39.3,22.1,96
36-019-020-135512,2026-07-24,0.3871,40.6,23.1,126
36-019-020-135512,2026-08-23,0.4541,42.0,24.2,156
21-005-020-459268,2026-04-25,0.222,60.3,47.5,1
21-005-020-459268,2026-05-25,0.2537,61.7,48.6,1
21-005-020-459268,2026-06-24,0.3097,63.0,49.6,1
21-005-020-459268,2026-07-24,0.3591,64.4,50.7,1
21-005-020-459268,2026-08-23,0.4059,65.7,51.7,3
09-002-019-518833,2026-04-25,0.8079,74.7,24.6,1
09-002-019-518833,2026-05-25,0.7134,76.0,25.6,1
09-002-019-518833,2026-06-24,0.6541,77.4,26.7,1
09-002-019-518833,2026-07-24,0.5489,78.8,27.8,1
09-002-019-518833,2026-08-23,0.4085,80.1,28.8,18
36-003-016-652606,2026-04-25,0.6255,23.0,20.0,65
36-003-016-652606,2026-05-25,0.652,24.3,21.0,95
36-003-016-652606,2026-06-24,0.6419,25.7,22.1,125
36-003-016-652606,2026-07-24,0.6046,27.0,23.1,155
36-003-016-652606,2026-08-23,0.591,28.4,24.2,185
21-012-004-001947,2026-04-25,0.5489,87.8,44.4,90
21-012-004-001947,2026-05-25,0.4819,89.2,45.5,120
21-012-004-001947,2026-06-24,0.4221,90.5,46.5,150
21-012-004-001947,2026-07-24,0.3903,91.9,47.6,180
21-012-004-001947,2026-08-23,0.3503,93.2,48.6,210
22-014-017-221878,2026-04-25,0.5486,14.9,62.0,377
22-014-017-221878,2026-05-25,0.5495,16.2,63.1,407
22-014-017-221878,2026-06-24,0.6061,17.6,64.1,437
22-014-017-221878,2026-07-24,0.6439,18.9,65.2,467
22-014-017-221878,2026-08-23,0.6724,20.3,66.2,497
09-031-006-277677,2026-04-25,0.2856,16.6,25.7,1
09-031-006-277677,2026-05-25,0.3058,17.9,26.8,1
09-031-006-277677,2026-06-24,0.3163,19.3,27.8,1
09-031-006-277677,2026-07-24,0.3231,20.6,28.8,2
09-031-006-277677,2026-08-23,0.2975,22.0,29.9,32
29-022-021-035895,2026-04-25,0.2408,49.3,59.5,189
29-022-021-035895,2026-05-25,0.2649,50.7,60.6,219
29-022-021-035895,2026-06-24,0.2628,52.0,61.6,249
29-022-021-035895,2026-07-24,0.3226,53.4,62.7,279
29-022-021-035895,2026-08-23,0.3544,54.7,63.7,309
