ulpin,desk,stage,entered_on,exited_on,days_at_desk,is_current
36-027-018-816317,Land Acquisition Officer,Award Declared,2020-03-26,2020-04-20,25,False
36-027-018-816317,Tehsildar,Award Declared,2020-04-20,2020-06-20,61,False
36-027-018-816317,Revenue Divisional Officer,Award Declared,2020-06-20,2020-09-04,76,False
36-027-018-816317,Treasury / PFMS,Award Declared,2020-09-04,,331,True
22-002-009-541227,District Collector,Award Declared,2019-12-30,2020-02-23,55,False
22-002-009-541227,Legal Cell,Award Declared,2020-02-23,2020-03-18,24,False
22-002-009-541227,R&R Cell,Award Declared,2020-03-18,2020-04-04,17,False
22-002-009-541227,Tehsildar,Award Declared,2020-04-04,2020-05-16,42,False
22-002-009-541227,Land Acquisition Officer,Award Declared,2020-05-16,,293,True
21-005-011-786728,Revenue Divisional Officer,R&R Implementation,2020-07-01,2020-07-09,8,False
21-005-011-786728,District Collector,R&R Implementation,2020-07-09,2020-11-21,135,False
21-005-011-786728,Treasury / PFMS,R&R Implementation,2020-11-21,2021-01-10,50,False
21-005-011-786728,Land Acquisition Officer,R&R Implementation,2021-01-10,2021-03-03,52,False
21-005-011-786728,Legal Cell,R&R Implementation,2021-03-03,,38,True
22-009-021-025825,Legal Cell,Section 11 Notification Issued,2021-08-12,2021-08-18,6,False
22-009-021-025825,Land Acquisition Officer,Section 11 Notification Issued,2021-08-18,2021-09-24,37,False
22-009-021-025825,Tehsildar,Section 11 Notification Issued,2021-09-24,2021-10-15,21,False
22-009-021-025825,District Collector,Section 11 Notification Issued,2021-10-15,,86,True
27-013-006-432571,Treasury / PFMS,Section 11 Notification Issued,2021-11-20,2021-11-23,3,False
27-013-006-432571,District Collector,Section 11 Notification Issued,2021-11-23,2021-11-29,6,False
27-013-006-432571,Revenue Divisional Officer,Section 11 Notification Issued,2021-11-29,2022-01-14,46,False
27-013-006-432571,Legal Cell,Section 11 Notification Issued,2022-01-14,2022-02-16,33,False
27-013-006-432571,Land Acquisition Officer,Section 11 Notification Issued,2022-02-16,,71,True
23-033-010-217866,Treasury / PFMS,SIA Completed,2023-04-11,2023-08-22,133,False
23-033-010-217866,Tehsildar,SIA Completed,2023-08-22,2023-09-03,12,False
23-033-010-217866,R&R Cell,SIA Completed,2023-09-03,2023-11-17,75,False
23-033-010-217866,Land Acquisition Officer,SIA Completed,2023-11-17,2024-01-24,68,False
23-033-010-217866,Legal Cell,SIA Completed,2024-01-24,,97,True
36-011-021-962044,Legal Cell,Award Declared,2020-03-11,2020-03-28,17,False
36-011-021-962044,R&R Cell,Award Declared,2020-03-28,2020-05-26,59,False
36-011-021-962044,Land Acquisition Officer,Award Declared,2020-05-26,2020-05-29,3,False
36-011-021-962044,Treasury / PFMS,Award Declared,2020-05-29,2020-06-01,3,False
36-011-021-962044,Tehsildar,Award Declared,2020-06-01,2020-06-30,29,False
36-011-021-962044,District Collector,Award Declared,2020-06-30,,88,True
27-013-021-503316,Revenue Divisional Officer,SIA Completed,2022-05-16,2022-08-13,89,False
27-013-021-503316,District Collector,SIA Completed,2022-08-13,2022-12-23,132,False
27-013-021-503316,R&R Cell,SIA Completed,2022-12-23,2023-05-14,142,False
27-013-021-503316,Land Acquisition Officer,SIA Completed,2023-05-14,2023-08-18,96,False
27-013-021-503316,Tehsildar,SIA Completed,2023-08-18,,97,True
33-031-006-380149,Legal Cell,SIA Completed,2019-09-01,2019-09-07,6,False
33-031-006-380149,R&R Cell,SIA Completed,2019-09-07,2019-10-04,27,False
33-031-006-380149,District Collector,SIA Completed,2019-10-04,2019-12-26,83,False
33-031-006-380149,Tehsildar,SIA Completed,2019-12-26,,66,True
36-011-019-414535,R&R Cell,R&R Implementation,2021-12-02,2022-05-28,177,False
36-011-019-414535,Legal Cell,R&R Implementation,2022-05-28,2022-06-17,20,False
36-011-019-414535,Revenue Divisional Officer,R&R Implementation,2022-06-17,2022-07-29,42,False
36-011-019-414535,Tehsildar,R&R Implementation,2022-07-29,2022-09-21,54,False
36-011-019-414535,District Collector,R&R Implementation,2022-09-21,2023-06-15,267,False
36-011-019-414535,Land Acquisition Officer,R&R Implementation,2023-06-15,2023-08-02,48,False
36-011-019-414535,Treasury / PFMS,R&R Implementation,2023-08-02,,56,True
27-025-002-719139,Land Acquisition Officer,Compensation Disbursement,2022-07-25,2022-08-03,9,False
27-025-002-719139,District Collector,Compensation Disbursement,2022-08-03,2022-08-05,2,False
27-025-002-719139,Treasury / PFMS,Compensation Disbursement,2022-08-05,2023-03-04,211,False
27-025-002-719139,R&R Cell,Compensation Disbursement,2023-03-04,2023-06-09,97,False
27-025-002-719139,Legal Cell,Compensation Disbursement,2023-06-09,2023-07-06,27,False
27-025-002-719139,Revenue Divisional Officer,Compensation Disbursement,2023-07-06,,92,True
21-012-001-738565,R&R Cell,R&R Implementation,2021-11-15,2022-01-02,48,False
21-012-001-738565,Revenue Divisional Officer,R&R Implementation,2022-01-02,2022-01-18,16,False
21-012-001-738565,Treasury / PFMS,R&R Implementation,2022-01-18,,6,True
22-009-001-966349,District Collector,SIA Completed,2020-01-07,2020-05-14,128,False
22-009-001-966349,Tehsildar,SIA Completed,2020-05-14,2020-08-22,100,False
22-009-001-966349,Revenue Divisional Officer,SIA Completed,2020-08-22,,245,True
23-033-014-835539,Land Acquisition Officer,Section 11 Notification Issued,2019-03-10,2019-03-15,5,False
23-033-014-835539,Tehsildar,Section 11 Notification Issued,2019-03-15,2019-08-21,159,False
23-033-014-835539,District Collector,Section 11 Notification Issued,2019-08-21,2020-03-16,208,False
23-033-014-835539,R&R Cell,Section 11 Notification Issued,2020-03-16,2020-04-13,28,False
23-033-014-835539,Legal Cell,Section 11 Notification Issued,2020-04-13,,10,True
27-001-017-023647,Treasury / PFMS,R&R Implementation,2020-09-07,2020-09-09,2,False
27-001-017-023647,Revenue Divisional Officer,R&R Implementation,2020-09-09,2020-11-26,78,False
27-001-017-023647,R&R Cell,R&R Implementation,2020-11-26,2021-03-06,100,False
27-001-017-023647,Legal Cell,R&R Implementation,2021-03-06,2021-03-17,11,False
27-001-017-023647,Tehsildar,R&R Implementation,2021-03-17,2021-04-07,21,False
27-001-017-023647,District Collector,R&R Implementation,2021-04-07,2021-09-18,164,False
27-001-017-023647,Land Acquisition Officer,R&R Implementation,2021-09-18,,619,True
36-027-017-419778,District Collector,Compensation Disbursement,2022-03-10,2022-03-23,13,False
36-027-017-419778,R&R Cell,Compensation Disbursement,2022-03-23,2022-03-25,2,False
36-027-017-419778,Legal Cell,Compensation Disbursement,2022-03-25,2022-05-26,62,False
36-027-017-419778,Land Acquisition Officer,Compensation Disbursement,2022-05-26,2022-07-30,65,False
36-027-017-419778,Tehsildar,Compensation Disbursement,2022-07-30,,145,True
27-001-024-213539,Treasury / PFMS,Possession Taken,2019-12-05,2020-03-30,116,False
27-001-024-213539,District Collector,Possession Taken,2020-03-30,2020-04-01,2,False
27-001-024-213539,Tehsildar,Possession Taken,2020-04-01,2020-10-29,211,False
27-001-024-213539,R&R Cell,Possession Taken,2020-10-29,2021-02-17,111,False
27-001-024-213539,Revenue Divisional Officer,Possession Taken,2021-02-17,2021-06-25,128,False
27-001-024-213539,Legal Cell,Possession Taken,2021-06-25,,40,True
36-019-021-048525,Revenue Divisional Officer,R&R Implementation,2021-04-23,2021-05-23,30,False
36-019-021-048525,Tehsildar,R&R Implementation,2021-05-23,2021-06-03,11,False
36-019-021-048525,R&R Cell,R&R Implementation,2021-06-03,2021-06-17,14,False
36-019-021-048525,District Collector,R&R Implementation,2021-06-17,2021-10-30,135,False
36-019-021-048525,Legal Cell,R&R Implementation,2021-10-30,2021-11-17,18,False
36-019-021-048525,Treasury / PFMS,R&R Implementation,2021-11-17,2021-11-24,7,False
36-019-021-048525,Land Acquisition Officer,R&R Implementation,2021-11-24,,42,True
23-016-010-430888,Legal Cell,Possession Taken,2022-11-12,2023-06-21,221,False
23-016-010-430888,Treasury / PFMS,Possession Taken,2023-06-21,2023-07-25,34,False
23-016-010-430888,District Collector,Possession Taken,2023-07-25,2023-10-01,68,False
23-016-010-430888,Tehsildar,Possession Taken,2023-10-01,2023-11-19,49,False
23-016-010-430888,Land Acquisition Officer,Possession Taken,2023-11-19,2024-02-02,75,False
23-016-010-430888,R&R Cell,Possession Taken,2024-02-02,,3,True
33-045-015-628192,Legal Cell,Section 11 Notification Issued,2021-12-18,2022-01-16,29,False
33-045-015-628192,Land Acquisition Officer,Section 11 Notification Issued,2022-01-16,2022-02-25,40,False
33-045-015-628192,R&R Cell,Section 11 Notification Issued,2022-02-25,,47,True
21-005-019-903819,Tehsildar,Possession Taken,2023-12-08,2023-12-11,3,False
21-005-019-903819,Revenue Divisional Officer,Possession Taken,2023-12-11,2024-01-22,42,False
21-005-019-903819,R&R Cell,Possession Taken,2024-01-22,2024-01-29,7,False
21-005-019-903819,Legal Cell,Possession Taken,2024-01-29,2024-02-09,11,False
21-005-019-903819,Land Acquisition Officer,Possession Taken,2024-02-09,2024-03-12,32,False
21-005-019-903819,District Collector,Possession Taken,2024-03-12,,52,True
29-009-002-628978,Tehsildar,Section 11 Notification Issued,2020-09-18,2020-11-07,50,False
29-009-002-628978,District Collector,Section 11 Notification Issued,2020-11-07,2020-11-09,2,False
29-009-002-628978,R&R Cell,Section 11 Notification Issued,2020-11-09,2020-11-16,7,False
29-009-002-628978,Land Acquisition Officer,Section 11 Notification Issued,2020-11-16,,84,True
36-019-003-782215,Land Acquisition Officer,SIA Completed,2023-06-26,2023-09-19,85,False
36-019-003-782215,Revenue Divisional Officer,SIA Completed,2023-09-19,2024-01-08,111,False
36-019-003-782215,R&R Cell,SIA Completed,2024-01-08,2024-03-30,82,False
36-019-003-782215,Treasury / PFMS,SIA Completed,2024-03-30,2024-05-05,36,False
36-019-003-782215,Legal Cell,SIA Completed,2024-05-05,,23,True
22-009-021-451815,Land Acquisition Officer,Possession Taken,2020-04-06,2020-05-22,46,False
22-009-021-451815,Tehsildar,Possession Taken,2020-05-22,2020-07-09,48,False
22-009-021-451815,Revenue Divisional Officer,Possession Taken,2020-07-09,2020-08-28,50,False
22-009-021-451815,Treasury / PFMS,Possession Taken,2020-08-28,2020-10-23,56,False
22-009-021-451815,District Collector,Possession Taken,2020-10-23,,198,True
23-028-014-694966,R&R Cell,R&R Implementation,2023-05-21,2023-06-08,18,False
23-028-014-694966,Revenue Divisional Officer,R&R Implementation,2023-06-08,2023-12-22,197,False
23-028-014-694966,Treasury / PFMS,R&R Implementation,2023-12-22,2024-02-07,47,False
23-028-014-694966,District Collector,R&R Implementation,2024-02-07,,433,True
33-014-020-266749,Revenue Divisional Officer,Section 11 Notification Issued,2021-05-15,2021-05-22,7,False
33-014-020-266749,Tehsildar,Section 11 Notification Issued,2021-05-22,2021-07-11,50,False
33-014-020-266749,Legal Cell,Section 11 Notification Issued,2021-07-11,2021-08-22,42,False
33-014-020-266749,R&R Cell,Section 11 Notification Issued,2021-08-22,2021-10-14,53,False
33-014-020-266749,Treasury / PFMS,Section 11 Notification Issued,2021-10-14,2021-12-22,69,False
33-014-020-266749,District Collector,Section 11 Notification Issued,2021-12-22,2021-12-29,7,False
33-014-020-266749,Land Acquisition Officer,Section 11 Notification Issued,2021-12-29,,46,True
33-023-003-347613,Revenue Divisional Officer,Section 11 Notification Issued,2021-02-15,2021-05-21,95,False
33-023-003-347613,Treasury / PFMS,Section 11 Notification Issued,2021-05-21,2021-06-30,40,False
33-023-003-347613,Legal Cell,Section 11 Notification Issued,2021-06-30,,70,True
21-019-019-960921,Revenue Divisional Officer,R&R Implementation,2019-07-04,2019-07-09,5,False
21-019-019-960921,District Collector,R&R Implementation,2019-07-09,2019-07-31,22,False
21-019-019-960921,Land Acquisition Officer,R&R Implementation,2019-07-31,2019-08-23,23,False
21-019-019-960921,Tehsildar,R&R Implementation,2019-08-23,2019-09-21,29,False
21-019-019-960921,R&R Cell,R&R Implementation,2019-09-21,2019-10-11,20,False
21-019-019-960921,Treasury / PFMS,R&R Implementation,2019-10-11,2019-11-07,27,False
21-019-019-960921,Legal Cell,R&R Implementation,2019-11-07,,50,True
23-033-020-446058,District Collector,Possession Taken,2022-08-15,2023-02-06,175,False
23-033-020-446058,Land Acquisition Officer,Possession Taken,2023-02-06,2023-07-05,149,False
23-033-020-446058,Legal Cell,Possession Taken,2023-07-05,2023-10-15,102,False
23-033-020-446058,R&R Cell,Possession Taken,2023-10-15,2024-07-06,265,False
23-033-020-446058,Treasury / PFMS,Possession Taken,2024-07-06,2024-07-11,5,False
23-033-020-446058,Tehsildar,Possession Taken,2024-07-11,,119,True
33-031-017-145427,Tehsildar,R&R Implementation,2020-03-25,2020-04-21,27,False
33-031-017-145427,R&R Cell,R&R Implementation,2020-04-21,2020-05-07,16,False
33-031-017-145427,Legal Cell,R&R Implementation,2020-05-07,2020-07-02,56,False
33-031-017-145427,Revenue Divisional Officer,R&R Implementation,2020-07-02,,47,True
36-003-020-490577,Tehsildar,Possession Taken,2022-06-23,2022-06-30,7,False
36-003-020-490577,District Collector,Possession Taken,2022-06-30,2022-10-06,98,False
36-003-020-490577,Revenue Divisional Officer,Possession Taken,2022-10-06,,3,True
36-003-012-771038,Legal Cell,Compensation Disbursement,2022-09-14,2022-10-29,45,False
36-003-012-771038,R&R Cell,Compensation Disbursement,2022-10-29,2022-11-05,7,False
36-003-012-771038,Revenue Divisional Officer,Compensation Disbursement,2022-11-05,2023-02-17,104,False
36-003-012-771038,Treasury / PFMS,Compensation Disbursement,2023-02-17,2023-02-22,5,False
36-003-012-771038,Tehsildar,Compensation Disbursement,2023-02-22,2023-02-24,2,False
36-003-012-771038,District Collector,Compensation Disbursement,2023-02-24,2023-03-29,33,False
36-003-012-771038,Land Acquisition Officer,Compensation Disbursement,2023-03-29,,28,True
21-019-024-663726,Land Acquisition Officer,Compensation Disbursement,2021-09-30,2021-11-27,58,False
21-019-024-663726,District Collector,Compensation Disbursement,2021-11-27,2022-06-28,213,False
21-019-024-663726,Legal Cell,Compensation Disbursement,2022-06-28,2022-07-05,7,False
21-019-024-663726,Treasury / PFMS,Compensation Disbursement,2022-07-05,2022-07-10,5,False
21-019-024-663726,Tehsildar,Compensation Disbursement,2022-07-10,2022-08-03,24,False
21-019-024-663726,R&R Cell,Compensation Disbursement,2022-08-03,2022-08-17,14,False
21-019-024-663726,Revenue Divisional Officer,Compensation Disbursement,2022-08-17,,57,True
36-011-012-262871,R&R Cell,SIA Completed,2020-03-05,2020-09-27,206,False
36-011-012-262871,Legal Cell,SIA Completed,2020-09-27,2020-11-01,35,False
36-011-012-262871,Land Acquisition Officer,SIA Completed,2020-11-01,2020-12-08,37,False
36-011-012-262871,Tehsildar,SIA Completed,2020-12-08,,34,True
29-022-024-239792,Revenue Divisional Officer,Award Declared,2022-01-01,2022-07-14,194,False
29-022-024-239792,Legal Cell,Award Declared,2022-07-14,2022-09-11,59,False
29-022-024-239792,District Collector,Award Declared,2022-09-11,2022-09-27,16,False
29-022-024-239792,R&R Cell,Award Declared,2022-09-27,2022-11-04,38,False
29-022-024-239792,Land Acquisition Officer,Award Declared,2022-11-04,2022-11-21,17,False
29-022-024-239792,Treasury / PFMS,Award Declared,2022-11-21,2023-02-02,73,False
29-022-024-239792,Tehsildar,Award Declared,2023-02-02,,116,True
33-045-010-090659,Tehsildar,R&R Implementation,2020-07-31,2020-12-01,123,False
33-045-010-090659,R&R Cell,R&R Implementation,2020-12-01,2021-01-06,36,False
33-045-010-090659,District Collector,R&R Implementation,2021-01-06,,176,True
33-023-009-270578,Land Acquisition Officer,Award Declared,2020-01-01,2020-01-07,6,False
33-023-009-270578,Revenue Divisional Officer,Award Declared,2020-01-07,2020-03-13,66,False
33-023-009-270578,R&R Cell,Award Declared,2020-03-13,2020-03-24,11,False
33-023-009-270578,Legal Cell,Award Declared,2020-03-24,2020-05-15,52,False
33-023-009-270578,Treasury / PFMS,Award Declared,2020-05-15,2020-08-03,80,False
33-023-009-270578,Tehsildar,Award Declared,2020-08-03,2020-10-11,69,False
33-023-009-270578,District Collector,Award Declared,2020-10-11,,223,True
36-027-010-345877,District Collector,Award Declared,2022-09-26,2022-10-01,5,False
36-027-010-345877,Land Acquisition Officer,Award Declared,2022-10-01,2022-10-14,13,False
36-027-010-345877,Revenue Divisional Officer,Award Declared,2022-10-14,2022-10-24,10,False
36-027-010-345877,Legal Cell,Award Declared,2022-10-24,,116,True
21-026-005-770237,Revenue Divisional Officer,Award Declared,2019-01-28,2019-06-26,149,False
21-026-005-770237,Treasury / PFMS,Award Declared,2019-06-26,2020-03-09,257,False
21-026-005-770237,Tehsildar,Award Declared,2020-03-09,2020-06-15,98,False
21-026-005-770237,Legal Cell,Award Declared,2020-06-15,2020-10-05,112,False
21-026-005-770237,R&R Cell,Award Declared,2020-10-05,,83,True
21-005-020-076194,Land Acquisition Officer,Possession Taken,2023-07-04,2023-07-09,5,False
21-005-020-076194,Tehsildar,Possession Taken,2023-07-09,2023-09-07,60,False
21-005-020-076194,Revenue Divisional Officer,Possession Taken,2023-09-07,2023-09-14,7,False
21-005-020-076194,R&R Cell,Possession Taken,2023-09-14,2023-11-27,74,False
21-005-020-076194,District Collector,Possession Taken,2023-11-27,2024-01-23,57,False
21-005-020-076194,Treasury / PFMS,Possession Taken,2024-01-23,2024-01-25,2,False
21-005-020-076194,Legal Cell,Possession Taken,2024-01-25,,4,True
33-014-011-676436,Land Acquisition Officer,Possession Taken,2022-09-13,2022-11-06,54,False
33-014-011-676436,Tehsildar,Possession Taken,2022-11-06,2023-03-01,115,False
33-014-011-676436,District Collector,Possession Taken,2023-03-01,2023-03-11,10,False
33-014-011-676436,R&R Cell,Possession Taken,2023-03-11,2023-04-22,42,False
33-014-011-676436,Legal Cell,Possession Taken,2023-04-22,2023-07-25,94,False
33-014-011-676436,Treasury / PFMS,Possession Taken,2023-07-25,,233,True
09-031-012-968801,Revenue Divisional Officer,Compensation Disbursement,2020-10-08,2020-12-11,64,False
09-031-012-968801,District Collector,Compensation Disbursement,2020-12-11,2021-01-08,28,False
09-031-012-968801,Treasury / PFMS,Compensation Disbursement,2021-01-08,2021-02-19,42,False
09-031-012-968801,Tehsildar,Compensation Disbursement,2021-02-19,2021-08-06,168,False
09-031-012-968801,R&R Cell,Compensation Disbursement,2021-08-06,2021-08-22,16,False
09-031-012-968801,Land Acquisition Officer,Compensation Disbursement,2021-08-22,2021-10-10,49,False
09-031-012-968801,Legal Cell,Compensation Disbursement,2021-10-10,,196,True
36-011-010-433055,Land Acquisition Officer,Award Declared,2022-08-06,2023-01-29,176,False
36-011-010-433055,Treasury / PFMS,Award Declared,2023-01-29,2023-02-27,29,False
36-011-010-433055,Legal Cell,Award Declared,2023-02-27,2023-03-18,19,False
36-011-010-433055,District Collector,Award Declared,2023-03-18,,102,True
09-044-011-783326,R&R Cell,Compensation Disbursement,2019-10-17,2019-11-03,17,False
09-044-011-783326,Revenue Divisional Officer,Compensation Disbursement,2019-11-03,2020-02-04,93,False
09-044-011-783326,Tehsildar,Compensation Disbursement,2020-02-04,2020-02-06,2,False
09-044-011-783326,District Collector,Compensation Disbursement,2020-02-06,2020-02-23,17,False
09-044-011-783326,Land Acquisition Officer,Compensation Disbursement,2020-02-23,,5,True
27-037-023-175762,Revenue Divisional Officer,Award Declared,2021-09-25,2021-12-19,85,False
27-037-023-175762,Treasury / PFMS,Award Declared,2021-12-19,2021-12-22,3,False
27-037-023-175762,Tehsildar,Award Declared,2021-12-22,2022-02-15,55,False
27-037-023-175762,Land Acquisition Officer,Award Declared,2022-02-15,2022-04-01,45,False
27-037-023-175762,District Collector,Award Declared,2022-04-01,,3,True
09-002-018-066783,Treasury / PFMS,Compensation Disbursement,2022-01-30,2022-02-01,2,False
09-002-018-066783,Land Acquisition Officer,Compensation Disbursement,2022-02-01,2022-02-24,23,False
09-002-018-066783,Legal Cell,Compensation Disbursement,2022-02-24,2022-04-20,55,False
09-002-018-066783,R&R Cell,Compensation Disbursement,2022-04-20,2022-05-15,25,False
09-002-018-066783,Revenue Divisional Officer,Compensation Disbursement,2022-05-15,2022-07-01,47,False
09-002-018-066783,District Collector,Compensation Disbursement,2022-07-01,,244,True
33-045-018-544333,Treasury / PFMS,Award Declared,2019-09-20,2019-10-27,37,False
33-045-018-544333,Revenue Divisional Officer,Award Declared,2019-10-27,2019-10-29,2,False
33-045-018-544333,District Collector,Award Declared,2019-10-29,2019-12-30,62,False
33-045-018-544333,Land Acquisition Officer,Award Declared,2019-12-30,2020-01-09,10,False
33-045-018-544333,R&R Cell,Award Declared,2020-01-09,,375,True
36-003-014-168649,District Collector,Compensation Disbursement,2020-02-26,2020-04-13,47,False
36-003-014-168649,Land Acquisition Officer,Compensation Disbursement,2020-04-13,2020-05-25,42,False
36-003-014-168649,Revenue Divisional Officer,Compensation Disbursement,2020-05-25,2020-08-17,84,False
36-003-014-168649,R&R Cell,Compensation Disbursement,2020-08-17,,73,True
22-018-016-872581,District Collector,Award Declared,2022-10-27,2022-12-27,61,False
22-018-016-872581,Land Acquisition Officer,Award Declared,2022-12-27,2023-03-25,88,False
22-018-016-872581,R&R Cell,Award Declared,2023-03-25,,18,True
23-033-008-121651,Land Acquisition Officer,R&R Implementation,2020-04-14,2020-04-23,9,False
23-033-008-121651,Legal Cell,R&R Implementation,2020-04-23,2020-05-13,20,False
23-033-008-121651,Tehsildar,R&R Implementation,2020-05-13,2020-09-05,115,False
23-033-008-121651,Revenue Divisional Officer,R&R Implementation,2020-09-05,2020-10-06,31,False
23-033-008-121651,R&R Cell,R&R Implementation,2020-10-06,,111,True
21-019-014-988271,Revenue Divisional Officer,Award Declared,2023-10-12,2024-01-25,105,False
21-019-014-988271,Tehsildar,Award Declared,2024-01-25,2024-02-06,12,False
21-019-014-988271,R&R Cell,Award Declared,2024-02-06,2024-02-14,8,False
21-019-014-988271,Legal Cell,Award Declared,2024-02-14,2024-04-17,63,False
21-019-014-988271,Land Acquisition Officer,Award Declared,2024-04-17,2024-07-09,83,False
21-019-014-988271,Treasury / PFMS,Award Declared,2024-07-09,2024-08-06,28,False
21-019-014-988271,District Collector,Award Declared,2024-08-06,,52,True
21-026-002-958256,R&R Cell,R&R Implementation,2020-08-04,2020-08-27,23,False
21-026-002-958256,Land Acquisition Officer,R&R Implementation,2020-08-27,2020-09-04,8,False
21-026-002-958256,Treasury / PFMS,R&R Implementation,2020-09-04,,242,True
23-033-012-909547,Revenue Divisional Officer,Award Declared,2022-11-03,2022-12-14,41,False
23-033-012-909547,District Collector,Award Declared,2022-12-14,2023-01-11,28,False
23-033-012-909547,Tehsildar,Award Declared,2023-01-11,,9,True
33-014-011-363947,Treasury / PFMS,R&R Implementation,2023-01-03,2023-01-27,24,False
33-014-011-363947,Tehsildar,R&R Implementation,2023-01-27,2023-05-15,108,False
33-014-011-363947,Legal Cell,R&R Implementation,2023-05-15,2023-06-01,17,False
33-014-011-363947,District Collector,R&R Implementation,2023-06-01,2023-06-27,26,False
33-014-011-363947,Revenue Divisional Officer,R&R Implementation,2023-06-27,,245,True
36-019-015-490823,Legal Cell,SIA Completed,2023-04-01,2023-06-10,70,False
36-019-015-490823,Tehsildar,SIA Completed,2023-06-10,2023-12-18,191,False
36-019-015-490823,Revenue Divisional Officer,SIA Completed,2023-12-18,,63,True
36-027-016-523186,Treasury / PFMS,Possession Taken,2023-07-02,2024-01-04,186,False
36-027-016-523186,District Collector,Possession Taken,2024-01-04,2024-01-10,6,False
36-027-016-523186,Revenue Divisional Officer,Possession Taken,2024-01-10,2024-03-15,65,False
36-027-016-523186,Tehsildar,Possession Taken,2024-03-15,2024-06-25,102,False
36-027-016-523186,Legal Cell,Possession Taken,2024-06-25,,100,True
09-031-004-338225,R&R Cell,R&R Implementation,2021-10-23,2021-12-03,41,False
09-031-004-338225,District Collector,R&R Implementation,2021-12-03,2022-03-04,91,False
09-031-004-338225,Tehsildar,R&R Implementation,2022-03-04,2022-03-18,14,False
09-031-004-338225,Treasury / PFMS,R&R Implementation,2022-03-18,2022-04-01,14,False
09-031-004-338225,Legal Cell,R&R Implementation,2022-04-01,2022-04-04,3,False
09-031-004-338225,Land Acquisition Officer,R&R Implementation,2022-04-04,,82,True
09-015-007-970801,R&R Cell,Possession Taken,2021-05-15,2021-10-20,158,False
09-015-007-970801,Legal Cell,Possession Taken,2021-10-20,2021-10-27,7,False
09-015-007-970801,Treasury / PFMS,Possession Taken,2021-10-27,2021-11-06,10,False
09-015-007-970801,District Collector,Possession Taken,2021-11-06,2021-11-08,2,False
09-015-007-970801,Tehsildar,Possession Taken,2021-11-08,2022-03-24,136,False
09-015-007-970801,Revenue Divisional Officer,Possession Taken,2022-03-24,,12,True
22-014-018-128587,Land Acquisition Officer,R&R Implementation,2020-10-18,2021-02-01,106,False
22-014-018-128587,Tehsildar,R&R Implementation,2021-02-01,2021-02-16,15,False
22-014-018-128587,Revenue Divisional Officer,R&R Implementation,2021-02-16,2021-02-23,7,False
22-014-018-128587,R&R Cell,R&R Implementation,2021-02-23,2021-04-14,50,False
22-014-018-128587,District Collector,R&R Implementation,2021-04-14,2021-05-21,37,False
22-014-018-128587,Treasury / PFMS,R&R Implementation,2021-05-21,,140,True
36-011-024-925542,Revenue Divisional Officer,Compensation Disbursement,2021-12-18,2021-12-28,10,False
36-011-024-925542,District Collector,Compensation Disbursement,2021-12-28,2021-12-30,2,False
36-011-024-925542,Tehsildar,Compensation Disbursement,2021-12-30,2022-01-17,18,False
36-011-024-925542,R&R Cell,Compensation Disbursement,2022-01-17,2022-03-24,66,False
36-011-024-925542,Land Acquisition Officer,Compensation Disbursement,2022-03-24,2022-04-14,21,False
36-011-024-925542,Treasury / PFMS,Compensation Disbursement,2022-04-14,,25,True
09-015-020-499467,Land Acquisition Officer,Compensation Disbursement,2023-04-27,2023-08-14,109,False
09-015-020-499467,Legal Cell,Compensation Disbursement,2023-08-14,2023-09-24,41,False
09-015-020-499467,Tehsildar,Compensation Disbursement,2023-09-24,2024-05-28,247,False
09-015-020-499467,R&R Cell,Compensation Disbursement,2024-05-28,2024-06-14,17,False
09-015-020-499467,Revenue Divisional Officer,Compensation Disbursement,2024-06-14,,17,True
21-019-010-250365,District Collector,Award Declared,2022-05-04,2022-08-25,113,False
21-019-010-250365,R&R Cell,Award Declared,2022-08-25,2022-10-07,43,False
21-019-010-250365,Revenue Divisional Officer,Award Declared,2022-10-07,2022-11-05,29,False
21-019-010-250365,Land Acquisition Officer,Award Declared,2022-11-05,,92,True
23-004-020-557776,Land Acquisition Officer,Possession Taken,2023-03-18,2023-06-09,83,False
23-004-020-557776,District Collector,Possession Taken,2023-06-09,2023-06-15,6,False
23-004-020-557776,R&R Cell,Possession Taken,2023-06-15,,80,True
09-015-013-819804,Legal Cell,SIA Completed,2023-10-27,2023-11-05,9,False
09-015-013-819804,District Collector,SIA Completed,2023-11-05,2024-01-20,76,False
09-015-013-819804,Revenue Divisional Officer,SIA Completed,2024-01-20,,22,True
22-002-008-335658,Legal Cell,Section 11 Notification Issued,2019-11-12,2020-01-14,63,False
22-002-008-335658,Land Acquisition Officer,Section 11 Notification Issued,2020-01-14,2020-02-19,36,False
22-002-008-335658,Treasury / PFMS,Section 11 Notification Issued,2020-02-19,2020-05-02,73,False
22-002-008-335658,R&R Cell,Section 11 Notification Issued,2020-05-02,,161,True
09-015-012-869466,Land Acquisition Officer,Section 11 Notification Issued,2022-03-20,2022-03-22,2,False
09-015-012-869466,Revenue Divisional Officer,Section 11 Notification Issued,2022-03-22,2022-05-08,47,False
09-015-012-869466,Legal Cell,Section 11 Notification Issued,2022-05-08,2022-05-19,11,False
09-015-012-869466,R&R Cell,Section 11 Notification Issued,2022-05-19,,93,True
27-025-020-420336,Legal Cell,SIA Completed,2023-05-09,2023-06-13,35,False
27-025-020-420336,Land Acquisition Officer,SIA Completed,2023-06-13,2023-07-04,21,False
27-025-020-420336,R&R Cell,SIA Completed,2023-07-04,2023-08-08,35,False
27-025-020-420336,District Collector,SIA Completed,2023-08-08,2023-08-17,9,False
27-025-020-420336,Revenue Divisional Officer,SIA Completed,2023-08-17,2023-09-24,38,False
27-025-020-420336,Treasury / PFMS,SIA Completed,2023-09-24,2023-11-05,42,False
27-025-020-420336,Tehsildar,SIA Completed,2023-11-05,,21,True
22-014-019-874264,Tehsildar,R&R Implementation,2019-09-14,2019-10-09,25,False
22-014-019-874264,District Collector,R&R Implementation,2019-10-09,2020-04-03,177,False
22-014-019-874264,R&R Cell,R&R Implementation,2020-04-03,2020-08-20,139,False
22-014-019-874264,Legal Cell,R&R Implementation,2020-08-20,2020-10-06,47,False
22-014-019-874264,Land Acquisition Officer,R&R Implementation,2020-10-06,2020-10-08,2,False
22-014-019-874264,Treasury / PFMS,R&R Implementation,2020-10-08,2020-10-10,2,False
22-014-019-874264,Revenue Divisional Officer,R&R Implementation,2020-10-10,,38,True
22-018-017-780109,Treasury / PFMS,Award Declared,2021-05-14,2021-05-20,6,False
22-018-017-780109,Land Acquisition Officer,Award Declared,2021-05-20,2021-07-07,48,False
22-018-017-780109,Legal Cell,Award Declared,2021-07-07,,81,True
29-007-024-604207,Tehsildar,Possession Taken,2019-08-18,2019-09-23,36,False
29-007-024-604207,Legal Cell,Possession Taken,2019-09-23,2019-09-26,3,False
29-007-024-604207,R&R Cell,Possession Taken,2019-09-26,2019-10-14,18,False
29-007-024-604207,Treasury / PFMS,Possession Taken,2019-10-14,2019-12-04,51,False
29-007-024-604207,District Collector,Possession Taken,2019-12-04,,64,True
09-031-015-251640,Tehsildar,Possession Taken,2019-10-23,2019-11-02,10,False
09-031-015-251640,Land Acquisition Officer,Possession Taken,2019-11-02,2019-11-20,18,False
09-031-015-251640,Treasury / PFMS,Possession Taken,2019-11-20,2020-01-03,44,False
09-031-015-251640,District Collector,Possession Taken,2020-01-03,2020-04-05,93,False
09-031-015-251640,R&R Cell,Possession Taken,2020-04-05,2020-04-16,11,False
09-031-015-251640,Revenue Divisional Officer,Possession Taken,2020-04-16,,124,True
36-003-009-242068,Treasury / PFMS,Award Declared,2023-05-09,2023-05-17,8,False
36-003-009-242068,Land Acquisition Officer,Award Declared,2023-05-17,2023-07-29,73,False
36-003-009-242068,Revenue Divisional Officer,Award Declared,2023-07-29,2023-07-31,2,False
36-003-009-242068,Tehsildar,Award Declared,2023-07-31,,310,True
29-009-021-996364,Legal Cell,Compensation Disbursement,2022-02-22,2022-02-24,2,False
29-009-021-996364,Land Acquisition Officer,Compensation Disbursement,2022-02-24,2022-04-05,40,False
29-009-021-996364,Revenue Divisional Officer,Compensation Disbursement,2022-04-05,2022-07-27,113,False
29-009-021-996364,R&R Cell,Compensation Disbursement,2022-07-27,2022-09-21,56,False
29-009-021-996364,District Collector,Compensation Disbursement,2022-09-21,,206,True
27-037-017-497474,Revenue Divisional Officer,SIA Completed,2021-06-15,2021-06-23,8,False
27-037-017-497474,R&R Cell,SIA Completed,2021-06-23,2021-06-29,6,False
27-037-017-497474,District Collector,SIA Completed,2021-06-29,,39,True
33-031-006-445132,Land Acquisition Officer,R&R Implementation,2020-06-24,2020-08-22,59,False
33-031-006-445132,Tehsildar,R&R Implementation,2020-08-22,2020-09-09,18,False
33-031-006-445132,Treasury / PFMS,R&R Implementation,2020-09-09,2020-11-14,66,False
33-031-006-445132,Revenue Divisional Officer,R&R Implementation,2020-11-14,2020-11-18,4,False
33-031-006-445132,Legal Cell,R&R Implementation,2020-11-18,2020-12-12,24,False
33-031-006-445132,District Collector,R&R Implementation,2020-12-12,2021-01-02,21,False
33-031-006-445132,R&R Cell,R&R Implementation,2021-01-02,,55,True
23-004-010-714020,Land Acquisition Officer,R&R Implementation,2019-11-12,2019-11-25,13,False
23-004-010-714020,Treasury / PFMS,R&R Implementation,2019-11-25,2019-12-12,17,False
23-004-010-714020,R&R Cell,R&R Implementation,2019-12-12,2020-04-13,123,False
23-004-010-714020,Tehsildar,R&R Implementation,2020-04-13,2020-04-24,11,False
23-004-010-714020,Revenue Divisional Officer,R&R Implementation,2020-04-24,2020-05-06,12,False
23-004-010-714020,District Collector,R&R Implementation,2020-05-06,,74,True
22-018-013-296622,Revenue Divisional Officer,SIA Completed,2020-04-30,2020-11-04,188,False
22-018-013-296622,Treasury / PFMS,SIA Completed,2020-11-04,2021-01-10,67,False
22-018-013-296622,District Collector,SIA Completed,2021-01-10,2021-04-01,81,False
22-018-013-296622,Tehsildar,SIA Completed,2021-04-01,2021-06-26,86,False
22-018-013-296622,Legal Cell,SIA Completed,2021-06-26,,4,True
36-011-005-573011,Land Acquisition Officer,R&R Implementation,2023-01-30,2023-02-26,27,False
36-011-005-573011,Tehsildar,R&R Implementation,2023-02-26,2023-03-17,19,False
36-011-005-573011,Revenue Divisional Officer,R&R Implementation,2023-03-17,2023-04-10,24,False
36-011-005-573011,District Collector,R&R Implementation,2023-04-10,,134,True
09-031-009-301397,Revenue Divisional Officer,SIA Completed,2019-11-02,2020-02-25,115,False
09-031-009-301397,Tehsildar,SIA Completed,2020-02-25,2020-03-03,7,False
09-031-009-301397,Treasury / PFMS,SIA Completed,2020-03-03,2020-05-05,63,False
09-031-009-301397,District Collector,SIA Completed,2020-05-05,2020-07-19,75,False
09-031-009-301397,Land Acquisition Officer,SIA Completed,2020-07-19,,46,True
09-044-024-422247,R&R Cell,Possession Taken,2021-04-14,2021-04-21,7,False
09-044-024-422247,Treasury / PFMS,Possession Taken,2021-04-21,2021-04-30,9,False
09-044-024-422247,District Collector,Possession Taken,2021-04-30,2021-07-08,69,False
09-044-024-422247,Tehsildar,Possession Taken,2021-07-08,2021-07-14,6,False
09-044-024-422247,Legal Cell,Possession Taken,2021-07-14,,36,True
09-015-007-459474,Treasury / PFMS,Compensation Disbursement,2020-12-16,2021-01-25,40,False
09-015-007-459474,R&R Cell,Compensation Disbursement,2021-01-25,2021-02-23,29,False
09-015-007-459474,Legal Cell,Compensation Disbursement,2021-02-23,2021-03-28,33,False
09-015-007-459474,Revenue Divisional Officer,Compensation Disbursement,2021-03-28,2021-04-14,17,False
09-015-007-459474,Tehsildar,Compensation Disbursement,2021-04-14,,277,True
27-013-023-059045,District Collector,SIA Completed,2022-08-04,2022-09-25,52,False
27-013-023-059045,Treasury / PFMS,SIA Completed,2022-09-25,2022-11-06,42,False
27-013-023-059045,Land Acquisition Officer,SIA Completed,2022-11-06,2023-01-12,67,False
27-013-023-059045,Tehsildar,SIA Completed,2023-01-12,,142,True
22-014-023-503989,R&R Cell,Award Declared,2022-05-11,2022-12-01,204,False
22-014-023-503989,Legal Cell,Award Declared,2022-12-01,2022-12-20,19,False
22-014-023-503989,Treasury / PFMS,Award Declared,2022-12-20,2023-05-06,137,False
22-014-023-503989,Revenue Divisional Officer,Award Declared,2023-05-06,2023-05-09,3,False
22-014-023-503989,District Collector,Award Declared,2023-05-09,,79,True
29-022-004-218882,Treasury / PFMS,Possession Taken,2019-08-16,2019-08-21,5,False
29-022-004-218882,District Collector,Possession Taken,2019-08-21,2019-10-20,60,False
29-022-004-218882,Land Acquisition Officer,Possession Taken,2019-10-20,,67,True
21-026-011-280692,Treasury / PFMS,SIA Completed,2019-02-26,2019-04-03,36,False
21-026-011-280692,Revenue Divisional Officer,SIA Completed,2019-04-03,2019-10-05,185,False
21-026-011-280692,Tehsildar,SIA Completed,2019-10-05,2020-02-17,135,False
21-026-011-280692,Land Acquisition Officer,SIA Completed,2020-02-17,,341,True
09-015-022-331393,R&R Cell,R&R Implementation,2021-12-22,2022-01-02,11,False
09-015-022-331393,District Collector,R&R Implementation,2022-01-02,2022-01-09,7,False
09-015-022-331393,Treasury / PFMS,R&R Implementation,2022-01-09,2022-03-18,68,False
09-015-022-331393,Tehsildar,R&R Implementation,2022-03-18,2022-05-22,65,False
09-015-022-331393,Land Acquisition Officer,R&R Implementation,2022-05-22,2022-05-25,3,False
09-015-022-331393,Legal Cell,R&R Implementation,2022-05-25,,18,True
21-019-013-994290,District Collector,Award Declared,2022-09-29,2023-01-31,124,False
21-019-013-994290,Tehsildar,Award Declared,2023-01-31,2023-02-03,3,False
21-019-013-994290,Land Acquisition Officer,Award Declared,2023-02-03,2023-04-25,81,False
21-019-013-994290,Legal Cell,Award Declared,2023-04-25,,87,True
22-002-014-342105,Treasury / PFMS,Award Declared,2023-10-12,2023-10-16,4,False
22-002-014-342105,District Collector,Award Declared,2023-10-16,2024-01-03,79,False
22-002-014-342105,R&R Cell,Award Declared,2024-01-03,,53,True
27-001-003-373557,Treasury / PFMS,SIA Completed,2019-05-09,2019-05-29,20,False
27-001-003-373557,Revenue Divisional Officer,SIA Completed,2019-05-29,2019-07-17,49,False
27-001-003-373557,Tehsildar,SIA Completed,2019-07-17,2019-09-29,74,False
27-001-003-373557,Legal Cell,SIA Completed,2019-09-29,2019-10-12,13,False
27-001-003-373557,Land Acquisition Officer,SIA Completed,2019-10-12,2019-10-21,9,False
27-001-003-373557,R&R Cell,SIA Completed,2019-10-21,2019-11-03,13,False
27-001-003-373557,District Collector,SIA Completed,2019-11-03,,324,True
33-023-005-660187,Land Acquisition Officer,Section 11 Notification Issued,2023-05-03,2023-06-02,30,False
33-023-005-660187,Revenue Divisional Officer,Section 11 Notification Issued,2023-06-02,2023-07-31,59,False
33-023-005-660187,District Collector,Section 11 Notification Issued,2023-07-31,2023-11-08,100,False
33-023-005-660187,Legal Cell,Section 11 Notification Issued,2023-11-08,2024-01-11,64,False
33-023-005-660187,Tehsildar,Section 11 Notification Issued,2024-01-11,2024-01-28,17,False
33-023-005-660187,Treasury / PFMS,Section 11 Notification Issued,2024-01-28,2024-02-14,17,False
33-023-005-660187,R&R Cell,Section 11 Notification Issued,2024-02-14,,79,True
09-031-005-205615,Legal Cell,SIA Completed,2022-10-16,2022-10-19,3,False
09-031-005-205615,R&R Cell,SIA Completed,2022-10-19,2022-10-30,11,False
09-031-005-205615,Revenue Divisional Officer,SIA Completed,2022-10-30,2022-11-01,2,False
09-031-005-205615,District Collector,SIA Completed,2022-11-01,2022-11-15,14,False
09-031-005-205615,Land Acquisition Officer,SIA Completed,2022-11-15,2022-12-19,34,False
09-031-005-205615,Tehsildar,SIA Completed,2022-12-19,2023-01-20,32,False
09-031-005-205615,Treasury / PFMS,SIA Completed,2023-01-20,,8,True
09-031-008-739700,Treasury / PFMS,Possession Taken,2021-07-23,2021-08-03,11,False
09-031-008-739700,R&R Cell,Possession Taken,2021-08-03,2021-08-06,3,False
09-031-008-739700,Legal Cell,Possession Taken,2021-08-06,2021-08-18,12,False
09-031-008-739700,Tehsildar,Possession Taken,2021-08-18,2021-08-21,3,False
09-031-008-739700,District Collector,Possession Taken,2021-08-21,2021-09-25,35,False
09-031-008-739700,Revenue Divisional Officer,Possession Taken,2021-09-25,2022-01-12,109,False
09-031-008-739700,Land Acquisition Officer,Possession Taken,2022-01-12,,11,True
22-014-013-822415,R&R Cell,Award Declared,2023-11-04,2024-04-25,173,False
22-014-013-822415,Tehsildar,Award Declared,2024-04-25,2024-07-29,95,False
22-014-013-822415,Treasury / PFMS,Award Declared,2024-07-29,2025-03-08,222,False
22-014-013-822415,District Collector,Award Declared,2025-03-08,2025-03-13,5,False
22-014-013-822415,Land Acquisition Officer,Award Declared,2025-03-13,2025-04-08,26,False
22-014-013-822415,Legal Cell,Award Declared,2025-04-08,2025-05-17,39,False
22-014-013-822415,Revenue Divisional Officer,Award Declared,2025-05-17,,9,True
23-016-021-561047,District Collector,Compensation Disbursement,2022-10-10,2022-11-20,41,False
23-016-021-561047,Legal Cell,Compensation Disbursement,2022-11-20,2022-12-19,29,False
23-016-021-561047,Revenue Divisional Officer,Compensation Disbursement,2022-12-19,2023-03-24,95,False
23-016-021-561047,Land Acquisition Officer,Compensation Disbursement,2023-03-24,,42,True
22-018-003-425514,R&R Cell,Section 11 Notification Issued,2020-12-06,2021-01-08,33,False
22-018-003-425514,Revenue Divisional Officer,Section 11 Notification Issued,2021-01-08,2021-01-22,14,False
22-018-003-425514,Land Acquisition Officer,Section 11 Notification Issued,2021-01-22,2021-03-20,57,False
22-018-003-425514,Tehsildar,Section 11 Notification Issued,2021-03-20,2021-06-13,85,False
22-018-003-425514,Legal Cell,Section 11 Notification Issued,2021-06-13,,230,True
36-003-004-933326,Land Acquisition Officer,Compensation Disbursement,2022-08-29,2022-10-05,37,False
36-003-004-933326,R&R Cell,Compensation Disbursement,2022-10-05,2022-10-19,14,False
36-003-004-933326,District Collector,Compensation Disbursement,2022-10-19,2022-11-04,16,False
36-003-004-933326,Treasury / PFMS,Compensation Disbursement,2022-11-04,2023-01-02,59,False
36-003-004-933326,Revenue Divisional Officer,Compensation Disbursement,2023-01-02,,58,True
09-044-010-180479,Land Acquisition Officer,Compensation Disbursement,2021-12-03,2021-12-20,17,False
09-044-010-180479,District Collector,Compensation Disbursement,2021-12-20,2022-01-10,21,False
09-044-010-180479,Treasury / PFMS,Compensation Disbursement,2022-01-10,2022-03-15,64,False
09-044-010-180479,Revenue Divisional Officer,Compensation Disbursement,2022-03-15,2022-03-22,7,False
09-044-010-180479,Tehsildar,Compensation Disbursement,2022-03-22,,156,True
36-003-007-310782,Treasury / PFMS,Section 11 Notification Issued,2023-12-12,2023-12-20,8,False
36-003-007-310782,Legal Cell,Section 11 Notification Issued,2023-12-20,2024-02-27,69,False
36-003-007-310782,District Collector,Section 11 Notification Issued,2024-02-27,2024-03-09,11,False
36-003-007-310782,Revenue Divisional Officer,Section 11 Notification Issued,2024-03-09,,106,True
36-003-019-565746,Tehsildar,Award Declared,2023-11-09,2024-04-30,173,False
36-003-019-565746,District Collector,Award Declared,2024-04-30,2024-09-06,129,False
36-003-019-565746,R&R Cell,Award Declared,2024-09-06,2024-09-08,2,False
36-003-019-565746,Revenue Divisional Officer,Award Declared,2024-09-08,2024-10-02,24,False
36-003-019-565746,Treasury / PFMS,Award Declared,2024-10-02,2024-11-13,42,False
36-003-019-565746,Legal Cell,Award Declared,2024-11-13,,103,True
29-007-005-788735,Revenue Divisional Officer,R&R Implementation,2022-08-24,2022-10-30,67,False
29-007-005-788735,R&R Cell,R&R Implementation,2022-10-30,2022-11-01,2,False
29-007-005-788735,Tehsildar,R&R Implementation,2022-11-01,2022-12-02,31,False
29-007-005-788735,Legal Cell,R&R Implementation,2022-12-02,2023-02-16,76,False
29-007-005-788735,Land Acquisition Officer,R&R Implementation,2023-02-16,2023-03-27,39,False
29-007-005-788735,District Collector,R&R Implementation,2023-03-27,2023-06-20,85,False
29-007-005-788735,Treasury / PFMS,R&R Implementation,2023-06-20,,91,True
27-025-022-944620,Legal Cell,Compensation Disbursement,2022-07-02,2022-07-30,28,False
27-025-022-944620,Treasury / PFMS,Compensation Disbursement,2022-07-30,2023-03-12,225,False
27-025-022-944620,Revenue Divisional Officer,Compensation Disbursement,2023-03-12,2023-04-27,46,False
27-025-022-944620,Land Acquisition Officer,Compensation Disbursement,2023-04-27,2023-05-31,34,False
27-025-022-944620,District Collector,Compensation Disbursement,2023-05-31,2023-07-07,37,False
27-025-022-944620,Tehsildar,Compensation Disbursement,2023-07-07,,3,True
27-013-003-437163,Legal Cell,Award Declared,2021-10-31,2021-11-04,4,False
27-013-003-437163,District Collector,Award Declared,2021-11-04,2021-11-13,9,False
27-013-003-437163,Tehsildar,Award Declared,2021-11-13,2022-02-02,81,False
27-013-003-437163,R&R Cell,Award Declared,2022-02-02,,117,True
29-022-022-237598,Revenue Divisional Officer,Possession Taken,2022-12-24,2023-02-16,54,False
29-022-022-237598,Treasury / PFMS,Possession Taken,2023-02-16,2023-04-12,55,False
29-022-022-237598,Tehsildar,Possession Taken,2023-04-12,,21,True
36-027-004-601436,Tehsildar,R&R Implementation,2019-06-14,2019-08-31,78,False
36-027-004-601436,Legal Cell,R&R Implementation,2019-08-31,2019-09-18,18,False
36-027-004-601436,R&R Cell,R&R Implementation,2019-09-18,2019-11-05,48,False
36-027-004-601436,District Collector,R&R Implementation,2019-11-05,,7,True
33-045-007-991413,Legal Cell,SIA Completed,2022-10-17,2022-11-14,28,False
33-045-007-991413,R&R Cell,SIA Completed,2022-11-14,2022-11-16,2,False
33-045-007-991413,Land Acquisition Officer,SIA Completed,2022-11-16,2022-12-12,26,False
33-045-007-991413,Tehsildar,SIA Completed,2022-12-12,,87,True
29-009-018-330872,Tehsildar,Award Declared,2023-02-23,2023-03-24,29,False
29-009-018-330872,Revenue Divisional Officer,Award Declared,2023-03-24,2023-06-28,96,False
29-009-018-330872,Treasury / PFMS,Award Declared,2023-06-28,,9,True
21-005-016-212873,Tehsildar,Award Declared,2019-12-03,2019-12-05,2,False
21-005-016-212873,Treasury / PFMS,Award Declared,2019-12-05,2019-12-07,2,False
21-005-016-212873,R&R Cell,Award Declared,2019-12-07,2020-03-01,85,False
21-005-016-212873,Legal Cell,Award Declared,2020-03-01,2020-03-20,19,False
21-005-016-212873,Revenue Divisional Officer,Award Declared,2020-03-20,2020-04-15,26,False
21-005-016-212873,District Collector,Award Declared,2020-04-15,,30,True
36-003-024-806495,District Collector,R&R Implementation,2023-01-13,2023-02-02,20,False
36-003-024-806495,Tehsildar,R&R Implementation,2023-02-02,2023-02-11,9,False
36-003-024-806495,Legal Cell,R&R Implementation,2023-02-11,2023-02-16,5,False
36-003-024-806495,Land Acquisition Officer,R&R Implementation,2023-02-16,2023-02-23,7,False
36-003-024-806495,R&R Cell,R&R Implementation,2023-02-23,2023-06-22,119,False
36-003-024-806495,Treasury / PFMS,R&R Implementation,2023-06-22,,22,True
36-027-011-027965,Revenue Divisional Officer,Compensation Disbursement,2021-04-03,2021-07-08,96,False
36-027-011-027965,District Collector,Compensation Disbursement,2021-07-08,2021-09-28,82,False
36-027-011-027965,R&R Cell,Compensation Disbursement,2021-09-28,2021-09-30,2,False
36-027-011-027965,Tehsildar,Compensation Disbursement,2021-09-30,2021-12-10,71,False
36-027-011-027965,Land Acquisition Officer,Compensation Disbursement,2021-12-10,,130,True
33-045-019-580019,R&R Cell,Possession Taken,2021-10-29,2021-11-15,17,False
33-045-019-580019,Tehsildar,Possession Taken,2021-11-15,2021-12-13,28,False
33-045-019-580019,Land Acquisition Officer,Possession Taken,2021-12-13,2021-12-24,11,False
33-045-019-580019,Revenue Divisional Officer,Possession Taken,2021-12-24,,107,True
21-019-006-257378,Tehsildar,SIA Completed,2023-01-26,2023-02-23,28,False
21-019-006-257378,District Collector,SIA Completed,2023-02-23,2024-01-06,317,False
21-019-006-257378,Land Acquisition Officer,SIA Completed,2024-01-06,2024-01-22,16,False
21-019-006-257378,Treasury / PFMS,SIA Completed,2024-01-22,,456,True
22-018-016-820400,Legal Cell,Compensation Disbursement,2022-04-24,2022-05-24,30,False
22-018-016-820400,Revenue Divisional Officer,Compensation Disbursement,2022-05-24,2022-08-12,80,False
22-018-016-820400,Tehsildar,Compensation Disbursement,2022-08-12,2022-09-10,29,False
22-018-016-820400,Land Acquisition Officer,Compensation Disbursement,2022-09-10,,44,True
29-007-007-071762,Treasury / PFMS,SIA Completed,2020-08-23,2020-09-19,27,False
29-007-007-071762,R&R Cell,SIA Completed,2020-09-19,2020-09-23,4,False
29-007-007-071762,Tehsildar,SIA Completed,2020-09-23,2020-10-25,32,False
29-007-007-071762,Legal Cell,SIA Completed,2020-10-25,2020-10-27,2,False
29-007-007-071762,Land Acquisition Officer,SIA Completed,2020-10-27,,176,True
21-005-001-250927,R&R Cell,Award Declared,2020-07-06,2020-09-04,60,False
21-005-001-250927,Revenue Divisional Officer,Award Declared,2020-09-04,2020-09-13,9,False
21-005-001-250927,District Collector,Award Declared,2020-09-13,2020-10-13,30,False
21-005-001-250927,Legal Cell,Award Declared,2020-10-13,,12,True
21-019-019-099733,Tehsildar,Possession Taken,2019-08-02,2019-09-21,50,False
21-019-019-099733,Revenue Divisional Officer,Possession Taken,2019-09-21,2019-09-27,6,False
21-019-019-099733,Land Acquisition Officer,Possession Taken,2019-09-27,2019-11-07,41,False
21-019-019-099733,District Collector,Possession Taken,2019-11-07,2020-01-19,73,False
21-019-019-099733,Treasury / PFMS,Possession Taken,2020-01-19,2020-02-13,25,False
21-019-019-099733,Legal Cell,Possession Taken,2020-02-13,,3,True
29-022-023-971819,Land Acquisition Officer,SIA Completed,2021-11-14,2021-12-13,29,False
29-022-023-971819,Treasury / PFMS,SIA Completed,2021-12-13,2021-12-16,3,False
29-022-023-971819,R&R Cell,SIA Completed,2021-12-16,2021-12-23,7,False
29-022-023-971819,District Collector,SIA Completed,2021-12-23,2021-12-25,2,False
29-022-023-971819,Tehsildar,SIA Completed,2021-12-25,,236,True
33-023-011-896950,Land Acquisition Officer,R&R Implementation,2020-08-01,2020-09-26,56,False
33-023-011-896950,Tehsildar,R&R Implementation,2020-09-26,2020-10-27,31,False
33-023-011-896950,R&R Cell,R&R Implementation,2020-10-27,2021-01-09,74,False
33-023-011-896950,Treasury / PFMS,R&R Implementation,2021-01-09,2021-01-28,19,False
33-023-011-896950,Revenue Divisional Officer,R&R Implementation,2021-01-28,2021-03-05,36,False
33-023-011-896950,Legal Cell,R&R Implementation,2021-03-05,2021-05-24,80,False
33-023-011-896950,District Collector,R&R Implementation,2021-05-24,,86,True
09-031-006-779473,Land Acquisition Officer,Award Declared,2020-08-15,2020-08-30,15,False
09-031-006-779473,Legal Cell,Award Declared,2020-08-30,2020-11-05,67,False
09-031-006-779473,R&R Cell,Award Declared,2020-11-05,,137,True
36-003-006-236093,Revenue Divisional Officer,R&R Implementation,2023-08-10,2023-10-03,54,False
36-003-006-236093,Treasury / PFMS,R&R Implementation,2023-10-03,2023-11-16,44,False
36-003-006-236093,District Collector,R&R Implementation,2023-11-16,2023-12-09,23,False
36-003-006-236093,Legal Cell,R&R Implementation,2023-12-09,2024-01-16,38,False
36-003-006-236093,Tehsildar,R&R Implementation,2024-01-16,2024-02-03,18,False
36-003-006-236093,Land Acquisition Officer,R&R Implementation,2024-02-03,2024-04-19,76,False
36-003-006-236093,R&R Cell,R&R Implementation,2024-04-19,,106,True
27-037-013-834361,Revenue Divisional Officer,SIA Completed,2022-06-26,2022-07-04,8,False
27-037-013-834361,Legal Cell,SIA Completed,2022-07-04,2022-07-24,20,False
27-037-013-834361,R&R Cell,SIA Completed,2022-07-24,2022-11-27,126,False
27-037-013-834361,District Collector,SIA Completed,2022-11-27,2022-12-27,30,False
27-037-013-834361,Land Acquisition Officer,SIA Completed,2022-12-27,2023-01-02,6,False
27-037-013-834361,Tehsildar,SIA Completed,2023-01-02,,73,True
36-027-023-594721,Legal Cell,Possession Taken,2022-01-30,2022-02-03,4,False
36-027-023-594721,Revenue Divisional Officer,Possession Taken,2022-02-03,2022-03-20,45,False
36-027-023-594721,Treasury / PFMS,Possession Taken,2022-03-20,,3,True
33-014-002-655295,District Collector,Section 11 Notification Issued,2023-05-22,2023-07-22,61,False
33-014-002-655295,Land Acquisition Officer,Section 11 Notification Issued,2023-07-22,2023-07-24,2,False
33-014-002-655295,R&R Cell,Section 11 Notification Issued,2023-07-24,,185,True
09-015-022-486717,Tehsildar,Award Declared,2022-04-05,2022-07-19,105,False
09-015-022-486717,Legal Cell,Award Declared,2022-07-19,2022-08-19,31,False
09-015-022-486717,Revenue Divisional Officer,Award Declared,2022-08-19,2022-10-11,53,False
09-015-022-486717,Land Acquisition Officer,Award Declared,2022-10-11,2022-12-04,54,False
09-015-022-486717,Treasury / PFMS,Award Declared,2022-12-04,2023-01-13,40,False
09-015-022-486717,R&R Cell,Award Declared,2023-01-13,2023-04-03,80,False
09-015-022-486717,District Collector,Award Declared,2023-04-03,,135,True
23-033-009-619375,Tehsildar,Award Declared,2021-05-05,2021-10-11,159,False
23-033-009-619375,District Collector,Award Declared,2021-10-11,2022-01-09,90,False
23-033-009-619375,R&R Cell,Award Declared,2022-01-09,2022-02-11,33,False
23-033-009-619375,Revenue Divisional Officer,Award Declared,2022-02-11,2022-03-11,28,False
23-033-009-619375,Legal Cell,Award Declared,2022-03-11,2022-04-11,31,False
23-033-009-619375,Treasury / PFMS,Award Declared,2022-04-11,,142,True
22-009-002-243259,Land Acquisition Officer,SIA Completed,2022-10-24,2022-10-26,2,False
22-009-002-243259,Legal Cell,SIA Completed,2022-10-26,2022-11-02,7,False
22-009-002-243259,District Collector,SIA Completed,2022-11-02,2022-11-05,3,False
22-009-002-243259,Tehsildar,SIA Completed,2022-11-05,2023-05-02,178,False
22-009-002-243259,R&R Cell,SIA Completed,2023-05-02,,254,True
23-016-011-215124,Land Acquisition Officer,Section 11 Notification Issued,2020-10-06,2020-10-16,10,False
23-016-011-215124,Legal Cell,Section 11 Notification Issued,2020-10-16,2020-11-04,19,False
23-016-011-215124,Revenue Divisional Officer,Section 11 Notification Issued,2020-11-04,2020-11-07,3,False
23-016-011-215124,Tehsildar,Section 11 Notification Issued,2020-11-07,2021-02-13,98,False
23-016-011-215124,R&R Cell,Section 11 Notification Issued,2021-02-13,2021-10-29,258,False
23-016-011-215124,Treasury / PFMS,Section 11 Notification Issued,2021-10-29,2022-09-02,308,False
23-016-011-215124,District Collector,Section 11 Notification Issued,2022-09-02,,37,True
21-012-007-521759,Treasury / PFMS,Possession Taken,2021-03-03,2021-03-07,4,False
21-012-007-521759,Tehsildar,Possession Taken,2021-03-07,2021-04-13,37,False
21-012-007-521759,District Collector,Possession Taken,2021-04-13,2021-06-18,66,False
21-012-007-521759,R&R Cell,Possession Taken,2021-06-18,,61,True
23-016-022-614297,Treasury / PFMS,Award Declared,2023-09-09,2024-02-09,153,False
23-016-022-614297,Legal Cell,Award Declared,2024-02-09,2024-06-18,130,False
23-016-022-614297,District Collector,Award Declared,2024-06-18,2024-10-21,125,False
23-016-022-614297,Revenue Divisional Officer,Award Declared,2024-10-21,2024-10-23,2,False
23-016-022-614297,Tehsildar,Award Declared,2024-10-23,2025-04-25,184,False
23-016-022-614297,Land Acquisition Officer,Award Declared,2025-04-25,2025-04-28,3,False
23-016-022-614297,R&R Cell,Award Declared,2025-04-28,,134,True
29-022-018-909592,District Collector,Possession Taken,2023-06-30,2023-10-27,119,False
29-022-018-909592,Legal Cell,Possession Taken,2023-10-27,2023-11-15,19,False
29-022-018-909592,Land Acquisition Officer,Possession Taken,2023-11-15,2023-11-26,11,False
29-022-018-909592,R&R Cell,Possession Taken,2023-11-26,2023-12-24,28,False
29-022-018-909592,Tehsildar,Possession Taken,2023-12-24,,177,True
21-026-019-095000,Land Acquisition Officer,R&R Implementation,2022-04-29,2022-05-12,13,False
21-026-019-095000,R&R Cell,R&R Implementation,2022-05-12,2022-11-24,196,False
21-026-019-095000,Legal Cell,R&R Implementation,2022-11-24,2023-03-02,98,False
21-026-019-095000,Treasury / PFMS,R&R Implementation,2023-03-02,,99,True
27-037-017-520679,Revenue Divisional Officer,Section 11 Notification Issued,2019-04-27,2019-05-24,27,False
27-037-017-520679,R&R Cell,Section 11 Notification Issued,2019-05-24,2019-07-15,52,False
27-037-017-520679,Tehsildar,Section 11 Notification Issued,2019-07-15,2019-09-21,68,False
27-037-017-520679,Land Acquisition Officer,Section 11 Notification Issued,2019-09-21,2020-03-10,171,False
27-037-017-520679,Treasury / PFMS,Section 11 Notification Issued,2020-03-10,2020-03-18,8,False
27-037-017-520679,District Collector,Section 11 Notification Issued,2020-03-18,,44,True
27-025-009-655747,R&R Cell,Possession Taken,2023-04-06,2023-06-13,68,False
27-025-009-655747,Legal Cell,Possession Taken,2023-06-13,2023-07-02,19,False
27-025-009-655747,Land Acquisition Officer,Possession Taken,2023-07-02,2023-08-22,51,False
27-025-009-655747,Tehsildar,Possession Taken,2023-08-22,2023-10-09,48,False
27-025-009-655747,District Collector,Possession Taken,2023-10-09,,62,True
36-027-009-400358,Revenue Divisional Officer,Possession Taken,2023-01-30,2023-06-22,143,False
36-027-009-400358,District Collector,Possession Taken,2023-06-22,2023-06-24,2,False
36-027-009-400358,R&R Cell,Possession Taken,2023-06-24,2023-08-21,58,False
36-027-009-400358,Land Acquisition Officer,Possession Taken,2023-08-21,2023-08-24,3,False
36-027-009-400358,Legal Cell,Possession Taken,2023-08-24,2024-02-16,176,False
36-027-009-400358,Tehsildar,Possession Taken,2024-02-16,2024-05-04,78,False
36-027-009-400358,Treasury / PFMS,Possession Taken,2024-05-04,,39,True
27-001-017-532116,Revenue Divisional Officer,R&R Implementation,2019-09-02,2019-10-14,42,False
27-001-017-532116,Legal Cell,R&R Implementation,2019-10-14,2019-11-27,44,False
27-001-017-532116,Tehsildar,R&R Implementation,2019-11-27,2020-03-08,102,False
27-001-017-532116,Land Acquisition Officer,R&R Implementation,2020-03-08,2020-03-24,16,False
27-001-017-532116,R&R Cell,R&R Implementation,2020-03-24,,41,True
22-014-009-112459,Tehsildar,Compensation Disbursement,2021-05-29,2021-06-14,16,False
22-014-009-112459,Land Acquisition Officer,Compensation Disbursement,2021-06-14,2021-07-17,33,False
22-014-009-112459,Revenue Divisional Officer,Compensation Disbursement,2021-07-17,2022-05-07,294,False
22-014-009-112459,Treasury / PFMS,Compensation Disbursement,2022-05-07,2022-09-09,125,False
22-014-009-112459,District Collector,Compensation Disbursement,2022-09-09,2022-09-11,2,False
22-014-009-112459,Legal Cell,Compensation Disbursement,2022-09-11,2022-10-05,24,False
22-014-009-112459,R&R Cell,Compensation Disbursement,2022-10-05,,343,True
09-015-010-940913,Revenue Divisional Officer,Possession Taken,2022-06-11,2023-01-30,233,False
09-015-010-940913,Legal Cell,Possession Taken,2023-01-30,2023-04-04,64,False
09-015-010-940913,R&R Cell,Possession Taken,2023-04-04,2023-06-10,67,False
09-015-010-940913,District Collector,Possession Taken,2023-06-10,2023-07-28,48,False
09-015-010-940913,Land Acquisition Officer,Possession Taken,2023-07-28,2023-10-08,72,False
09-015-010-940913,Treasury / PFMS,Possession Taken,2023-10-08,,57,True
27-001-018-953474,R&R Cell,R&R Implementation,2023-01-20,2023-02-01,12,False
27-001-018-953474,Revenue Divisional Officer,R&R Implementation,2023-02-01,2023-03-11,38,False
27-001-018-953474,District Collector,R&R Implementation,2023-03-11,,21,True
23-033-012-331638,R&R Cell,SIA Completed,2021-12-16,2021-12-25,9,False
23-033-012-331638,Treasury / PFMS,SIA Completed,2021-12-25,2021-12-28,3,False
23-033-012-331638,District Collector,SIA Completed,2021-12-28,2022-01-05,8,False
23-033-012-331638,Revenue Divisional Officer,SIA Completed,2022-01-05,2022-03-01,55,False
23-033-012-331638,Land Acquisition Officer,SIA Completed,2022-03-01,2022-05-10,70,False
23-033-012-331638,Legal Cell,SIA Completed,2022-05-10,,81,True
36-011-012-117613,Treasury / PFMS,SIA Completed,2023-02-27,2023-04-01,33,False
36-011-012-117613,Revenue Divisional Officer,SIA Completed,2023-04-01,2023-06-07,67,False
36-011-012-117613,Tehsildar,SIA Completed,2023-06-07,2023-07-07,30,False
36-011-012-117613,Legal Cell,SIA Completed,2023-07-07,2023-10-24,109,False
36-011-012-117613,Land Acquisition Officer,SIA Completed,2023-10-24,2023-12-31,68,False
36-011-012-117613,R&R Cell,SIA Completed,2023-12-31,,28,True
09-044-016-349452,Treasury / PFMS,Award Declared,2021-11-20,2021-11-28,8,False
09-044-016-349452,Legal Cell,Award Declared,2021-11-28,2022-01-13,46,False
09-044-016-349452,Land Acquisition Officer,Award Declared,2022-01-13,,67,True
09-002-018-433132,Legal Cell,R&R Implementation,2023-11-30,2023-12-16,16,False
09-002-018-433132,Land Acquisition Officer,R&R Implementation,2023-12-16,2023-12-23,7,False
09-002-018-433132,Treasury / PFMS,R&R Implementation,2023-12-23,2024-01-15,23,False
09-002-018-433132,Tehsildar,R&R Implementation,2024-01-15,2024-01-25,10,False
09-002-018-433132,R&R Cell,R&R Implementation,2024-01-25,2024-03-18,53,False
09-002-018-433132,District Collector,R&R Implementation,2024-03-18,,15,True
22-002-019-640682,Revenue Divisional Officer,Possession Taken,2022-04-06,2022-05-02,26,False
22-002-019-640682,Legal Cell,Possession Taken,2022-05-02,2022-05-12,10,False
22-002-019-640682,Land Acquisition Officer,Possession Taken,2022-05-12,2022-06-11,30,False
22-002-019-640682,R&R Cell,Possession Taken,2022-06-11,,23,True
29-009-008-883290,District Collector,Compensation Disbursement,2023-11-06,2024-01-11,66,False
29-009-008-883290,Treasury / PFMS,Compensation Disbursement,2024-01-11,2024-01-13,2,False
29-009-008-883290,Land Acquisition Officer,Compensation Disbursement,2024-01-13,,50,True
23-004-001-197598,Revenue Divisional Officer,Section 11 Notification Issued,2022-05-12,2022-05-29,17,False
23-004-001-197598,District Collector,Section 11 Notification Issued,2022-05-29,2022-06-21,23,False
23-004-001-197598,Land Acquisition Officer,Section 11 Notification Issued,2022-06-21,,254,True
22-018-020-948330,Legal Cell,Compensation Disbursement,2019-10-19,2019-11-19,31,False
22-018-020-948330,Land Acquisition Officer,Compensation Disbursement,2019-11-19,2019-11-22,3,False
22-018-020-948330,R&R Cell,Compensation Disbursement,2019-11-22,2020-04-21,151,False
22-018-020-948330,Revenue Divisional Officer,Compensation Disbursement,2020-04-21,2020-08-19,120,False
22-018-020-948330,Treasury / PFMS,Compensation Disbursement,2020-08-19,2020-09-18,30,False
22-018-020-948330,Tehsildar,Compensation Disbursement,2020-09-18,,61,True
33-031-005-241965,Treasury / PFMS,Section 11 Notification Issued,2022-11-16,2022-12-16,30,False
33-031-005-241965,District Collector,Section 11 Notification Issued,2022-12-16,2022-12-31,15,False
33-031-005-241965,Tehsildar,Section 11 Notification Issued,2022-12-31,2023-01-27,27,False
33-031-005-241965,Revenue Divisional Officer,Section 11 Notification Issued,2023-01-27,2023-03-26,58,False
33-031-005-241965,R&R Cell,Section 11 Notification Issued,2023-03-26,2023-04-09,14,False
33-031-005-241965,Legal Cell,Section 11 Notification Issued,2023-04-09,2023-04-14,5,False
33-031-005-241965,Land Acquisition Officer,Section 11 Notification Issued,2023-04-14,,19,True
27-013-008-093589,R&R Cell,Award Declared,2020-09-28,2020-12-01,64,False
27-013-008-093589,Land Acquisition Officer,Award Declared,2020-12-01,2021-03-27,116,False
27-013-008-093589,Revenue Divisional Officer,Award Declared,2021-03-27,2021-05-29,63,False
27-013-008-093589,Treasury / PFMS,Award Declared,2021-05-29,2021-06-15,17,False
27-013-008-093589,District Collector,Award Declared,2021-06-15,2021-10-03,110,False
27-013-008-093589,Tehsildar,Award Declared,2021-10-03,,50,True
33-045-018-529091,District Collector,R&R Implementation,2021-08-21,2021-09-08,18,False
33-045-018-529091,Tehsildar,R&R Implementation,2021-09-08,2021-12-03,86,False
33-045-018-529091,Treasury / PFMS,R&R Implementation,2021-12-03,2021-12-07,4,False
33-045-018-529091,Legal Cell,R&R Implementation,2021-12-07,2022-01-02,26,False
33-045-018-529091,Land Acquisition Officer,R&R Implementation,2022-01-02,2022-01-04,2,False
33-045-018-529091,R&R Cell,R&R Implementation,2022-01-04,2022-01-26,22,False
33-045-018-529091,Revenue Divisional Officer,R&R Implementation,2022-01-26,,32,True
09-002-006-374336,R&R Cell,Award Declared,2023-03-17,2023-04-16,30,False
09-002-006-374336,Treasury / PFMS,Award Declared,2023-04-16,2023-04-28,12,False
09-002-006-374336,Tehsildar,Award Declared,2023-04-28,2023-06-24,57,False
09-002-006-374336,Revenue Divisional Officer,Award Declared,2023-06-24,2023-07-31,37,False
09-002-006-374336,District Collector,Award Declared,2023-07-31,2023-08-29,29,False
09-002-006-374336,Legal Cell,Award Declared,2023-08-29,,185,True
27-013-020-089628,Tehsildar,Compensation Disbursement,2021-01-19,2021-03-05,45,False
27-013-020-089628,Treasury / PFMS,Compensation Disbursement,2021-03-05,2021-04-11,37,False
27-013-020-089628,District Collector,Compensation Disbursement,2021-04-11,2021-04-29,18,False
27-013-020-089628,R&R Cell,Compensation Disbursement,2021-04-29,2021-12-25,240,False
27-013-020-089628,Revenue Divisional Officer,Compensation Disbursement,2021-12-25,2022-08-11,229,False
27-013-020-089628,Land Acquisition Officer,Compensation Disbursement,2022-08-11,,221,True
27-001-014-085914,Treasury / PFMS,SIA Completed,2019-11-06,2019-11-27,21,False
27-001-014-085914,District Collector,SIA Completed,2019-11-27,2020-02-16,81,False
27-001-014-085914,R&R Cell,SIA Completed,2020-02-16,2020-02-19,3,False
27-001-014-085914,Revenue Divisional Officer,SIA Completed,2020-02-19,2020-03-27,37,False
27-001-014-085914,Land Acquisition Officer,SIA Completed,2020-03-27,2020-06-06,71,False
27-001-014-085914,Tehsildar,SIA Completed,2020-06-06,2020-07-25,49,False
27-001-014-085914,Legal Cell,SIA Completed,2020-07-25,,31,True
09-031-007-719117,R&R Cell,Compensation Disbursement,2022-04-27,2022-06-06,40,False
09-031-007-719117,Revenue Divisional Officer,Compensation Disbursement,2022-06-06,2022-06-12,6,False
09-031-007-719117,District Collector,Compensation Disbursement,2022-06-12,,38,True
22-002-003-644798,Legal Cell,R&R Implementation,2023-08-15,2024-04-20,249,False
22-002-003-644798,District Collector,R&R Implementation,2024-04-20,2024-07-05,76,False
22-002-003-644798,Revenue Divisional Officer,R&R Implementation,2024-07-05,2024-09-11,68,False
22-002-003-644798,R&R Cell,R&R Implementation,2024-09-11,2024-10-06,25,False
22-002-003-644798,Land Acquisition Officer,R&R Implementation,2024-10-06,,115,True
23-028-021-863404,Revenue Divisional Officer,R&R Implementation,2021-09-24,2021-12-12,79,False
23-028-021-863404,Legal Cell,R&R Implementation,2021-12-12,2022-02-21,71,False
23-028-021-863404,Tehsildar,R&R Implementation,2022-02-21,2022-04-01,39,False
23-028-021-863404,Land Acquisition Officer,R&R Implementation,2022-04-01,,9,True
09-044-019-875747,Legal Cell,Award Declared,2021-11-23,2021-12-05,12,False
09-044-019-875747,Land Acquisition Officer,Award Declared,2021-12-05,2022-03-25,110,False
09-044-019-875747,Treasury / PFMS,Award Declared,2022-03-25,2022-04-20,26,False
09-044-019-875747,District Collector,Award Declared,2022-04-20,2022-05-11,21,False
09-044-019-875747,Tehsildar,Award Declared,2022-05-11,2022-07-08,58,False
09-044-019-875747,Revenue Divisional Officer,Award Declared,2022-07-08,2022-07-26,18,False
09-044-019-875747,R&R Cell,Award Declared,2022-07-26,,39,True
09-031-008-581607,Treasury / PFMS,Award Declared,2023-07-05,2023-10-11,98,False
09-031-008-581607,Land Acquisition Officer,Award Declared,2023-10-11,2023-12-23,73,False
09-031-008-581607,Tehsildar,Award Declared,2023-12-23,2024-03-11,79,False
09-031-008-581607,R&R Cell,Award Declared,2024-03-11,,28,True
27-037-023-113282,Land Acquisition Officer,Section 11 Notification Issued,2020-06-23,2020-07-25,32,False
27-037-023-113282,District Collector,Section 11 Notification Issued,2020-07-25,2020-10-01,68,False
27-037-023-113282,Tehsildar,Section 11 Notification Issued,2020-10-01,2020-11-19,49,False
27-037-023-113282,R&R Cell,Section 11 Notification Issued,2020-11-19,2020-12-02,13,False
27-037-023-113282,Treasury / PFMS,Section 11 Notification Issued,2020-12-02,2021-01-13,42,False
27-037-023-113282,Legal Cell,Section 11 Notification Issued,2021-01-13,,90,True
27-001-019-123169,R&R Cell,Possession Taken,2020-05-03,2020-11-29,210,False
27-001-019-123169,Land Acquisition Officer,Possession Taken,2020-11-29,2021-07-05,218,False
27-001-019-123169,Tehsildar,Possession Taken,2021-07-05,2021-10-24,111,False
27-001-019-123169,Revenue Divisional Officer,Possession Taken,2021-10-24,,247,True
29-022-013-741762,R&R Cell,Compensation Disbursement,2022-07-22,2022-07-24,2,False
29-022-013-741762,District Collector,Compensation Disbursement,2022-07-24,2022-07-27,3,False
29-022-013-741762,Tehsildar,Compensation Disbursement,2022-07-27,2022-11-22,118,False
29-022-013-741762,Legal Cell,Compensation Disbursement,2022-11-22,2023-01-19,58,False
29-022-013-741762,Treasury / PFMS,Compensation Disbursement,2023-01-19,,187,True
29-022-007-575490,Treasury / PFMS,Possession Taken,2021-04-24,2021-07-25,92,False
29-022-007-575490,Tehsildar,Possession Taken,2021-07-25,2021-08-17,23,False
29-022-007-575490,Legal Cell,Possession Taken,2021-08-17,2021-08-27,10,False
29-022-007-575490,Land Acquisition Officer,Possession Taken,2021-08-27,2021-09-24,28,False
29-022-007-575490,Revenue Divisional Officer,Possession Taken,2021-09-24,2021-10-04,10,False
29-022-007-575490,R&R Cell,Possession Taken,2021-10-04,2021-10-15,11,False
29-022-007-575490,District Collector,Possession Taken,2021-10-15,,29,True
22-018-024-885603,Tehsildar,Possession Taken,2019-08-08,2019-08-20,12,False
22-018-024-885603,Treasury / PFMS,Possession Taken,2019-08-20,2019-10-20,61,False
22-018-024-885603,Legal Cell,Possession Taken,2019-10-20,2019-11-19,30,False
22-018-024-885603,Land Acquisition Officer,Possession Taken,2019-11-19,2020-01-19,61,False
22-018-024-885603,R&R Cell,Possession Taken,2020-01-19,2020-01-29,10,False
22-018-024-885603,District Collector,Possession Taken,2020-01-29,,6,True
09-015-010-415617,District Collector,Possession Taken,2020-11-02,2020-11-28,26,False
09-015-010-415617,Treasury / PFMS,Possession Taken,2020-11-28,2020-12-21,23,False
09-015-010-415617,R&R Cell,Possession Taken,2020-12-21,2021-01-04,14,False
09-015-010-415617,Land Acquisition Officer,Possession Taken,2021-01-04,2021-09-27,266,False
09-015-010-415617,Tehsildar,Possession Taken,2021-09-27,2022-02-02,128,False
09-015-010-415617,Legal Cell,Possession Taken,2022-02-02,2022-04-09,66,False
09-015-010-415617,Revenue Divisional Officer,Possession Taken,2022-04-09,,22,True
33-023-024-149241,Tehsildar,Award Declared,2020-06-28,2020-08-19,52,False
33-023-024-149241,R&R Cell,Award Declared,2020-08-19,2020-11-06,79,False
33-023-024-149241,District Collector,Award Declared,2020-11-06,2021-02-11,97,False
33-023-024-149241,Legal Cell,Award Declared,2021-02-11,,319,True
09-031-010-951761,Revenue Divisional Officer,Award Declared,2019-09-30,2019-10-19,19,False
09-031-010-951761,District Collector,Award Declared,2019-10-19,2019-11-14,26,False
09-031-010-951761,Legal Cell,Award Declared,2019-11-14,2019-12-15,31,False
09-031-010-951761,Treasury / PFMS,Award Declared,2019-12-15,2020-02-23,70,False
09-031-010-951761,Land Acquisition Officer,Award Declared,2020-02-23,,5,True
22-014-016-234546,Legal Cell,Award Declared,2023-04-18,2023-06-30,73,False
22-014-016-234546,R&R Cell,Award Declared,2023-06-30,2023-07-03,3,False
22-014-016-234546,Treasury / PFMS,Award Declared,2023-07-03,2023-07-07,4,False
22-014-016-234546,Land Acquisition Officer,Award Declared,2023-07-07,2023-08-03,27,False
22-014-016-234546,District Collector,Award Declared,2023-08-03,2023-08-23,20,False
22-014-016-234546,Revenue Divisional Officer,Award Declared,2023-08-23,2023-10-27,65,False
22-014-016-234546,Tehsildar,Award Declared,2023-10-27,,171,True
33-023-008-109672,Legal Cell,Section 11 Notification Issued,2019-05-12,2019-06-06,25,False
33-023-008-109672,Treasury / PFMS,Section 11 Notification Issued,2019-06-06,2019-06-29,23,False
33-023-008-109672,District Collector,Section 11 Notification Issued,2019-06-29,2019-08-15,47,False
33-023-008-109672,Tehsildar,Section 11 Notification Issued,2019-08-15,2019-10-20,66,False
33-023-008-109672,R&R Cell,Section 11 Notification Issued,2019-10-20,2019-10-22,2,False
33-023-008-109672,Revenue Divisional Officer,Section 11 Notification Issued,2019-10-22,,255,True
09-044-018-871523,Revenue Divisional Officer,Award Declared,2020-09-02,2020-10-13,41,False
09-044-018-871523,Land Acquisition Officer,Award Declared,2020-10-13,2020-11-13,31,False
09-044-018-871523,R&R Cell,Award Declared,2020-11-13,2021-04-04,142,False
09-044-018-871523,Treasury / PFMS,Award Declared,2021-04-04,,80,True
21-026-001-357052,Land Acquisition Officer,R&R Implementation,2020-10-23,2021-02-03,103,False
21-026-001-357052,Legal Cell,R&R Implementation,2021-02-03,2021-04-17,73,False
21-026-001-357052,Treasury / PFMS,R&R Implementation,2021-04-17,2021-06-03,47,False
21-026-001-357052,Revenue Divisional Officer,R&R Implementation,2021-06-03,,235,True
22-009-021-420306,R&R Cell,Possession Taken,2023-06-18,2023-08-13,56,False
22-009-021-420306,Legal Cell,Possession Taken,2023-08-13,2024-01-27,167,False
22-009-021-420306,Tehsildar,Possession Taken,2024-01-27,2024-02-06,10,False
22-009-021-420306,Land Acquisition Officer,Possession Taken,2024-02-06,,49,True
33-023-012-727675,Tehsildar,Compensation Disbursement,2019-12-04,2020-03-04,91,False
33-023-012-727675,Revenue Divisional Officer,Compensation Disbursement,2020-03-04,2020-03-16,12,False
33-023-012-727675,R&R Cell,Compensation Disbursement,2020-03-16,2020-06-27,103,False
33-023-012-727675,Land Acquisition Officer,Compensation Disbursement,2020-06-27,2020-07-05,8,False
33-023-012-727675,District Collector,Compensation Disbursement,2020-07-05,2020-11-04,122,False
33-023-012-727675,Legal Cell,Compensation Disbursement,2020-11-04,,469,True
21-026-008-652571,Revenue Divisional Officer,Compensation Disbursement,2021-10-06,2022-01-13,99,False
21-026-008-652571,R&R Cell,Compensation Disbursement,2022-01-13,2022-01-25,12,False
21-026-008-652571,Legal Cell,Compensation Disbursement,2022-01-25,2022-01-27,2,False
21-026-008-652571,Treasury / PFMS,Compensation Disbursement,2022-01-27,2022-03-13,45,False
21-026-008-652571,Land Acquisition Officer,Compensation Disbursement,2022-03-13,2022-04-18,36,False
21-026-008-652571,District Collector,Compensation Disbursement,2022-04-18,2022-10-05,170,False
21-026-008-652571,Tehsildar,Compensation Disbursement,2022-10-05,,15,True
27-025-016-374850,Treasury / PFMS,Section 11 Notification Issued,2021-12-30,2022-01-07,8,False
27-025-016-374850,Revenue Divisional Officer,Section 11 Notification Issued,2022-01-07,2022-01-23,16,False
27-025-016-374850,Legal Cell,Section 11 Notification Issued,2022-01-23,2022-07-17,175,False
27-025-016-374850,Tehsildar,Section 11 Notification Issued,2022-07-17,,192,True
21-019-021-832932,District Collector,R&R Implementation,2019-06-14,2019-09-08,86,False
21-019-021-832932,R&R Cell,R&R Implementation,2019-09-08,2019-10-10,32,False
21-019-021-832932,Treasury / PFMS,R&R Implementation,2019-10-10,2019-10-27,17,False
21-019-021-832932,Revenue Divisional Officer,R&R Implementation,2019-10-27,,17,True
27-013-023-565388,Tehsildar,Section 11 Notification Issued,2023-09-10,2023-11-11,62,False
27-013-023-565388,R&R Cell,Section 11 Notification Issued,2023-11-11,2023-11-15,4,False
27-013-023-565388,Legal Cell,Section 11 Notification Issued,2023-11-15,,525,True
36-011-003-331349,Treasury / PFMS,Section 11 Notification Issued,2023-02-20,2023-05-15,84,False
36-011-003-331349,Tehsildar,Section 11 Notification Issued,2023-05-15,2023-07-11,57,False
36-011-003-331349,District Collector,Section 11 Notification Issued,2023-07-11,,235,True
23-028-003-529604,Revenue Divisional Officer,R&R Implementation,2020-04-05,2020-04-12,7,False
23-028-003-529604,R&R Cell,R&R Implementation,2020-04-12,2020-04-16,4,False
23-028-003-529604,Land Acquisition Officer,R&R Implementation,2020-04-16,,78,True
36-027-014-339807,Revenue Divisional Officer,Award Declared,2022-07-02,2022-09-03,63,False
36-027-014-339807,Legal Cell,Award Declared,2022-09-03,2022-09-07,4,False
36-027-014-339807,R&R Cell,Award Declared,2022-09-07,2022-11-12,66,False
36-027-014-339807,Tehsildar,Award Declared,2022-11-12,2022-11-17,5,False
36-027-014-339807,Land Acquisition Officer,Award Declared,2022-11-17,,126,True
23-028-004-804705,Legal Cell,Possession Taken,2021-04-20,2021-06-08,49,False
23-028-004-804705,Tehsildar,Possession Taken,2021-06-08,2021-07-11,33,False
23-028-004-804705,Treasury / PFMS,Possession Taken,2021-07-11,2021-07-15,4,False
23-028-004-804705,Land Acquisition Officer,Possession Taken,2021-07-15,2021-07-27,12,False
23-028-004-804705,Revenue Divisional Officer,Possession Taken,2021-07-27,2021-11-14,110,False
23-028-004-804705,R&R Cell,Possession Taken,2021-11-14,,379,True
33-045-018-540013,Land Acquisition Officer,Award Declared,2020-03-11,2020-07-17,128,False
33-045-018-540013,Tehsildar,Award Declared,2020-07-17,2020-08-20,34,False
33-045-018-540013,Treasury / PFMS,Award Declared,2020-08-20,2020-10-08,49,False
33-045-018-540013,Revenue Divisional Officer,Award Declared,2020-10-08,2020-10-12,4,False
33-045-018-540013,R&R Cell,Award Declared,2020-10-12,2020-10-19,7,False
33-045-018-540013,District Collector,Award Declared,2020-10-19,,125,True
22-014-011-342646,Revenue Divisional Officer,Award Declared,2020-04-11,2020-04-14,3,False
22-014-011-342646,Treasury / PFMS,Award Declared,2020-04-14,2020-04-26,12,False
22-014-011-342646,District Collector,Award Declared,2020-04-26,2020-05-22,26,False
22-014-011-342646,Tehsildar,Award Declared,2020-05-22,2020-07-15,54,False
22-014-011-342646,Land Acquisition Officer,Award Declared,2020-07-15,2021-01-11,180,False
22-014-011-342646,R&R Cell,Award Declared,2021-01-11,,123,True
29-007-020-650428,Treasury / PFMS,Possession Taken,2021-09-22,2022-01-27,127,False
29-007-020-650428,Revenue Divisional Officer,Possession Taken,2022-01-27,2022-02-22,26,False
29-007-020-650428,Tehsildar,Possession Taken,2022-02-22,2022-04-25,62,False
29-007-020-650428,Land Acquisition Officer,Possession Taken,2022-04-25,2022-05-17,22,False
29-007-020-650428,R&R Cell,Possession Taken,2022-05-17,2022-05-19,2,False
29-007-020-650428,District Collector,Possession Taken,2022-05-19,2022-06-08,20,False
29-007-020-650428,Legal Cell,Possession Taken,2022-06-08,,96,True
21-012-018-603940,District Collector,Possession Taken,2020-03-06,2020-07-24,140,False
21-012-018-603940,Revenue Divisional Officer,Possession Taken,2020-07-24,2020-10-07,75,False
21-012-018-603940,R&R Cell,Possession Taken,2020-10-07,2020-10-31,24,False
21-012-018-603940,Legal Cell,Possession Taken,2020-10-31,2020-11-08,8,False
21-012-018-603940,Land Acquisition Officer,Possession Taken,2020-11-08,2020-12-24,46,False
21-012-018-603940,Tehsildar,Possession Taken,2020-12-24,,31,True
36-019-008-919095,Tehsildar,Possession Taken,2020-02-16,2020-04-29,73,False
36-019-008-919095,District Collector,Possession Taken,2020-04-29,2020-06-15,47,False
36-019-008-919095,Treasury / PFMS,Possession Taken,2020-06-15,2020-07-07,22,False
36-019-008-919095,Revenue Divisional Officer,Possession Taken,2020-07-07,,34,True
27-013-018-313330,District Collector,R&R Implementation,2023-07-19,2023-09-03,46,False
27-013-018-313330,R&R Cell,R&R Implementation,2023-09-03,2024-01-24,143,False
27-013-018-313330,Legal Cell,R&R Implementation,2024-01-24,,124,True
23-028-018-777122,District Collector,Section 11 Notification Issued,2023-01-31,2023-02-16,16,False
23-028-018-777122,Treasury / PFMS,Section 11 Notification Issued,2023-02-16,2023-03-01,13,False
23-028-018-777122,Legal Cell,Section 11 Notification Issued,2023-03-01,2023-05-23,83,False
23-028-018-777122,Revenue Divisional Officer,Section 11 Notification Issued,2023-05-23,2023-07-18,56,False
23-028-018-777122,Land Acquisition Officer,Section 11 Notification Issued,2023-07-18,2023-08-07,20,False
23-028-018-777122,R&R Cell,Section 11 Notification Issued,2023-08-07,2023-08-22,15,False
23-028-018-777122,Tehsildar,Section 11 Notification Issued,2023-08-22,,13,True
22-002-008-923294,R&R Cell,Possession Taken,2023-02-02,2023-05-03,90,False
22-002-008-923294,Tehsildar,Possession Taken,2023-05-03,2023-09-04,124,False
22-002-008-923294,Treasury / PFMS,Possession Taken,2023-09-04,2023-12-17,104,False
22-002-008-923294,Land Acquisition Officer,Possession Taken,2023-12-17,,106,True
33-045-021-629421,Legal Cell,Section 11 Notification Issued,2020-10-29,2021-02-10,104,False
33-045-021-629421,R&R Cell,Section 11 Notification Issued,2021-02-10,2021-02-12,2,False
33-045-021-629421,Treasury / PFMS,Section 11 Notification Issued,2021-02-12,2021-03-19,35,False
33-045-021-629421,Revenue Divisional Officer,Section 11 Notification Issued,2021-03-19,2021-06-07,80,False
33-045-021-629421,Land Acquisition Officer,Section 11 Notification Issued,2021-06-07,2021-06-30,23,False
33-045-021-629421,Tehsildar,Section 11 Notification Issued,2021-06-30,2021-08-09,40,False
33-045-021-629421,District Collector,Section 11 Notification Issued,2021-08-09,,3,True
23-028-021-103247,Land Acquisition Officer,Section 11 Notification Issued,2022-09-19,2022-10-21,32,False
23-028-021-103247,Tehsildar,Section 11 Notification Issued,2022-10-21,2022-11-01,11,False
23-028-021-103247,Legal Cell,Section 11 Notification Issued,2022-11-01,,81,True
23-033-018-810137,R&R Cell,Section 11 Notification Issued,2020-01-01,2020-04-30,120,False
23-033-018-810137,Treasury / PFMS,Section 11 Notification Issued,2020-04-30,2020-07-29,90,False
23-033-018-810137,Legal Cell,Section 11 Notification Issued,2020-07-29,,140,True
29-018-017-640746,District Collector,Section 11 Notification Issued,2021-02-05,2021-02-07,2,False
29-018-017-640746,Legal Cell,Section 11 Notification Issued,2021-02-07,2021-04-15,67,False
29-018-017-640746,Revenue Divisional Officer,Section 11 Notification Issued,2021-04-15,2021-09-27,165,False
29-018-017-640746,Tehsildar,Section 11 Notification Issued,2021-09-27,2022-02-20,146,False
29-018-017-640746,Treasury / PFMS,Section 11 Notification Issued,2022-02-20,,184,True
23-028-013-717386,Revenue Divisional Officer,Compensation Disbursement,2022-11-16,2023-02-06,82,False
23-028-013-717386,Tehsildar,Compensation Disbursement,2023-02-06,2023-04-10,63,False
23-028-013-717386,R&R Cell,Compensation Disbursement,2023-04-10,2023-08-22,134,False
23-028-013-717386,Treasury / PFMS,Compensation Disbursement,2023-08-22,2023-08-24,2,False
23-028-013-717386,Legal Cell,Compensation Disbursement,2023-08-24,2024-01-09,138,False
23-028-013-717386,District Collector,Compensation Disbursement,2024-01-09,,83,True
09-044-007-958966,Tehsildar,Section 11 Notification Issued,2019-02-15,2019-03-01,14,False
09-044-007-958966,Land Acquisition Officer,Section 11 Notification Issued,2019-03-01,2019-03-20,19,False
09-044-007-958966,Legal Cell,Section 11 Notification Issued,2019-03-20,2019-10-08,202,False
09-044-007-958966,Treasury / PFMS,Section 11 Notification Issued,2019-10-08,2019-11-07,30,False
09-044-007-958966,District Collector,Section 11 Notification Issued,2019-11-07,2019-11-17,10,False
09-044-007-958966,R&R Cell,Section 11 Notification Issued,2019-11-17,2020-01-20,64,False
09-044-007-958966,Revenue Divisional Officer,Section 11 Notification Issued,2020-01-20,,33,True
21-005-006-988546,Legal Cell,Award Declared,2020-09-28,2020-10-31,33,False
21-005-006-988546,R&R Cell,Award Declared,2020-10-31,2020-11-02,2,False
21-005-006-988546,Revenue Divisional Officer,Award Declared,2020-11-02,2020-11-07,5,False
21-005-006-988546,Land Acquisition Officer,Award Declared,2020-11-07,2020-11-30,23,False
21-005-006-988546,Tehsildar,Award Declared,2020-11-30,2020-12-19,19,False
21-005-006-988546,Treasury / PFMS,Award Declared,2020-12-19,2021-01-14,26,False
21-005-006-988546,District Collector,Award Declared,2021-01-14,,230,True
29-022-015-460690,District Collector,Award Declared,2022-09-30,2022-11-05,36,False
29-022-015-460690,R&R Cell,Award Declared,2022-11-05,2022-12-19,44,False
29-022-015-460690,Legal Cell,Award Declared,2022-12-19,2023-03-24,95,False
29-022-015-460690,Treasury / PFMS,Award Declared,2023-03-24,2023-05-11,48,False
29-022-015-460690,Land Acquisition Officer,Award Declared,2023-05-11,2023-05-28,17,False
29-022-015-460690,Tehsildar,Award Declared,2023-05-28,2023-09-13,108,False
29-022-015-460690,Revenue Divisional Officer,Award Declared,2023-09-13,,82,True
23-028-017-616704,Revenue Divisional Officer,Section 11 Notification Issued,2020-07-10,2020-07-26,16,False
23-028-017-616704,Tehsildar,Section 11 Notification Issued,2020-07-26,2020-07-28,2,False
23-028-017-616704,Legal Cell,Section 11 Notification Issued,2020-07-28,,326,True
23-004-011-004994,R&R Cell,Section 11 Notification Issued,2023-01-02,2023-07-16,195,False
23-004-011-004994,Tehsildar,Section 11 Notification Issued,2023-07-16,2023-10-28,104,False
23-004-011-004994,Legal Cell,Section 11 Notification Issued,2023-10-28,2023-12-05,38,False
23-004-011-004994,Revenue Divisional Officer,Section 11 Notification Issued,2023-12-05,,57,True
29-009-012-200674,Revenue Divisional Officer,Compensation Disbursement,2019-11-02,2019-12-22,50,False
29-009-012-200674,Legal Cell,Compensation Disbursement,2019-12-22,2020-01-12,21,False
29-009-012-200674,Land Acquisition Officer,Compensation Disbursement,2020-01-12,2020-02-26,45,False
29-009-012-200674,Tehsildar,Compensation Disbursement,2020-02-26,2020-05-06,70,False
29-009-012-200674,R&R Cell,Compensation Disbursement,2020-05-06,2020-09-20,137,False
29-009-012-200674,District Collector,Compensation Disbursement,2020-09-20,2020-10-21,31,False
29-009-012-200674,Treasury / PFMS,Compensation Disbursement,2020-10-21,,24,True
27-025-008-576012,Legal Cell,Possession Taken,2023-06-06,2023-06-25,19,False
27-025-008-576012,Tehsildar,Possession Taken,2023-06-25,2023-09-27,94,False
27-025-008-576012,Treasury / PFMS,Possession Taken,2023-09-27,2023-12-03,67,False
27-025-008-576012,Revenue Divisional Officer,Possession Taken,2023-12-03,2023-12-23,20,False
27-025-008-576012,R&R Cell,Possession Taken,2023-12-23,2024-03-31,99,False
27-025-008-576012,Land Acquisition Officer,Possession Taken,2024-03-31,2024-07-23,114,False
27-025-008-576012,District Collector,Possession Taken,2024-07-23,,48,True
27-001-019-688441,District Collector,R&R Implementation,2022-01-03,2022-03-07,63,False
27-001-019-688441,Tehsildar,R&R Implementation,2022-03-07,2022-03-12,5,False
27-001-019-688441,Land Acquisition Officer,R&R Implementation,2022-03-12,2022-04-16,35,False
27-001-019-688441,Legal Cell,R&R Implementation,2022-04-16,2022-05-17,31,False
27-001-019-688441,Treasury / PFMS,R&R Implementation,2022-05-17,2022-08-12,87,False
27-001-019-688441,R&R Cell,R&R Implementation,2022-08-12,,131,True
22-014-003-570750,Tehsildar,Compensation Disbursement,2023-11-18,2023-12-31,43,False
22-014-003-570750,Treasury / PFMS,Compensation Disbursement,2023-12-31,2024-02-03,34,False
22-014-003-570750,Land Acquisition Officer,Compensation Disbursement,2024-02-03,,68,True
23-016-008-480112,Legal Cell,Award Declared,2023-06-26,2023-07-09,13,False
23-016-008-480112,Treasury / PFMS,Award Declared,2023-07-09,2023-11-01,115,False
23-016-008-480112,Land Acquisition Officer,Award Declared,2023-11-01,2024-01-11,71,False
23-016-008-480112,R&R Cell,Award Declared,2024-01-11,2024-02-16,36,False
23-016-008-480112,Revenue Divisional Officer,Award Declared,2024-02-16,,81,True
27-037-002-577568,Tehsildar,Award Declared,2021-01-19,2021-02-17,29,False
27-037-002-577568,District Collector,Award Declared,2021-02-17,2021-02-26,9,False
27-037-002-577568,R&R Cell,Award Declared,2021-02-26,2021-03-04,6,False
27-037-002-577568,Legal Cell,Award Declared,2021-03-04,2021-04-20,47,False
27-037-002-577568,Revenue Divisional Officer,Award Declared,2021-04-20,,19,True
21-026-015-668150,Land Acquisition Officer,SIA Completed,2023-04-20,2023-06-07,48,False
21-026-015-668150,Legal Cell,SIA Completed,2023-06-07,2023-11-02,148,False
21-026-015-668150,Treasury / PFMS,SIA Completed,2023-11-02,2024-02-19,109,False
21-026-015-668150,District Collector,SIA Completed,2024-02-19,2024-02-23,4,False
21-026-015-668150,Revenue Divisional Officer,SIA Completed,2024-02-23,,71,True
23-028-015-262626,Treasury / PFMS,R&R Implementation,2021-07-25,2021-08-27,33,False
23-028-015-262626,Legal Cell,R&R Implementation,2021-08-27,2021-09-06,10,False
23-028-015-262626,R&R Cell,R&R Implementation,2021-09-06,,31,True
27-001-024-519408,R&R Cell,Compensation Disbursement,2023-10-03,2023-12-29,87,False
27-001-024-519408,Tehsildar,Compensation Disbursement,2023-12-29,2024-01-02,4,False
27-001-024-519408,Land Acquisition Officer,Compensation Disbursement,2024-01-02,2024-02-21,50,False
27-001-024-519408,Revenue Divisional Officer,Compensation Disbursement,2024-02-21,,64,True
27-013-007-293988,Tehsildar,Possession Taken,2020-10-06,2020-11-21,46,False
27-013-007-293988,R&R Cell,Possession Taken,2020-11-21,2021-02-14,85,False
27-013-007-293988,Revenue Divisional Officer,Possession Taken,2021-02-14,2021-03-08,22,False
27-013-007-293988,Legal Cell,Possession Taken,2021-03-08,2021-03-21,13,False
27-013-007-293988,Land Acquisition Officer,Possession Taken,2021-03-21,2021-08-01,133,False
27-013-007-293988,District Collector,Possession Taken,2021-08-01,2021-09-24,54,False
27-013-007-293988,Treasury / PFMS,Possession Taken,2021-09-24,,77,True
27-001-007-996044,District Collector,R&R Implementation,2021-04-30,2021-06-14,45,False
27-001-007-996044,Legal Cell,R&R Implementation,2021-06-14,2021-07-16,32,False
27-001-007-996044,Revenue Divisional Officer,R&R Implementation,2021-07-16,2021-07-26,10,False
27-001-007-996044,Treasury / PFMS,R&R Implementation,2021-07-26,,89,True
36-019-016-850029,District Collector,Award Declared,2020-01-23,2020-01-25,2,False
36-019-016-850029,R&R Cell,Award Declared,2020-01-25,2020-04-25,91,False
36-019-016-850029,Land Acquisition Officer,Award Declared,2020-04-25,2020-05-01,6,False
36-019-016-850029,Treasury / PFMS,Award Declared,2020-05-01,2020-06-25,55,False
36-019-016-850029,Revenue Divisional Officer,Award Declared,2020-06-25,2020-07-17,22,False
36-019-016-850029,Legal Cell,Award Declared,2020-07-17,2020-09-24,69,False
36-019-016-850029,Tehsildar,Award Declared,2020-09-24,,233,True
33-014-008-315668,Tehsildar,R&R Implementation,2019-06-15,2019-06-24,9,False
33-014-008-315668,Land Acquisition Officer,R&R Implementation,2019-06-24,2019-10-08,106,False
33-014-008-315668,Treasury / PFMS,R&R Implementation,2019-10-08,2019-11-26,49,False
33-014-008-315668,Legal Cell,R&R Implementation,2019-11-26,,87,True
09-002-019-319626,Tehsildar,Possession Taken,2019-03-09,2019-03-23,14,False
09-002-019-319626,Land Acquisition Officer,Possession Taken,2019-03-23,2019-04-08,16,False
09-002-019-319626,Legal Cell,Possession Taken,2019-04-08,2019-08-13,127,False
09-002-019-319626,R&R Cell,Possession Taken,2019-08-13,,26,True
22-002-007-199555,Tehsildar,Compensation Disbursement,2019-07-16,2019-12-12,149,False
22-002-007-199555,Legal Cell,Compensation Disbursement,2019-12-12,2020-02-06,56,False
22-002-007-199555,Land Acquisition Officer,Compensation Disbursement,2020-02-06,,6,True
29-007-016-587124,Tehsildar,Compensation Disbursement,2023-05-03,2023-05-15,12,False
29-007-016-587124,R&R Cell,Compensation Disbursement,2023-05-15,2023-06-09,25,False
29-007-016-587124,District Collector,Compensation Disbursement,2023-06-09,,68,True
36-011-011-599983,R&R Cell,Compensation Disbursement,2020-08-25,2020-09-28,34,False
36-011-011-599983,Tehsildar,Compensation Disbursement,2020-09-28,2021-05-10,224,False
36-011-011-599983,Land Acquisition Officer,Compensation Disbursement,2021-05-10,2022-02-13,279,False
36-011-011-599983,District Collector,Compensation Disbursement,2022-02-13,,199,True
21-012-011-039271,Revenue Divisional Officer,Possession Taken,2022-05-17,2022-09-10,116,False
21-012-011-039271,Legal Cell,Possession Taken,2022-09-10,2022-09-22,12,False
21-012-011-039271,District Collector,Possession Taken,2022-09-22,2022-10-12,20,False
21-012-011-039271,Tehsildar,Possession Taken,2022-10-12,,41,True
33-014-019-817481,District Collector,Award Declared,2022-07-10,2022-08-25,46,False
33-014-019-817481,R&R Cell,Award Declared,2022-08-25,2022-09-20,26,False
33-014-019-817481,Revenue Divisional Officer,Award Declared,2022-09-20,2022-11-24,65,False
33-014-019-817481,Legal Cell,Award Declared,2022-11-24,2022-11-27,3,False
33-014-019-817481,Treasury / PFMS,Award Declared,2022-11-27,,9,True
29-007-019-408769,R&R Cell,Award Declared,2021-05-30,2021-07-05,36,False
29-007-019-408769,Tehsildar,Award Declared,2021-07-05,2021-09-05,62,False
29-007-019-408769,Legal Cell,Award Declared,2021-09-05,2021-09-07,2,False
29-007-019-408769,Revenue Divisional Officer,Award Declared,2021-09-07,2021-10-06,29,False
29-007-019-408769,Treasury / PFMS,Award Declared,2021-10-06,2021-10-13,7,False
29-007-019-408769,District Collector,Award Declared,2021-10-13,,3,True
36-011-010-014722,Tehsildar,Section 11 Notification Issued,2019-09-01,2019-10-26,55,False
36-011-010-014722,Treasury / PFMS,Section 11 Notification Issued,2019-10-26,2020-01-05,71,False
36-011-010-014722,R&R Cell,Section 11 Notification Issued,2020-01-05,2020-03-02,57,False
36-011-010-014722,District Collector,Section 11 Notification Issued,2020-03-02,2021-03-12,375,False
36-011-010-014722,Land Acquisition Officer,Section 11 Notification Issued,2021-03-12,,94,True
33-045-008-394565,Legal Cell,Section 11 Notification Issued,2019-01-03,2019-04-03,90,False
33-045-008-394565,Tehsildar,Section 11 Notification Issued,2019-04-03,2019-05-16,43,False
33-045-008-394565,Revenue Divisional Officer,Section 11 Notification Issued,2019-05-16,,23,True
29-009-009-003611,Treasury / PFMS,Section 11 Notification Issued,2022-12-28,2022-12-30,2,False
29-009-009-003611,District Collector,Section 11 Notification Issued,2022-12-30,2023-03-09,69,False
29-009-009-003611,Tehsildar,Section 11 Notification Issued,2023-03-09,2023-04-21,43,False
29-009-009-003611,Land Acquisition Officer,Section 11 Notification Issued,2023-04-21,2023-06-21,61,False
29-009-009-003611,R&R Cell,Section 11 Notification Issued,2023-06-21,2023-07-10,19,False
29-009-009-003611,Revenue Divisional Officer,Section 11 Notification Issued,2023-07-10,2023-07-24,14,False
29-009-009-003611,Legal Cell,Section 11 Notification Issued,2023-07-24,,146,True
36-027-002-641401,R&R Cell,SIA Completed,2021-10-28,2021-11-03,6,False
36-027-002-641401,District Collector,SIA Completed,2021-11-03,2021-11-09,6,False
36-027-002-641401,Treasury / PFMS,SIA Completed,2021-11-09,2021-11-18,9,False
36-027-002-641401,Revenue Divisional Officer,SIA Completed,2021-11-18,2021-11-27,9,False
36-027-002-641401,Tehsildar,SIA Completed,2021-11-27,2022-01-20,54,False
36-027-002-641401,Land Acquisition Officer,SIA Completed,2022-01-20,2022-02-10,21,False
36-027-002-641401,Legal Cell,SIA Completed,2022-02-10,,284,True
27-025-017-830802,Legal Cell,Compensation Disbursement,2021-08-22,2021-09-21,30,False
27-025-017-830802,District Collector,Compensation Disbursement,2021-09-21,2021-10-30,39,False
27-025-017-830802,Revenue Divisional Officer,Compensation Disbursement,2021-10-30,2021-11-08,9,False
27-025-017-830802,Tehsildar,Compensation Disbursement,2021-11-08,2021-12-15,37,False
27-025-017-830802,Land Acquisition Officer,Compensation Disbursement,2021-12-15,,39,True
36-019-009-582253,Revenue Divisional Officer,Award Declared,2020-03-05,2020-07-29,146,False
36-019-009-582253,R&R Cell,Award Declared,2020-07-29,2020-07-31,2,False
36-019-009-582253,Tehsildar,Award Declared,2020-07-31,2020-10-01,62,False
36-019-009-582253,Treasury / PFMS,Award Declared,2020-10-01,2020-11-14,44,False
36-019-009-582253,District Collector,Award Declared,2020-11-14,2020-12-25,41,False
36-019-009-582253,Legal Cell,Award Declared,2020-12-25,,235,True
29-022-018-446569,Revenue Divisional Officer,SIA Completed,2022-12-08,2023-01-26,49,False
29-022-018-446569,Tehsildar,SIA Completed,2023-01-26,2023-04-02,66,False
29-022-018-446569,District Collector,SIA Completed,2023-04-02,2023-06-29,88,False
29-022-018-446569,Treasury / PFMS,SIA Completed,2023-06-29,2024-03-02,247,False
29-022-018-446569,Legal Cell,SIA Completed,2024-03-02,,118,True
22-002-013-975593,Land Acquisition Officer,Section 11 Notification Issued,2021-02-13,2021-02-15,2,False
22-002-013-975593,Legal Cell,Section 11 Notification Issued,2021-02-15,2021-02-23,8,False
22-002-013-975593,R&R Cell,Section 11 Notification Issued,2021-02-23,2021-03-21,26,False
22-002-013-975593,Revenue Divisional Officer,Section 11 Notification Issued,2021-03-21,2021-04-06,16,False
22-002-013-975593,Tehsildar,Section 11 Notification Issued,2021-04-06,,81,True
33-014-016-217560,Tehsildar,Compensation Disbursement,2019-02-27,2019-04-08,40,False
33-014-016-217560,Revenue Divisional Officer,Compensation Disbursement,2019-04-08,2019-06-26,79,False
33-014-016-217560,District Collector,Compensation Disbursement,2019-06-26,2019-07-16,20,False
33-014-016-217560,R&R Cell,Compensation Disbursement,2019-07-16,2019-09-08,54,False
33-014-016-217560,Treasury / PFMS,Compensation Disbursement,2019-09-08,,71,True
33-031-010-491079,Land Acquisition Officer,Possession Taken,2023-03-10,2023-08-04,147,False
33-031-010-491079,Tehsildar,Possession Taken,2023-08-04,2023-10-31,88,False
33-031-010-491079,Revenue Divisional Officer,Possession Taken,2023-10-31,,21,True
36-019-008-771013,R&R Cell,Award Declared,2023-03-04,2023-07-27,145,False
36-019-008-771013,Revenue Divisional Officer,Award Declared,2023-07-27,2023-08-11,15,False
36-019-008-771013,District Collector,Award Declared,2023-08-11,2023-08-20,9,False
36-019-008-771013,Legal Cell,Award Declared,2023-08-20,2023-10-16,57,False
36-019-008-771013,Land Acquisition Officer,Award Declared,2023-10-16,2023-10-24,8,False
36-019-008-771013,Tehsildar,Award Declared,2023-10-24,,30,True
29-007-004-376370,Legal Cell,Section 11 Notification Issued,2023-12-02,2024-01-03,32,False
29-007-004-376370,Tehsildar,Section 11 Notification Issued,2024-01-03,2024-03-31,88,False
29-007-004-376370,Treasury / PFMS,Section 11 Notification Issued,2024-03-31,2024-04-18,18,False
29-007-004-376370,District Collector,Section 11 Notification Issued,2024-04-18,2024-04-21,3,False
29-007-004-376370,Land Acquisition Officer,Section 11 Notification Issued,2024-04-21,2024-06-01,41,False
29-007-004-376370,Revenue Divisional Officer,Section 11 Notification Issued,2024-06-01,,50,True
33-031-002-770404,Tehsildar,Possession Taken,2022-11-06,2023-03-20,134,False
33-031-002-770404,Legal Cell,Possession Taken,2023-03-20,2023-03-25,5,False
33-031-002-770404,R&R Cell,Possession Taken,2023-03-25,2023-04-09,15,False
33-031-002-770404,Treasury / PFMS,Possession Taken,2023-04-09,,17,True
21-019-024-331631,R&R Cell,Possession Taken,2022-07-11,2022-09-09,60,False
21-019-024-331631,Legal Cell,Possession Taken,2022-09-09,2022-12-10,92,False
21-019-024-331631,Treasury / PFMS,Possession Taken,2022-12-10,2023-04-21,132,False
21-019-024-331631,Tehsildar,Possession Taken,2023-04-21,2023-08-27,128,False
21-019-024-331631,Land Acquisition Officer,Possession Taken,2023-08-27,2023-09-21,25,False
21-019-024-331631,Revenue Divisional Officer,Possession Taken,2023-09-21,2023-11-01,41,False
21-019-024-331631,District Collector,Possession Taken,2023-11-01,,21,True
36-019-019-376825,Legal Cell,Possession Taken,2021-07-11,2022-01-21,194,False
36-019-019-376825,Treasury / PFMS,Possession Taken,2022-01-21,2022-01-23,2,False
36-019-019-376825,District Collector,Possession Taken,2022-01-23,2022-03-02,38,False
36-019-019-376825,Revenue Divisional Officer,Possession Taken,2022-03-02,2022-03-23,21,False
36-019-019-376825,Land Acquisition Officer,Possession Taken,2022-03-23,,55,True
33-045-022-073492,Land Acquisition Officer,Section 11 Notification Issued,2020-07-27,2020-09-19,54,False
33-045-022-073492,R&R Cell,Section 11 Notification Issued,2020-09-19,2020-11-20,62,False
33-045-022-073492,Treasury / PFMS,Section 11 Notification Issued,2020-11-20,2020-12-08,18,False
33-045-022-073492,Revenue Divisional Officer,Section 11 Notification Issued,2020-12-08,2021-02-02,56,False
33-045-022-073492,District Collector,Section 11 Notification Issued,2021-02-02,,164,True
22-014-019-915871,District Collector,SIA Completed,2023-03-16,2023-06-02,78,False
22-014-019-915871,Revenue Divisional Officer,SIA Completed,2023-06-02,2023-07-03,31,False
22-014-019-915871,Tehsildar,SIA Completed,2023-07-03,2023-09-19,78,False
22-014-019-915871,Treasury / PFMS,SIA Completed,2023-09-19,,82,True
09-015-005-300589,Legal Cell,SIA Completed,2022-08-05,2022-09-04,30,False
09-015-005-300589,Revenue Divisional Officer,SIA Completed,2022-09-04,2022-10-17,43,False
09-015-005-300589,District Collector,SIA Completed,2022-10-17,,6,True
21-026-009-694289,Land Acquisition Officer,SIA Completed,2020-02-21,2020-05-03,72,False
21-026-009-694289,Revenue Divisional Officer,SIA Completed,2020-05-03,2020-05-14,11,False
21-026-009-694289,R&R Cell,SIA Completed,2020-05-14,2020-07-14,61,False
21-026-009-694289,Treasury / PFMS,SIA Completed,2020-07-14,2020-07-27,13,False
21-026-009-694289,District Collector,SIA Completed,2020-07-27,2020-10-21,86,False
21-026-009-694289,Legal Cell,SIA Completed,2020-10-21,2020-12-01,41,False
21-026-009-694289,Tehsildar,SIA Completed,2020-12-01,,99,True
21-012-024-341332,Legal Cell,R&R Implementation,2022-06-04,2022-10-09,127,False
21-012-024-341332,Tehsildar,R&R Implementation,2022-10-09,2022-10-19,10,False
21-012-024-341332,Land Acquisition Officer,R&R Implementation,2022-10-19,,23,True
29-009-016-811799,R&R Cell,R&R Implementation,2020-12-05,2020-12-07,2,False
29-009-016-811799,District Collector,R&R Implementation,2020-12-07,2021-01-18,42,False
29-009-016-811799,Tehsildar,R&R Implementation,2021-01-18,2021-02-09,22,False
29-009-016-811799,Revenue Divisional Officer,R&R Implementation,2021-02-09,2021-03-20,39,False
29-009-016-811799,Land Acquisition Officer,R&R Implementation,2021-03-20,2021-04-19,30,False
29-009-016-811799,Treasury / PFMS,R&R Implementation,2021-04-19,,114,True
33-031-001-173185,Legal Cell,R&R Implementation,2020-02-09,2020-02-11,2,False
33-031-001-173185,Treasury / PFMS,R&R Implementation,2020-02-11,2020-02-15,4,False
33-031-001-173185,Tehsildar,R&R Implementation,2020-02-15,2020-03-01,15,False
33-031-001-173185,District Collector,R&R Implementation,2020-03-01,2020-07-22,143,False
33-031-001-173185,R&R Cell,R&R Implementation,2020-07-22,2020-08-11,20,False
33-031-001-173185,Land Acquisition Officer,R&R Implementation,2020-08-11,,86,True
23-033-015-841738,District Collector,Compensation Disbursement,2020-12-15,2020-12-25,10,False
23-033-015-841738,Revenue Divisional Officer,Compensation Disbursement,2020-12-25,2021-01-28,34,False
23-033-015-841738,Tehsildar,Compensation Disbursement,2021-01-28,2021-02-04,7,False
23-033-015-841738,Legal Cell,Compensation Disbursement,2021-02-04,2021-03-24,48,False
23-033-015-841738,Treasury / PFMS,Compensation Disbursement,2021-03-24,2021-04-24,31,False
23-033-015-841738,Land Acquisition Officer,Compensation Disbursement,2021-04-24,,36,True
21-012-007-712206,R&R Cell,Compensation Disbursement,2020-04-22,2020-07-07,76,False
21-012-007-712206,District Collector,Compensation Disbursement,2020-07-07,2020-07-23,16,False
21-012-007-712206,Treasury / PFMS,Compensation Disbursement,2020-07-23,2020-10-19,88,False
21-012-007-712206,Tehsildar,Compensation Disbursement,2020-10-19,2020-11-09,21,False
21-012-007-712206,Revenue Divisional Officer,Compensation Disbursement,2020-11-09,2021-03-14,125,False
21-012-007-712206,Legal Cell,Compensation Disbursement,2021-03-14,,57,True
22-009-022-705887,Land Acquisition Officer,Possession Taken,2019-03-31,2019-04-12,12,False
22-009-022-705887,Treasury / PFMS,Possession Taken,2019-04-12,2019-05-23,41,False
22-009-022-705887,Legal Cell,Possession Taken,2019-05-23,2019-08-28,97,False
22-009-022-705887,District Collector,Possession Taken,2019-08-28,2019-10-06,39,False
22-009-022-705887,Revenue Divisional Officer,Possession Taken,2019-10-06,,5,True
23-004-010-095966,Legal Cell,Award Declared,2021-07-20,2022-04-22,276,False
23-004-010-095966,R&R Cell,Award Declared,2022-04-22,2022-04-30,8,False
23-004-010-095966,Treasury / PFMS,Award Declared,2022-04-30,,104,True
29-022-009-442523,District Collector,SIA Completed,2022-11-11,2023-06-04,205,False
29-022-009-442523,Tehsildar,SIA Completed,2023-06-04,2023-07-10,36,False
29-022-009-442523,Land Acquisition Officer,SIA Completed,2023-07-10,2023-07-13,3,False
29-022-009-442523,Revenue Divisional Officer,SIA Completed,2023-07-13,2023-07-21,8,False
29-022-009-442523,Treasury / PFMS,SIA Completed,2023-07-21,2023-07-24,3,False
29-022-009-442523,R&R Cell,SIA Completed,2023-07-24,2023-11-02,101,False
29-022-009-442523,Legal Cell,SIA Completed,2023-11-02,,274,True
21-019-001-138089,Land Acquisition Officer,Compensation Disbursement,2022-11-04,2023-01-13,70,False
21-019-001-138089,Legal Cell,Compensation Disbursement,2023-01-13,2023-01-17,4,False
21-019-001-138089,Treasury / PFMS,Compensation Disbursement,2023-01-17,2023-03-11,53,False
21-019-001-138089,District Collector,Compensation Disbursement,2023-03-11,2023-04-04,24,False
21-019-001-138089,Tehsildar,Compensation Disbursement,2023-04-04,,33,True
22-018-017-394037,R&R Cell,R&R Implementation,2021-04-12,2021-05-01,19,False
22-018-017-394037,Legal Cell,R&R Implementation,2021-05-01,2021-05-03,2,False
22-018-017-394037,Tehsildar,R&R Implementation,2021-05-03,2021-06-19,47,False
22-018-017-394037,Revenue Divisional Officer,R&R Implementation,2021-06-19,2021-07-20,31,False
22-018-017-394037,District Collector,R&R Implementation,2021-07-20,2021-08-13,24,False
22-018-017-394037,Land Acquisition Officer,R&R Implementation,2021-08-13,,197,True
27-001-009-036876,District Collector,SIA Completed,2021-07-11,2021-08-05,25,False
27-001-009-036876,Treasury / PFMS,SIA Completed,2021-08-05,2021-08-29,24,False
27-001-009-036876,Revenue Divisional Officer,SIA Completed,2021-08-29,2021-09-24,26,False
27-001-009-036876,Land Acquisition Officer,SIA Completed,2021-09-24,2021-09-29,5,False
27-001-009-036876,Tehsildar,SIA Completed,2021-09-29,2021-11-02,34,False
27-001-009-036876,R&R Cell,SIA Completed,2021-11-02,2021-11-16,14,False
27-001-009-036876,Legal Cell,SIA Completed,2021-11-16,,68,True
27-013-015-433170,District Collector,Award Declared,2021-08-23,2021-12-06,105,False
27-013-015-433170,Land Acquisition Officer,Award Declared,2021-12-06,2021-12-20,14,False
27-013-015-433170,Treasury / PFMS,Award Declared,2021-12-20,,43,True
09-031-011-782923,Land Acquisition Officer,Compensation Disbursement,2020-03-19,2020-03-27,8,False
09-031-011-782923,District Collector,Compensation Disbursement,2020-03-27,2020-04-01,5,False
09-031-011-782923,Revenue Divisional Officer,Compensation Disbursement,2020-04-01,2020-06-06,66,False
09-031-011-782923,Legal Cell,Compensation Disbursement,2020-06-06,2020-07-29,53,False
09-031-011-782923,Treasury / PFMS,Compensation Disbursement,2020-07-29,,3,True
33-014-007-766605,R&R Cell,R&R Implementation,2023-11-14,2024-02-01,79,False
33-014-007-766605,Legal Cell,R&R Implementation,2024-02-01,2024-02-10,9,False
33-014-007-766605,District Collector,R&R Implementation,2024-02-10,2024-02-14,4,False
33-014-007-766605,Revenue Divisional Officer,R&R Implementation,2024-02-14,,42,True
36-003-012-264469,Treasury / PFMS,SIA Completed,2021-10-08,2021-11-29,52,False
36-003-012-264469,District Collector,SIA Completed,2021-11-29,2022-03-23,114,False
36-003-012-264469,Revenue Divisional Officer,SIA Completed,2022-03-23,,255,True
33-031-020-687626,Treasury / PFMS,Compensation Disbursement,2023-04-25,2023-09-18,146,False
33-031-020-687626,District Collector,Compensation Disbursement,2023-09-18,2023-11-01,44,False
33-031-020-687626,Tehsildar,Compensation Disbursement,2023-11-01,2023-12-26,55,False
33-031-020-687626,Land Acquisition Officer,Compensation Disbursement,2023-12-26,2024-02-03,39,False
33-031-020-687626,R&R Cell,Compensation Disbursement,2024-02-03,,65,True
27-025-002-922498,Treasury / PFMS,Compensation Disbursement,2020-07-21,2020-11-13,115,False
27-025-002-922498,R&R Cell,Compensation Disbursement,2020-11-13,2021-01-05,53,False
27-025-002-922498,Land Acquisition Officer,Compensation Disbursement,2021-01-05,2021-01-15,10,False
27-025-002-922498,Legal Cell,Compensation Disbursement,2021-01-15,,141,True
33-045-004-081690,R&R Cell,Compensation Disbursement,2021-06-25,2021-06-27,2,False
33-045-004-081690,District Collector,Compensation Disbursement,2021-06-27,2021-08-22,56,False
33-045-004-081690,Treasury / PFMS,Compensation Disbursement,2021-08-22,,22,True
29-018-024-878590,Revenue Divisional Officer,Award Declared,2022-04-24,2022-05-25,31,False
29-018-024-878590,Tehsildar,Award Declared,2022-05-25,2022-08-27,94,False
29-018-024-878590,Legal Cell,Award Declared,2022-08-27,2022-12-19,114,False
29-018-024-878590,Land Acquisition Officer,Award Declared,2022-12-19,2023-07-05,198,False
29-018-024-878590,Treasury / PFMS,Award Declared,2023-07-05,2023-08-02,28,False
29-018-024-878590,R&R Cell,Award Declared,2023-08-02,,133,True
22-009-004-522374,Tehsildar,R&R Implementation,2021-08-16,2021-09-25,40,False
22-009-004-522374,Revenue Divisional Officer,R&R Implementation,2021-09-25,2021-09-28,3,False
22-009-004-522374,District Collector,R&R Implementation,2021-09-28,2022-02-02,127,False
22-009-004-522374,Land Acquisition Officer,R&R Implementation,2022-02-02,,30,True
22-009-004-500684,District Collector,SIA Completed,2019-12-22,2020-04-03,103,False
22-009-004-500684,Revenue Divisional Officer,SIA Completed,2020-04-03,2020-04-15,12,False
22-009-004-500684,Tehsildar,SIA Completed,2020-04-15,,43,True
29-009-003-574868,Tehsildar,Award Declared,2022-07-29,2022-11-14,108,False
29-009-003-574868,R&R Cell,Award Declared,2022-11-14,2022-11-16,2,False
29-009-003-574868,District Collector,Award Declared,2022-11-16,,82,True
29-022-008-775897,Land Acquisition Officer,SIA Completed,2021-01-31,2021-02-11,11,False
29-022-008-775897,Revenue Divisional Officer,SIA Completed,2021-02-11,2021-04-07,55,False
29-022-008-775897,Tehsildar,SIA Completed,2021-04-07,2021-04-09,2,False
29-022-008-775897,Treasury / PFMS,SIA Completed,2021-04-09,2021-09-21,165,False
29-022-008-775897,Legal Cell,SIA Completed,2021-09-21,2021-12-04,74,False
29-022-008-775897,District Collector,SIA Completed,2021-12-04,2022-01-06,33,False
29-022-008-775897,R&R Cell,SIA Completed,2022-01-06,,3,True
21-012-004-030336,Treasury / PFMS,Possession Taken,2022-12-12,2022-12-20,8,False
21-012-004-030336,District Collector,Possession Taken,2022-12-20,2023-01-22,33,False
21-012-004-030336,Land Acquisition Officer,Possession Taken,2023-01-22,,3,True
29-009-016-679482,Land Acquisition Officer,Compensation Disbursement,2019-08-30,2019-09-02,3,False
29-009-016-679482,Tehsildar,Compensation Disbursement,2019-09-02,2019-09-17,15,False
29-009-016-679482,Revenue Divisional Officer,Compensation Disbursement,2019-09-17,,10,True
22-002-004-192320,District Collector,Compensation Disbursement,2023-09-23,2023-11-14,52,False
22-002-004-192320,Revenue Divisional Officer,Compensation Disbursement,2023-11-14,2024-02-08,86,False
22-002-004-192320,Tehsildar,Compensation Disbursement,2024-02-08,2024-05-16,98,False
22-002-004-192320,Treasury / PFMS,Compensation Disbursement,2024-05-16,,130,True
21-005-013-007041,R&R Cell,Compensation Disbursement,2020-09-11,2020-10-06,25,False
21-005-013-007041,Revenue Divisional Officer,Compensation Disbursement,2020-10-06,2021-02-08,125,False
21-005-013-007041,Treasury / PFMS,Compensation Disbursement,2021-02-08,2021-04-11,62,False
21-005-013-007041,Legal Cell,Compensation Disbursement,2021-04-11,2021-08-03,114,False
21-005-013-007041,Tehsildar,Compensation Disbursement,2021-08-03,2021-09-08,36,False
21-005-013-007041,Land Acquisition Officer,Compensation Disbursement,2021-09-08,2021-09-29,21,False
21-005-013-007041,District Collector,Compensation Disbursement,2021-09-29,,200,True
33-023-018-119955,R&R Cell,Possession Taken,2019-09-29,2019-10-05,6,False
33-023-018-119955,District Collector,Possession Taken,2019-10-05,2020-04-01,179,False
33-023-018-119955,Revenue Divisional Officer,Possession Taken,2020-04-01,,132,True
22-014-003-242905,Land Acquisition Officer,Possession Taken,2020-09-02,2020-10-05,33,False
22-014-003-242905,Treasury / PFMS,Possession Taken,2020-10-05,2020-10-15,10,False
22-014-003-242905,Legal Cell,Possession Taken,2020-10-15,,11,True
22-018-012-901195,Revenue Divisional Officer,R&R Implementation,2020-05-24,2020-09-06,105,False
22-018-012-901195,R&R Cell,R&R Implementation,2020-09-06,2020-11-15,70,False
22-018-012-901195,District Collector,R&R Implementation,2020-11-15,2021-01-30,76,False
22-018-012-901195,Tehsildar,R&R Implementation,2021-01-30,2021-03-23,52,False
22-018-012-901195,Treasury / PFMS,R&R Implementation,2021-03-23,2021-04-22,30,False
22-018-012-901195,Land Acquisition Officer,R&R Implementation,2021-04-22,2021-06-15,54,False
22-018-012-901195,Legal Cell,R&R Implementation,2021-06-15,,26,True
29-007-002-158342,District Collector,SIA Completed,2020-07-06,2020-10-04,90,False
29-007-002-158342,Revenue Divisional Officer,SIA Completed,2020-10-04,2021-06-29,268,False
29-007-002-158342,R&R Cell,SIA Completed,2021-06-29,2021-07-12,13,False
29-007-002-158342,Treasury / PFMS,SIA Completed,2021-07-12,2021-07-20,8,False
29-007-002-158342,Tehsildar,SIA Completed,2021-07-20,,12,True
29-009-023-846911,Land Acquisition Officer,Award Declared,2021-05-30,2021-08-25,87,False
29-009-023-846911,Revenue Divisional Officer,Award Declared,2021-08-25,2021-09-24,30,False
29-009-023-846911,Tehsildar,Award Declared,2021-09-24,2021-10-21,27,False
29-009-023-846911,Treasury / PFMS,Award Declared,2021-10-21,2022-05-16,207,False
29-009-023-846911,R&R Cell,Award Declared,2022-05-16,2022-05-18,2,False
29-009-023-846911,Legal Cell,Award Declared,2022-05-18,,107,True
36-027-018-414505,Tehsildar,Award Declared,2021-10-13,2022-02-24,134,False
36-027-018-414505,Legal Cell,Award Declared,2022-02-24,2022-03-02,6,False
36-027-018-414505,Revenue Divisional Officer,Award Declared,2022-03-02,2022-04-17,46,False
36-027-018-414505,District Collector,Award Declared,2022-04-17,2022-08-28,133,False
36-027-018-414505,Treasury / PFMS,Award Declared,2022-08-28,2022-09-28,31,False
36-027-018-414505,Land Acquisition Officer,Award Declared,2022-09-28,2022-10-16,18,False
36-027-018-414505,R&R Cell,Award Declared,2022-10-16,,119,True
22-018-021-586883,Land Acquisition Officer,Award Declared,2021-12-11,2022-01-07,27,False
22-018-021-586883,Legal Cell,Award Declared,2022-01-07,2022-01-16,9,False
22-018-021-586883,District Collector,Award Declared,2022-01-16,2022-06-15,150,False
22-018-021-586883,Treasury / PFMS,Award Declared,2022-06-15,2022-06-25,10,False
22-018-021-586883,Tehsildar,Award Declared,2022-06-25,2022-11-07,135,False
22-018-021-586883,Revenue Divisional Officer,Award Declared,2022-11-07,,12,True
09-015-024-187536,Legal Cell,Compensation Disbursement,2019-02-27,2019-04-04,36,False
09-015-024-187536,Tehsildar,Compensation Disbursement,2019-04-04,2019-06-06,63,False
09-015-024-187536,District Collector,Compensation Disbursement,2019-06-06,2019-06-22,16,False
09-015-024-187536,Treasury / PFMS,Compensation Disbursement,2019-06-22,2019-10-08,108,False
09-015-024-187536,Land Acquisition Officer,Compensation Disbursement,2019-10-08,2019-10-10,2,False
09-015-024-187536,R&R Cell,Compensation Disbursement,2019-10-10,2019-11-05,26,False
09-015-024-187536,Revenue Divisional Officer,Compensation Disbursement,2019-11-05,,55,True
29-018-013-003927,Revenue Divisional Officer,Section 11 Notification Issued,2019-12-27,2020-01-27,31,False
29-018-013-003927,Land Acquisition Officer,Section 11 Notification Issued,2020-01-27,2020-04-17,81,False
29-018-013-003927,R&R Cell,Section 11 Notification Issued,2020-04-17,,9,True
22-009-010-139561,Treasury / PFMS,SIA Completed,2023-01-03,2023-02-13,41,False
22-009-010-139561,Revenue Divisional Officer,SIA Completed,2023-02-13,2023-03-29,44,False
22-009-010-139561,R&R Cell,SIA Completed,2023-03-29,2023-04-19,21,False
22-009-010-139561,Tehsildar,SIA Completed,2023-04-19,,107,True
09-031-023-935005,Legal Cell,SIA Completed,2022-06-05,2022-06-10,5,False
09-031-023-935005,Land Acquisition Officer,SIA Completed,2022-06-10,2022-07-01,21,False
09-031-023-935005,Treasury / PFMS,SIA Completed,2022-07-01,2022-07-07,6,False
09-031-023-935005,District Collector,SIA Completed,2022-07-07,,22,True
29-009-007-703996,R&R Cell,R&R Implementation,2023-07-26,2023-10-20,86,False
29-009-007-703996,Treasury / PFMS,R&R Implementation,2023-10-20,2023-11-12,23,False
29-009-007-703996,Revenue Divisional Officer,R&R Implementation,2023-11-12,2024-02-03,83,False
29-009-007-703996,District Collector,R&R Implementation,2024-02-03,2024-05-04,91,False
29-009-007-703996,Legal Cell,R&R Implementation,2024-05-04,,22,True
36-019-014-555270,Land Acquisition Officer,SIA Completed,2021-11-03,2021-11-20,17,False
36-019-014-555270,R&R Cell,SIA Completed,2021-11-20,2021-11-23,3,False
36-019-014-555270,Legal Cell,SIA Completed,2021-11-23,2022-01-15,53,False
36-019-014-555270,Revenue Divisional Officer,SIA Completed,2022-01-15,2022-01-31,16,False
36-019-014-555270,District Collector,SIA Completed,2022-01-31,,260,True
29-007-022-089286,Tehsildar,SIA Completed,2021-08-10,2021-08-27,17,False
29-007-022-089286,Revenue Divisional Officer,SIA Completed,2021-08-27,2021-09-13,17,False
29-007-022-089286,Treasury / PFMS,SIA Completed,2021-09-13,2021-09-22,9,False
29-007-022-089286,R&R Cell,SIA Completed,2021-09-22,,334,True
22-014-003-088548,Treasury / PFMS,Section 11 Notification Issued,2021-03-09,2021-03-18,9,False
22-014-003-088548,Tehsildar,Section 11 Notification Issued,2021-03-18,2021-07-25,129,False
22-014-003-088548,Revenue Divisional Officer,Section 11 Notification Issued,2021-07-25,2021-09-07,44,False
22-014-003-088548,R&R Cell,Section 11 Notification Issued,2021-09-07,2022-06-15,281,False
22-014-003-088548,Legal Cell,Section 11 Notification Issued,2022-06-15,2022-07-01,16,False
22-014-003-088548,District Collector,Section 11 Notification Issued,2022-07-01,2022-07-05,4,False
22-014-003-088548,Land Acquisition Officer,Section 11 Notification Issued,2022-07-05,,130,True
22-002-014-783176,R&R Cell,Section 11 Notification Issued,2020-10-07,2020-10-23,16,False
22-002-014-783176,Legal Cell,Section 11 Notification Issued,2020-10-23,2021-01-11,80,False
22-002-014-783176,Tehsildar,Section 11 Notification Issued,2021-01-11,2021-05-26,135,False
22-002-014-783176,Land Acquisition Officer,Section 11 Notification Issued,2021-05-26,2021-08-06,72,False
22-002-014-783176,Revenue Divisional Officer,Section 11 Notification Issued,2021-08-06,2021-08-08,2,False
22-002-014-783176,District Collector,Section 11 Notification Issued,2021-08-08,2021-10-03,56,False
22-002-014-783176,Treasury / PFMS,Section 11 Notification Issued,2021-10-03,,95,True
27-001-009-170912,Revenue Divisional Officer,Possession Taken,2022-08-13,2022-12-07,116,False
27-001-009-170912,Land Acquisition Officer,Possession Taken,2022-12-07,2022-12-21,14,False
27-001-009-170912,Legal Cell,Possession Taken,2022-12-21,2023-02-25,66,False
27-001-009-170912,Tehsildar,Possession Taken,2023-02-25,2023-03-20,23,False
27-001-009-170912,R&R Cell,Possession Taken,2023-03-20,2023-03-27,7,False
27-001-009-170912,District Collector,Possession Taken,2023-03-27,2023-12-06,254,False
27-001-009-170912,Treasury / PFMS,Possession Taken,2023-12-06,,107,True
23-004-004-590038,District Collector,Possession Taken,2021-07-10,2021-08-08,29,False
23-004-004-590038,R&R Cell,Possession Taken,2021-08-08,2021-09-14,37,False
23-004-004-590038,Treasury / PFMS,Possession Taken,2021-09-14,,93,True
33-023-012-541773,Revenue Divisional Officer,Possession Taken,2022-04-18,2022-07-04,77,False
33-023-012-541773,Land Acquisition Officer,Possession Taken,2022-07-04,2022-08-14,41,False
33-023-012-541773,Treasury / PFMS,Possession Taken,2022-08-14,2022-11-19,97,False
33-023-012-541773,District Collector,Possession Taken,2022-11-19,,49,True
23-016-022-952940,R&R Cell,Section 11 Notification Issued,2021-10-23,2022-02-19,119,False
23-016-022-952940,District Collector,Section 11 Notification Issued,2022-02-19,2022-05-25,95,False
23-016-022-952940,Land Acquisition Officer,Section 11 Notification Issued,2022-05-25,2022-07-03,39,False
23-016-022-952940,Treasury / PFMS,Section 11 Notification Issued,2022-07-03,2022-07-29,26,False
23-016-022-952940,Tehsildar,Section 11 Notification Issued,2022-07-29,2022-12-17,141,False
23-016-022-952940,Legal Cell,Section 11 Notification Issued,2022-12-17,,5,True
22-014-021-856754,District Collector,R&R Implementation,2020-04-04,2020-07-07,94,False
22-014-021-856754,Treasury / PFMS,R&R Implementation,2020-07-07,2020-08-01,25,False
22-014-021-856754,Tehsildar,R&R Implementation,2020-08-01,2020-08-04,3,False
22-014-021-856754,Legal Cell,R&R Implementation,2020-08-04,2020-09-11,38,False
22-014-021-856754,R&R Cell,R&R Implementation,2020-09-11,2020-10-28,47,False
22-014-021-856754,Land Acquisition Officer,R&R Implementation,2020-10-28,,73,True
29-009-015-531038,Land Acquisition Officer,SIA Completed,2022-03-20,2022-10-22,216,False
29-009-015-531038,R&R Cell,SIA Completed,2022-10-22,2022-11-15,24,False
29-009-015-531038,District Collector,SIA Completed,2022-11-15,2023-04-24,160,False
29-009-015-531038,Legal Cell,SIA Completed,2023-04-24,,77,True
23-016-005-952491,Legal Cell,R&R Implementation,2023-01-03,2023-01-05,2,False
23-016-005-952491,Land Acquisition Officer,R&R Implementation,2023-01-05,2023-03-26,80,False
23-016-005-952491,Revenue Divisional Officer,R&R Implementation,2023-03-26,,152,True
21-019-011-899752,Legal Cell,Section 11 Notification Issued,2023-04-18,2023-04-28,10,False
21-019-011-899752,Revenue Divisional Officer,Section 11 Notification Issued,2023-04-28,2023-05-11,13,False
21-019-011-899752,District Collector,Section 11 Notification Issued,2023-05-11,2023-10-17,159,False
21-019-011-899752,Tehsildar,Section 11 Notification Issued,2023-10-17,,11,True
36-011-017-938212,Revenue Divisional Officer,Compensation Disbursement,2023-03-22,2023-04-06,15,False
36-011-017-938212,Legal Cell,Compensation Disbursement,2023-04-06,2023-05-15,39,False
36-011-017-938212,R&R Cell,Compensation Disbursement,2023-05-15,2023-05-27,12,False
36-011-017-938212,Land Acquisition Officer,Compensation Disbursement,2023-05-27,2023-12-02,189,False
36-011-017-938212,District Collector,Compensation Disbursement,2023-12-02,,139,True
29-007-022-003059,Revenue Divisional Officer,Award Declared,2019-07-17,2019-11-10,116,False
29-007-022-003059,Legal Cell,Award Declared,2019-11-10,2019-12-03,23,False
29-007-022-003059,Treasury / PFMS,Award Declared,2019-12-03,2019-12-19,16,False
29-007-022-003059,Tehsildar,Award Declared,2019-12-19,2020-02-21,64,False
29-007-022-003059,District Collector,Award Declared,2020-02-21,2020-02-28,7,False
29-007-022-003059,Land Acquisition Officer,Award Declared,2020-02-28,,54,True
21-012-018-340012,Tehsildar,Compensation Disbursement,2022-10-27,2022-10-29,2,False
21-012-018-340012,Legal Cell,Compensation Disbursement,2022-10-29,2022-12-18,50,False
21-012-018-340012,R&R Cell,Compensation Disbursement,2022-12-18,2023-02-05,49,False
21-012-018-340012,Revenue Divisional Officer,Compensation Disbursement,2023-02-05,2023-02-21,16,False
21-012-018-340012,Treasury / PFMS,Compensation Disbursement,2023-02-21,2023-04-17,55,False
21-012-018-340012,District Collector,Compensation Disbursement,2023-04-17,2024-01-16,274,False
21-012-018-340012,Land Acquisition Officer,Compensation Disbursement,2024-01-16,,146,True
33-023-020-307456,Land Acquisition Officer,Section 11 Notification Issued,2023-11-17,2024-02-05,80,False
33-023-020-307456,Tehsildar,Section 11 Notification Issued,2024-02-05,2024-03-08,32,False
33-023-020-307456,Revenue Divisional Officer,Section 11 Notification Issued,2024-03-08,2024-03-16,8,False
33-023-020-307456,District Collector,Section 11 Notification Issued,2024-03-16,,236,True
09-044-020-405265,District Collector,R&R Implementation,2019-08-25,2019-08-30,5,False
09-044-020-405265,Land Acquisition Officer,R&R Implementation,2019-08-30,2019-09-12,13,False
09-044-020-405265,Treasury / PFMS,R&R Implementation,2019-09-12,2019-10-31,49,False
09-044-020-405265,Revenue Divisional Officer,R&R Implementation,2019-10-31,2019-12-12,42,False
09-044-020-405265,R&R Cell,R&R Implementation,2019-12-12,,33,True
22-014-020-275962,District Collector,SIA Completed,2020-06-21,2020-07-05,14,False
22-014-020-275962,Tehsildar,SIA Completed,2020-07-05,2020-10-21,108,False
22-014-020-275962,Revenue Divisional Officer,SIA Completed,2020-10-21,2020-11-04,14,False
22-014-020-275962,Treasury / PFMS,SIA Completed,2020-11-04,2020-12-21,47,False
22-014-020-275962,R&R Cell,SIA Completed,2020-12-21,2021-01-11,21,False
22-014-020-275962,Legal Cell,SIA Completed,2021-01-11,,86,True
33-023-024-849398,Land Acquisition Officer,R&R Implementation,2020-01-13,2020-01-27,14,False
33-023-024-849398,Revenue Divisional Officer,R&R Implementation,2020-01-27,2020-01-29,2,False
33-023-024-849398,R&R Cell,R&R Implementation,2020-01-29,2020-01-31,2,False
33-023-024-849398,Treasury / PFMS,R&R Implementation,2020-01-31,2020-05-04,94,False
33-023-024-849398,Tehsildar,R&R Implementation,2020-05-04,,7,True
21-012-022-745758,Treasury / PFMS,Possession Taken,2019-05-11,2019-06-17,37,False
21-012-022-745758,District Collector,Possession Taken,2019-06-17,2019-07-30,43,False
21-012-022-745758,Tehsildar,Possession Taken,2019-07-30,,100,True
22-002-003-642583,R&R Cell,Section 11 Notification Issued,2021-01-31,2021-06-10,130,False
22-002-003-642583,Tehsildar,Section 11 Notification Issued,2021-06-10,2021-07-06,26,False
22-002-003-642583,Treasury / PFMS,Section 11 Notification Issued,2021-07-06,2021-09-16,72,False
22-002-003-642583,Revenue Divisional Officer,Section 11 Notification Issued,2021-09-16,2022-01-04,110,False
22-002-003-642583,District Collector,Section 11 Notification Issued,2022-01-04,,30,True
09-015-023-422636,Land Acquisition Officer,R&R Implementation,2020-07-29,2021-01-19,174,False
09-015-023-422636,Treasury / PFMS,R&R Implementation,2021-01-19,2021-05-04,105,False
09-015-023-422636,Revenue Divisional Officer,R&R Implementation,2021-05-04,2021-06-27,54,False
09-015-023-422636,Tehsildar,R&R Implementation,2021-06-27,2021-08-16,50,False
09-015-023-422636,R&R Cell,R&R Implementation,2021-08-16,2021-09-16,31,False
09-015-023-422636,District Collector,R&R Implementation,2021-09-16,,87,True
22-009-012-513964,Tehsildar,Possession Taken,2023-09-27,2023-10-24,27,False
22-009-012-513964,District Collector,Possession Taken,2023-10-24,2023-10-26,2,False
22-009-012-513964,Legal Cell,Possession Taken,2023-10-26,2023-10-29,3,False
22-009-012-513964,R&R Cell,Possession Taken,2023-10-29,,131,True
09-044-018-641015,Legal Cell,Section 11 Notification Issued,2021-07-06,2021-08-16,41,False
09-044-018-641015,R&R Cell,Section 11 Notification Issued,2021-08-16,2021-09-22,37,False
09-044-018-641015,District Collector,Section 11 Notification Issued,2021-09-22,2022-03-12,171,False
09-044-018-641015,Revenue Divisional Officer,Section 11 Notification Issued,2022-03-12,2022-05-17,66,False
09-044-018-641015,Tehsildar,Section 11 Notification Issued,2022-05-17,2022-07-08,52,False
09-044-018-641015,Treasury / PFMS,Section 11 Notification Issued,2022-07-08,2022-07-10,2,False
09-044-018-641015,Land Acquisition Officer,Section 11 Notification Issued,2022-07-10,,40,True
33-014-015-377807,District Collector,Compensation Disbursement,2021-12-22,2021-12-24,2,False
33-014-015-377807,Treasury / PFMS,Compensation Disbursement,2021-12-24,2022-05-17,144,False
33-014-015-377807,Land Acquisition Officer,Compensation Disbursement,2022-05-17,2022-07-09,53,False
33-014-015-377807,Tehsildar,Compensation Disbursement,2022-07-09,2022-08-09,31,False
33-014-015-377807,R&R Cell,Compensation Disbursement,2022-08-09,2023-01-21,165,False
33-014-015-377807,Revenue Divisional Officer,Compensation Disbursement,2023-01-21,2023-02-05,15,False
33-014-015-377807,Legal Cell,Compensation Disbursement,2023-02-05,,15,True
27-037-010-996219,Land Acquisition Officer,Section 11 Notification Issued,2020-09-23,2020-10-28,35,False
27-037-010-996219,Treasury / PFMS,Section 11 Notification Issued,2020-10-28,2021-01-20,84,False
27-037-010-996219,R&R Cell,Section 11 Notification Issued,2021-01-20,2021-01-28,8,False
27-037-010-996219,District Collector,Section 11 Notification Issued,2021-01-28,2021-06-01,124,False
27-037-010-996219,Tehsildar,Section 11 Notification Issued,2021-06-01,2021-07-30,59,False
27-037-010-996219,Legal Cell,Section 11 Notification Issued,2021-07-30,,148,True
09-015-024-684741,Treasury / PFMS,SIA Completed,2021-09-16,2022-01-02,108,False
09-015-024-684741,Legal Cell,SIA Completed,2022-01-02,2022-09-29,270,False
09-015-024-684741,Revenue Divisional Officer,SIA Completed,2022-09-29,2022-10-05,6,False
09-015-024-684741,Land Acquisition Officer,SIA Completed,2022-10-05,2023-01-22,109,False
09-015-024-684741,District Collector,SIA Completed,2023-01-22,,260,True
29-009-005-707378,Land Acquisition Officer,R&R Implementation,2023-08-22,2023-10-15,54,False
29-009-005-707378,R&R Cell,R&R Implementation,2023-10-15,2023-11-28,44,False
29-009-005-707378,Legal Cell,R&R Implementation,2023-11-28,2023-12-02,4,False
29-009-005-707378,Revenue Divisional Officer,R&R Implementation,2023-12-02,,130,True
22-018-021-350278,Land Acquisition Officer,R&R Implementation,2021-09-13,2021-10-27,44,False
22-018-021-350278,R&R Cell,R&R Implementation,2021-10-27,2021-12-08,42,False
22-018-021-350278,District Collector,R&R Implementation,2021-12-08,2021-12-26,18,False
22-018-021-350278,Treasury / PFMS,R&R Implementation,2021-12-26,2022-01-03,8,False
22-018-021-350278,Tehsildar,R&R Implementation,2022-01-03,2022-01-21,18,False
22-018-021-350278,Revenue Divisional Officer,R&R Implementation,2022-01-21,,18,True
29-009-001-560843,Treasury / PFMS,Award Declared,2019-08-12,2019-09-11,30,False
29-009-001-560843,Land Acquisition Officer,Award Declared,2019-09-11,2019-12-31,111,False
29-009-001-560843,Revenue Divisional Officer,Award Declared,2019-12-31,2020-04-01,92,False
29-009-001-560843,R&R Cell,Award Declared,2020-04-01,2020-05-25,54,False
29-009-001-560843,Tehsildar,Award Declared,2020-05-25,2020-06-25,31,False
29-009-001-560843,District Collector,Award Declared,2020-06-25,2020-07-04,9,False
29-009-001-560843,Legal Cell,Award Declared,2020-07-04,,11,True
36-003-002-677210,Land Acquisition Officer,Section 11 Notification Issued,2023-11-28,2023-12-21,23,False
36-003-002-677210,Legal Cell,Section 11 Notification Issued,2023-12-21,2023-12-27,6,False
36-003-002-677210,Revenue Divisional Officer,Section 11 Notification Issued,2023-12-27,2024-05-29,154,False
36-003-002-677210,Treasury / PFMS,Section 11 Notification Issued,2024-05-29,2024-07-03,35,False
36-003-002-677210,Tehsildar,Section 11 Notification Issued,2024-07-03,,36,True
21-026-018-182337,Legal Cell,SIA Completed,2019-03-13,2019-03-23,10,False
21-026-018-182337,Land Acquisition Officer,SIA Completed,2019-03-23,2019-05-31,69,False
21-026-018-182337,R&R Cell,SIA Completed,2019-05-31,2019-08-27,88,False
21-026-018-182337,Tehsildar,SIA Completed,2019-08-27,2019-09-10,14,False
21-026-018-182337,Revenue Divisional Officer,SIA Completed,2019-09-10,2020-01-02,114,False
21-026-018-182337,Treasury / PFMS,SIA Completed,2020-01-02,2020-02-10,39,False
21-026-018-182337,District Collector,SIA Completed,2020-02-10,,20,True
21-005-015-892443,R&R Cell,Compensation Disbursement,2022-07-21,2022-08-02,12,False
21-005-015-892443,Legal Cell,Compensation Disbursement,2022-08-02,2022-08-22,20,False
21-005-015-892443,District Collector,Compensation Disbursement,2022-08-22,2022-10-20,59,False
21-005-015-892443,Land Acquisition Officer,Compensation Disbursement,2022-10-20,2022-11-19,30,False
21-005-015-892443,Revenue Divisional Officer,Compensation Disbursement,2022-11-19,2022-12-10,21,False
21-005-015-892443,Tehsildar,Compensation Disbursement,2022-12-10,,107,True
22-018-019-687038,Land Acquisition Officer,Award Declared,2019-10-20,2020-02-03,106,False
22-018-019-687038,Treasury / PFMS,Award Declared,2020-02-03,2020-02-27,24,False
22-018-019-687038,Revenue Divisional Officer,Award Declared,2020-02-27,,41,True
22-002-005-605965,District Collector,Section 11 Notification Issued,2020-11-01,2021-02-19,110,False
22-002-005-605965,Land Acquisition Officer,Section 11 Notification Issued,2021-02-19,2021-04-03,43,False
22-002-005-605965,Treasury / PFMS,Section 11 Notification Issued,2021-04-03,2021-05-14,41,False
22-002-005-605965,Revenue Divisional Officer,Section 11 Notification Issued,2021-05-14,2021-07-08,55,False
22-002-005-605965,R&R Cell,Section 11 Notification Issued,2021-07-08,2021-09-16,70,False
22-002-005-605965,Tehsildar,Section 11 Notification Issued,2021-09-16,2021-09-22,6,False
22-002-005-605965,Legal Cell,Section 11 Notification Issued,2021-09-22,,194,True
22-014-017-781394,Tehsildar,Section 11 Notification Issued,2022-11-29,2022-12-18,19,False
22-014-017-781394,Legal Cell,Section 11 Notification Issued,2022-12-18,2022-12-20,2,False
22-014-017-781394,Revenue Divisional Officer,Section 11 Notification Issued,2022-12-20,2022-12-26,6,False
22-014-017-781394,District Collector,Section 11 Notification Issued,2022-12-26,2022-12-30,4,False
22-014-017-781394,Land Acquisition Officer,Section 11 Notification Issued,2022-12-30,2023-01-09,10,False
22-014-017-781394,Treasury / PFMS,Section 11 Notification Issued,2023-01-09,2023-01-29,20,False
22-014-017-781394,R&R Cell,Section 11 Notification Issued,2023-01-29,,4,True
27-037-015-156208,Land Acquisition Officer,Possession Taken,2019-03-03,2019-03-05,2,False
27-037-015-156208,Legal Cell,Possession Taken,2019-03-05,2019-03-15,10,False
27-037-015-156208,Tehsildar,Possession Taken,2019-03-15,2019-04-22,38,False
27-037-015-156208,R&R Cell,Possession Taken,2019-04-22,,121,True
09-015-021-965587,District Collector,R&R Implementation,2020-09-22,2020-10-21,29,False
09-015-021-965587,Tehsildar,R&R Implementation,2020-10-21,2020-12-06,46,False
09-015-021-965587,Revenue Divisional Officer,R&R Implementation,2020-12-06,2020-12-11,5,False
09-015-021-965587,Legal Cell,R&R Implementation,2020-12-11,2021-01-18,38,False
09-015-021-965587,Treasury / PFMS,R&R Implementation,2021-01-18,2021-02-12,25,False
09-015-021-965587,Land Acquisition Officer,R&R Implementation,2021-02-12,,105,True
22-018-007-427108,Legal Cell,Award Declared,2020-12-24,2021-03-10,76,False
22-018-007-427108,District Collector,Award Declared,2021-03-10,2021-07-23,135,False
22-018-007-427108,R&R Cell,Award Declared,2021-07-23,2021-08-19,27,False
22-018-007-427108,Treasury / PFMS,Award Declared,2021-08-19,2022-02-06,171,False
22-018-007-427108,Land Acquisition Officer,Award Declared,2022-02-06,2022-07-05,149,False
22-018-007-427108,Tehsildar,Award Declared,2022-07-05,,84,True
22-018-014-243421,R&R Cell,Section 11 Notification Issued,2022-03-27,2022-06-24,89,False
22-018-014-243421,Legal Cell,Section 11 Notification Issued,2022-06-24,2022-09-15,83,False
22-018-014-243421,Revenue Divisional Officer,Section 11 Notification Issued,2022-09-15,2022-09-17,2,False
22-018-014-243421,Land Acquisition Officer,Section 11 Notification Issued,2022-09-17,,94,True
23-004-019-012227,Land Acquisition Officer,R&R Implementation,2023-01-07,2023-01-11,4,False
23-004-019-012227,Tehsildar,R&R Implementation,2023-01-11,2023-01-16,5,False
23-004-019-012227,Revenue Divisional Officer,R&R Implementation,2023-01-16,2023-03-19,62,False
23-004-019-012227,Legal Cell,R&R Implementation,2023-03-19,2023-06-03,76,False
23-004-019-012227,R&R Cell,R&R Implementation,2023-06-03,,22,True
36-011-016-832685,Legal Cell,SIA Completed,2019-11-08,2020-01-27,80,False
36-011-016-832685,Land Acquisition Officer,SIA Completed,2020-01-27,2020-02-19,23,False
36-011-016-832685,R&R Cell,SIA Completed,2020-02-19,2020-03-25,35,False
36-011-016-832685,Revenue Divisional Officer,SIA Completed,2020-03-25,,279,True
22-009-004-262101,Land Acquisition Officer,Compensation Disbursement,2021-07-13,2021-08-27,45,False
22-009-004-262101,District Collector,Compensation Disbursement,2021-08-27,2021-08-30,3,False
22-009-004-262101,R&R Cell,Compensation Disbursement,2021-08-30,2021-09-04,5,False
22-009-004-262101,Tehsildar,Compensation Disbursement,2021-09-04,,9,True
27-013-010-520668,Legal Cell,Possession Taken,2023-10-21,2023-12-10,50,False
27-013-010-520668,R&R Cell,Possession Taken,2023-12-10,2024-02-04,56,False
27-013-010-520668,Land Acquisition Officer,Possession Taken,2024-02-04,2024-03-07,32,False
27-013-010-520668,District Collector,Possession Taken,2024-03-07,2024-10-08,215,False
27-013-010-520668,Treasury / PFMS,Possession Taken,2024-10-08,,118,True
29-018-001-407034,Tehsildar,Section 11 Notification Issued,2023-12-25,2024-01-01,7,False
29-018-001-407034,Treasury / PFMS,Section 11 Notification Issued,2024-01-01,2024-03-14,73,False
29-018-001-407034,District Collector,Section 11 Notification Issued,2024-03-14,2024-05-03,50,False
29-018-001-407034,R&R Cell,Section 11 Notification Issued,2024-05-03,,166,True
27-025-006-340067,District Collector,Section 11 Notification Issued,2021-07-05,2021-08-04,30,False
27-025-006-340067,Legal Cell,Section 11 Notification Issued,2021-08-04,2021-10-13,70,False
27-025-006-340067,Tehsildar,Section 11 Notification Issued,2021-10-13,2022-01-01,80,False
27-025-006-340067,R&R Cell,Section 11 Notification Issued,2022-01-01,2022-01-15,14,False
27-025-006-340067,Treasury / PFMS,Section 11 Notification Issued,2022-01-15,,341,True
22-018-005-566774,Revenue Divisional Officer,SIA Completed,2023-09-19,2023-12-28,100,False
22-018-005-566774,Treasury / PFMS,SIA Completed,2023-12-28,2024-01-05,8,False
22-018-005-566774,Legal Cell,SIA Completed,2024-01-05,2024-01-23,18,False
22-018-005-566774,District Collector,SIA Completed,2024-01-23,2024-03-13,50,False
22-018-005-566774,R&R Cell,SIA Completed,2024-03-13,,330,True
23-028-009-350448,Treasury / PFMS,Section 11 Notification Issued,2021-12-11,2022-04-16,126,False
23-028-009-350448,Legal Cell,Section 11 Notification Issued,2022-04-16,2022-07-06,81,False
23-028-009-350448,Land Acquisition Officer,Section 11 Notification Issued,2022-07-06,2022-07-22,16,False
23-028-009-350448,Tehsildar,Section 11 Notification Issued,2022-07-22,2022-12-03,134,False
23-028-009-350448,District Collector,Section 11 Notification Issued,2022-12-03,2022-12-08,5,False
23-028-009-350448,Revenue Divisional Officer,Section 11 Notification Issued,2022-12-08,,3,True
21-005-017-162591,Legal Cell,Award Declared,2023-01-23,2023-04-19,86,False
21-005-017-162591,Tehsildar,Award Declared,2023-04-19,2023-06-30,72,False
21-005-017-162591,R&R Cell,Award Declared,2023-06-30,2023-08-27,58,False
21-005-017-162591,Land Acquisition Officer,Award Declared,2023-08-27,2023-09-08,12,False
21-005-017-162591,Treasury / PFMS,Award Declared,2023-09-08,,120,True
36-027-012-002012,R&R Cell,Section 11 Notification Issued,2020-12-27,2021-01-30,34,False
36-027-012-002012,District Collector,Section 11 Notification Issued,2021-01-30,2021-02-11,12,False
36-027-012-002012,Legal Cell,Section 11 Notification Issued,2021-02-11,2021-07-09,148,False
36-027-012-002012,Tehsildar,Section 11 Notification Issued,2021-07-09,2021-08-21,43,False
36-027-012-002012,Revenue Divisional Officer,Section 11 Notification Issued,2021-08-21,2021-10-04,44,False
36-027-012-002012,Treasury / PFMS,Section 11 Notification Issued,2021-10-04,2021-10-06,2,False
36-027-012-002012,Land Acquisition Officer,Section 11 Notification Issued,2021-10-06,,167,True
27-013-023-243010,Revenue Divisional Officer,SIA Completed,2021-05-06,2021-07-02,57,False
27-013-023-243010,Treasury / PFMS,SIA Completed,2021-07-02,2021-07-29,27,False
27-013-023-243010,R&R Cell,SIA Completed,2021-07-29,2021-10-12,75,False
27-013-023-243010,Land Acquisition Officer,SIA Completed,2021-10-12,2021-12-10,59,False
27-013-023-243010,District Collector,SIA Completed,2021-12-10,2022-02-24,76,False
27-013-023-243010,Tehsildar,SIA Completed,2022-02-24,2022-06-20,116,False
27-013-023-243010,Legal Cell,SIA Completed,2022-06-20,,218,True
29-022-011-013199,Revenue Divisional Officer,Award Declared,2022-08-11,2022-09-17,37,False
29-022-011-013199,Land Acquisition Officer,Award Declared,2022-09-17,2022-12-08,82,False
29-022-011-013199,Legal Cell,Award Declared,2022-12-08,2022-12-18,10,False
29-022-011-013199,Treasury / PFMS,Award Declared,2022-12-18,,235,True
29-009-013-663209,Treasury / PFMS,Award Declared,2020-03-14,2020-03-22,8,False
29-009-013-663209,District Collector,Award Declared,2020-03-22,2020-03-28,6,False
29-009-013-663209,Revenue Divisional Officer,Award Declared,2020-03-28,2020-05-25,58,False
29-009-013-663209,Tehsildar,Award Declared,2020-05-25,,41,True
33-031-001-407630,Treasury / PFMS,R&R Implementation,2020-12-06,2020-12-22,16,False
33-031-001-407630,Revenue Divisional Officer,R&R Implementation,2020-12-22,2021-04-20,119,False
33-031-001-407630,District Collector,R&R Implementation,2021-04-20,2021-04-22,2,False
33-031-001-407630,Legal Cell,R&R Implementation,2021-04-22,2021-05-19,27,False
33-031-001-407630,Tehsildar,R&R Implementation,2021-05-19,,26,True
33-045-014-160020,R&R Cell,Award Declared,2022-04-06,2022-09-27,174,False
33-045-014-160020,Land Acquisition Officer,Award Declared,2022-09-27,2023-01-18,113,False
33-045-014-160020,District Collector,Award Declared,2023-01-18,2023-01-21,3,False
33-045-014-160020,Tehsildar,Award Declared,2023-01-21,2023-01-29,8,False
33-045-014-160020,Treasury / PFMS,Award Declared,2023-01-29,2023-03-05,35,False
33-045-014-160020,Revenue Divisional Officer,Award Declared,2023-03-05,2023-03-09,4,False
33-045-014-160020,Legal Cell,Award Declared,2023-03-09,,118,True
33-045-009-108717,Tehsildar,Possession Taken,2023-07-11,2024-03-05,238,False
33-045-009-108717,Legal Cell,Possession Taken,2024-03-05,2024-03-09,4,False
33-045-009-108717,Treasury / PFMS,Possession Taken,2024-03-09,2024-06-23,106,False
33-045-009-108717,Revenue Divisional Officer,Possession Taken,2024-06-23,,59,True
22-014-009-741647,Treasury / PFMS,Compensation Disbursement,2023-07-23,2023-09-15,54,False
22-014-009-741647,Revenue Divisional Officer,Compensation Disbursement,2023-09-15,2023-12-09,85,False
22-014-009-741647,R&R Cell,Compensation Disbursement,2023-12-09,2023-12-27,18,False
22-014-009-741647,District Collector,Compensation Disbursement,2023-12-27,2024-03-03,67,False
22-014-009-741647,Legal Cell,Compensation Disbursement,2024-03-03,2024-04-29,57,False
22-014-009-741647,Tehsildar,Compensation Disbursement,2024-04-29,,77,True
22-002-017-463019,R&R Cell,Compensation Disbursement,2020-02-26,2020-05-09,73,False
22-002-017-463019,Revenue Divisional Officer,Compensation Disbursement,2020-05-09,2020-08-09,92,False
22-002-017-463019,District Collector,Compensation Disbursement,2020-08-09,2020-09-26,48,False
22-002-017-463019,Land Acquisition Officer,Compensation Disbursement,2020-09-26,2021-01-08,104,False
22-002-017-463019,Legal Cell,Compensation Disbursement,2021-01-08,2021-06-17,160,False
22-002-017-463019,Treasury / PFMS,Compensation Disbursement,2021-06-17,,124,True
33-014-011-860752,Revenue Divisional Officer,R&R Implementation,2023-06-14,2023-06-23,9,False
33-014-011-860752,R&R Cell,R&R Implementation,2023-06-23,2023-07-20,27,False
33-014-011-860752,District Collector,R&R Implementation,2023-07-20,2023-08-27,38,False
33-014-011-860752,Tehsildar,R&R Implementation,2023-08-27,,62,True
33-023-007-616189,Tehsildar,Compensation Disbursement,2023-08-31,2024-01-15,137,False
33-023-007-616189,Treasury / PFMS,Compensation Disbursement,2024-01-15,2024-04-29,105,False
33-023-007-616189,R&R Cell,Compensation Disbursement,2024-04-29,,79,True
09-044-008-240799,R&R Cell,Section 11 Notification Issued,2023-08-19,2023-09-09,21,False
09-044-008-240799,Revenue Divisional Officer,Section 11 Notification Issued,2023-09-09,2023-12-09,91,False
09-044-008-240799,Treasury / PFMS,Section 11 Notification Issued,2023-12-09,2024-01-08,30,False
09-044-008-240799,Legal Cell,Section 11 Notification Issued,2024-01-08,2024-04-12,95,False
09-044-008-240799,Tehsildar,Section 11 Notification Issued,2024-04-12,2024-09-26,167,False
09-044-008-240799,District Collector,Section 11 Notification Issued,2024-09-26,,44,True
29-022-015-483322,Tehsildar,Possession Taken,2021-10-01,2021-10-14,13,False
29-022-015-483322,Legal Cell,Possession Taken,2021-10-14,2021-12-24,71,False
29-022-015-483322,Land Acquisition Officer,Possession Taken,2021-12-24,2022-02-18,56,False
29-022-015-483322,R&R Cell,Possession Taken,2022-02-18,,74,True
22-009-014-008304,Revenue Divisional Officer,Award Declared,2022-08-08,2022-10-23,76,False
22-009-014-008304,Legal Cell,Award Declared,2022-10-23,2022-11-10,18,False
22-009-014-008304,Tehsildar,Award Declared,2022-11-10,2022-11-13,3,False
22-009-014-008304,R&R Cell,Award Declared,2022-11-13,2022-12-04,21,False
22-009-014-008304,Treasury / PFMS,Award Declared,2022-12-04,2022-12-08,4,False
22-009-014-008304,Land Acquisition Officer,Award Declared,2022-12-08,,46,True
33-023-013-164968,R&R Cell,Award Declared,2019-07-10,2019-07-14,4,False
33-023-013-164968,District Collector,Award Declared,2019-07-14,2019-07-24,10,False
33-023-013-164968,Legal Cell,Award Declared,2019-07-24,2019-08-05,12,False
33-023-013-164968,Treasury / PFMS,Award Declared,2019-08-05,2019-09-10,36,False
33-023-013-164968,Tehsildar,Award Declared,2019-09-10,2019-10-18,38,False
33-023-013-164968,Land Acquisition Officer,Award Declared,2019-10-18,,104,True
36-019-016-909493,Land Acquisition Officer,Award Declared,2019-02-21,2019-04-03,41,False
36-019-016-909493,R&R Cell,Award Declared,2019-04-03,2019-04-10,7,False
36-019-016-909493,Tehsildar,Award Declared,2019-04-10,2019-07-21,102,False
36-019-016-909493,Legal Cell,Award Declared,2019-07-21,,107,True
22-002-010-292044,R&R Cell,Possession Taken,2023-07-18,2023-10-11,85,False
22-002-010-292044,Revenue Divisional Officer,Possession Taken,2023-10-11,2023-10-17,6,False
22-002-010-292044,Land Acquisition Officer,Possession Taken,2023-10-17,2024-02-03,109,False
22-002-010-292044,Legal Cell,Possession Taken,2024-02-03,2024-02-14,11,False
22-002-010-292044,District Collector,Possession Taken,2024-02-14,2024-02-19,5,False
22-002-010-292044,Treasury / PFMS,Possession Taken,2024-02-19,,13,True
09-031-009-999808,R&R Cell,Section 11 Notification Issued,2021-08-26,2021-11-24,90,False
09-031-009-999808,Tehsildar,Section 11 Notification Issued,2021-11-24,2022-03-30,126,False
09-031-009-999808,Land Acquisition Officer,Section 11 Notification Issued,2022-03-30,2022-08-16,139,False
09-031-009-999808,Revenue Divisional Officer,Section 11 Notification Issued,2022-08-16,2022-12-09,115,False
09-031-009-999808,Legal Cell,Section 11 Notification Issued,2022-12-09,2022-12-11,2,False
09-031-009-999808,District Collector,Section 11 Notification Issued,2022-12-11,2023-01-21,41,False
09-031-009-999808,Treasury / PFMS,Section 11 Notification Issued,2023-01-21,,413,True
09-002-004-284613,R&R Cell,Compensation Disbursement,2022-03-24,2022-04-27,34,False
09-002-004-284613,Legal Cell,Compensation Disbursement,2022-04-27,2022-06-09,43,False
09-002-004-284613,Treasury / PFMS,Compensation Disbursement,2022-06-09,2022-10-10,123,False
09-002-004-284613,District Collector,Compensation Disbursement,2022-10-10,2022-12-05,56,False
09-002-004-284613,Revenue Divisional Officer,Compensation Disbursement,2022-12-05,2022-12-18,13,False
09-002-004-284613,Tehsildar,Compensation Disbursement,2022-12-18,,243,True
27-037-013-390322,R&R Cell,Award Declared,2020-02-08,2020-03-20,41,False
27-037-013-390322,Treasury / PFMS,Award Declared,2020-03-20,2020-03-29,9,False
27-037-013-390322,District Collector,Award Declared,2020-03-29,2020-04-18,20,False
27-037-013-390322,Tehsildar,Award Declared,2020-04-18,2020-05-01,13,False
27-037-013-390322,Legal Cell,Award Declared,2020-05-01,,7,True
33-023-012-198673,District Collector,Award Declared,2023-09-22,2023-09-27,5,False
33-023-012-198673,Tehsildar,Award Declared,2023-09-27,2023-10-02,5,False
33-023-012-198673,Revenue Divisional Officer,Award Declared,2023-10-02,2024-02-04,125,False
33-023-012-198673,Legal Cell,Award Declared,2024-02-04,2024-02-24,20,False
33-023-012-198673,Land Acquisition Officer,Award Declared,2024-02-24,2024-04-09,45,False
33-023-012-198673,Treasury / PFMS,Award Declared,2024-04-09,2024-05-03,24,False
33-023-012-198673,R&R Cell,Award Declared,2024-05-03,,140,True
29-022-018-747654,District Collector,Compensation Disbursement,2020-01-22,2020-03-30,68,False
29-022-018-747654,Treasury / PFMS,Compensation Disbursement,2020-03-30,2020-07-23,115,False
29-022-018-747654,Tehsildar,Compensation Disbursement,2020-07-23,,19,True
33-014-012-988183,Revenue Divisional Officer,R&R Implementation,2023-12-16,2024-02-01,47,False
33-014-012-988183,R&R Cell,R&R Implementation,2024-02-01,2024-02-04,3,False
33-014-012-988183,Tehsildar,R&R Implementation,2024-02-04,2024-03-10,35,False
33-014-012-988183,Legal Cell,R&R Implementation,2024-03-10,2024-03-27,17,False
33-014-012-988183,District Collector,R&R Implementation,2024-03-27,,116,True
09-031-010-551779,Revenue Divisional Officer,R&R Implementation,2019-08-12,2019-12-16,126,False
09-031-010-551779,District Collector,R&R Implementation,2019-12-16,2019-12-29,13,False
09-031-010-551779,R&R Cell,R&R Implementation,2019-12-29,2020-02-25,58,False
09-031-010-551779,Land Acquisition Officer,R&R Implementation,2020-02-25,,114,True
36-011-021-472394,Revenue Divisional Officer,SIA Completed,2022-01-01,2022-03-21,79,False
36-011-021-472394,Treasury / PFMS,SIA Completed,2022-03-21,2022-05-03,43,False
36-011-021-472394,Tehsildar,SIA Completed,2022-05-03,2022-07-06,64,False
36-011-021-472394,Legal Cell,SIA Completed,2022-07-06,2022-07-10,4,False
36-011-021-472394,District Collector,SIA Completed,2022-07-10,2022-10-01,83,False
36-011-021-472394,R&R Cell,SIA Completed,2022-10-01,2022-10-10,9,False
36-011-021-472394,Land Acquisition Officer,SIA Completed,2022-10-10,,66,True
23-028-021-892002,Tehsildar,Section 11 Notification Issued,2022-08-17,2022-08-22,5,False
23-028-021-892002,Revenue Divisional Officer,Section 11 Notification Issued,2022-08-22,2023-01-01,132,False
23-028-021-892002,District Collector,Section 11 Notification Issued,2023-01-01,2023-01-11,10,False
23-028-021-892002,Legal Cell,Section 11 Notification Issued,2023-01-11,,227,True
23-033-016-644629,Treasury / PFMS,Section 11 Notification Issued,2021-04-18,2021-09-17,152,False
23-033-016-644629,Revenue Divisional Officer,Section 11 Notification Issued,2021-09-17,2021-12-03,77,False
23-033-016-644629,Land Acquisition Officer,Section 11 Notification Issued,2021-12-03,2021-12-12,9,False
23-033-016-644629,Legal Cell,Section 11 Notification Issued,2021-12-12,2021-12-17,5,False
23-033-016-644629,Tehsildar,Section 11 Notification Issued,2021-12-17,2021-12-30,13,False
23-033-016-644629,R&R Cell,Section 11 Notification Issued,2021-12-30,2022-02-04,36,False
23-033-016-644629,District Collector,Section 11 Notification Issued,2022-02-04,,184,True
23-004-012-503573,Legal Cell,SIA Completed,2021-07-30,2022-02-01,186,False
23-004-012-503573,Revenue Divisional Officer,SIA Completed,2022-02-01,2022-08-13,193,False
23-004-012-503573,District Collector,SIA Completed,2022-08-13,2022-08-25,12,False
23-004-012-503573,Land Acquisition Officer,SIA Completed,2022-08-25,2022-08-27,2,False
23-004-012-503573,R&R Cell,SIA Completed,2022-08-27,,87,True
36-011-018-687163,Land Acquisition Officer,Possession Taken,2021-04-18,2021-05-16,28,False
36-011-018-687163,Tehsildar,Possession Taken,2021-05-16,2021-06-28,43,False
36-011-018-687163,Legal Cell,Possession Taken,2021-06-28,2021-10-31,125,False
36-011-018-687163,Treasury / PFMS,Possession Taken,2021-10-31,2022-02-11,103,False
36-011-018-687163,District Collector,Possession Taken,2022-02-11,,69,True
29-009-013-979296,Treasury / PFMS,Compensation Disbursement,2020-02-04,2020-02-26,22,False
29-009-013-979296,R&R Cell,Compensation Disbursement,2020-02-26,2020-03-09,12,False
29-009-013-979296,Land Acquisition Officer,Compensation Disbursement,2020-03-09,,174,True
22-002-022-310918,Revenue Divisional Officer,Compensation Disbursement,2019-10-14,2019-11-23,40,False
22-002-022-310918,Tehsildar,Compensation Disbursement,2019-11-23,2019-12-06,13,False
22-002-022-310918,District Collector,Compensation Disbursement,2019-12-06,2020-01-24,49,False
22-002-022-310918,Land Acquisition Officer,Compensation Disbursement,2020-01-24,2020-03-04,40,False
22-002-022-310918,Treasury / PFMS,Compensation Disbursement,2020-03-04,2020-03-17,13,False
22-002-022-310918,R&R Cell,Compensation Disbursement,2020-03-17,2020-03-28,11,False
22-002-022-310918,Legal Cell,Compensation Disbursement,2020-03-28,,54,True
23-016-021-366099,Revenue Divisional Officer,Possession Taken,2019-06-19,2019-06-24,5,False
23-016-021-366099,Tehsildar,Possession Taken,2019-06-24,2019-09-13,81,False
23-016-021-366099,Land Acquisition Officer,Possession Taken,2019-09-13,2020-01-06,115,False
23-016-021-366099,District Collector,Possession Taken,2020-01-06,2020-02-11,36,False
23-016-021-366099,Legal Cell,Possession Taken,2020-02-11,2020-03-28,46,False
23-016-021-366099,R&R Cell,Possession Taken,2020-03-28,,71,True
33-023-020-563851,Legal Cell,Award Declared,2022-08-12,2023-04-19,250,False
33-023-020-563851,R&R Cell,Award Declared,2023-04-19,2023-08-05,108,False
33-023-020-563851,Land Acquisition Officer,Award Declared,2023-08-05,,183,True
27-037-006-607466,District Collector,SIA Completed,2022-03-01,2022-03-08,7,False
27-037-006-607466,Tehsildar,SIA Completed,2022-03-08,2022-05-04,57,False
27-037-006-607466,Treasury / PFMS,SIA Completed,2022-05-04,2022-05-07,3,False
27-037-006-607466,Land Acquisition Officer,SIA Completed,2022-05-07,2022-05-27,20,False
27-037-006-607466,R&R Cell,SIA Completed,2022-05-27,,294,True
23-028-018-084890,Land Acquisition Officer,Compensation Disbursement,2021-08-12,2021-10-06,55,False
23-028-018-084890,District Collector,Compensation Disbursement,2021-10-06,2021-11-19,44,False
23-028-018-084890,R&R Cell,Compensation Disbursement,2021-11-19,2022-02-24,97,False
23-028-018-084890,Tehsildar,Compensation Disbursement,2022-02-24,2022-03-05,9,False
23-028-018-084890,Treasury / PFMS,Compensation Disbursement,2022-03-05,2022-04-27,53,False
23-028-018-084890,Legal Cell,Compensation Disbursement,2022-04-27,,19,True
29-022-006-882933,Land Acquisition Officer,Award Declared,2023-06-04,2023-08-07,64,False
29-022-006-882933,Tehsildar,Award Declared,2023-08-07,2023-09-23,47,False
29-022-006-882933,Treasury / PFMS,Award Declared,2023-09-23,2023-09-29,6,False
29-022-006-882933,Revenue Divisional Officer,Award Declared,2023-09-29,,302,True
36-003-024-033546,Legal Cell,Possession Taken,2020-12-13,2021-05-02,140,False
36-003-024-033546,District Collector,Possession Taken,2021-05-02,2021-05-12,10,False
36-003-024-033546,Tehsildar,Possession Taken,2021-05-12,2021-09-28,139,False
36-003-024-033546,R&R Cell,Possession Taken,2021-09-28,,74,True
23-004-005-460454,District Collector,R&R Implementation,2022-08-03,2022-08-13,10,False
23-004-005-460454,Land Acquisition Officer,R&R Implementation,2022-08-13,2022-09-24,42,False
23-004-005-460454,Treasury / PFMS,R&R Implementation,2022-09-24,2022-12-18,85,False
23-004-005-460454,Tehsildar,R&R Implementation,2022-12-18,,131,True
27-001-004-922750,Treasury / PFMS,SIA Completed,2021-02-11,2021-02-13,2,False
27-001-004-922750,R&R Cell,SIA Completed,2021-02-13,2021-03-04,19,False
27-001-004-922750,District Collector,SIA Completed,2021-03-04,2021-04-16,43,False
27-001-004-922750,Legal Cell,SIA Completed,2021-04-16,2021-06-20,65,False
27-001-004-922750,Land Acquisition Officer,SIA Completed,2021-06-20,2021-07-02,12,False
27-001-004-922750,Revenue Divisional Officer,SIA Completed,2021-07-02,,240,True
22-009-020-067439,Revenue Divisional Officer,R&R Implementation,2023-02-26,2023-02-28,2,False
22-009-020-067439,R&R Cell,R&R Implementation,2023-02-28,2023-03-16,16,False
22-009-020-067439,Treasury / PFMS,R&R Implementation,2023-03-16,2023-04-24,39,False
22-009-020-067439,Legal Cell,R&R Implementation,2023-04-24,2023-09-01,130,False
22-009-020-067439,Tehsildar,R&R Implementation,2023-09-01,,323,True
22-018-001-716122,Tehsildar,Compensation Disbursement,2022-06-25,2022-09-12,79,False
22-018-001-716122,Land Acquisition Officer,Compensation Disbursement,2022-09-12,2023-01-21,131,False
22-018-001-716122,District Collector,Compensation Disbursement,2023-01-21,2023-02-24,34,False
22-018-001-716122,Revenue Divisional Officer,Compensation Disbursement,2023-02-24,2023-04-25,60,False
22-018-001-716122,Treasury / PFMS,Compensation Disbursement,2023-04-25,2023-05-03,8,False
22-018-001-716122,R&R Cell,Compensation Disbursement,2023-05-03,,124,True
36-003-023-854605,District Collector,Award Declared,2020-11-04,2020-12-28,54,False
36-003-023-854605,Revenue Divisional Officer,Award Declared,2020-12-28,2021-01-13,16,False
36-003-023-854605,Tehsildar,Award Declared,2021-01-13,2021-02-13,31,False
36-003-023-854605,Land Acquisition Officer,Award Declared,2021-02-13,2021-02-17,4,False
36-003-023-854605,R&R Cell,Award Declared,2021-02-17,,191,True
22-018-002-476787,Treasury / PFMS,Possession Taken,2021-10-22,2022-07-21,272,False
22-018-002-476787,Legal Cell,Possession Taken,2022-07-21,2022-07-29,8,False
22-018-002-476787,District Collector,Possession Taken,2022-07-29,2022-10-03,66,False
22-018-002-476787,Land Acquisition Officer,Possession Taken,2022-10-03,2022-10-22,19,False
22-018-002-476787,Revenue Divisional Officer,Possession Taken,2022-10-22,2022-11-03,12,False
22-018-002-476787,Tehsildar,Possession Taken,2022-11-03,2023-01-13,71,False
22-018-002-476787,R&R Cell,Possession Taken,2023-01-13,,33,True
36-019-008-500438,Legal Cell,R&R Implementation,2022-04-20,2022-04-29,9,False
36-019-008-500438,District Collector,R&R Implementation,2022-04-29,2022-05-01,2,False
36-019-008-500438,Land Acquisition Officer,R&R Implementation,2022-05-01,2022-06-15,45,False
36-019-008-500438,R&R Cell,R&R Implementation,2022-06-15,2022-07-18,33,False
36-019-008-500438,Revenue Divisional Officer,R&R Implementation,2022-07-18,,46,True
36-019-011-175224,Revenue Divisional Officer,Possession Taken,2020-02-18,2020-03-13,24,False
36-019-011-175224,Land Acquisition Officer,Possession Taken,2020-03-13,2020-03-23,10,False
36-019-011-175224,Tehsildar,Possession Taken,2020-03-23,,94,True
21-012-011-176514,Land Acquisition Officer,Section 11 Notification Issued,2021-03-03,2021-04-06,34,False
21-012-011-176514,Revenue Divisional Officer,Section 11 Notification Issued,2021-04-06,2021-04-29,23,False
21-012-011-176514,Treasury / PFMS,Section 11 Notification Issued,2021-04-29,2021-07-05,67,False
21-012-011-176514,Legal Cell,Section 11 Notification Issued,2021-07-05,2021-09-05,62,False
21-012-011-176514,District Collector,Section 11 Notification Issued,2021-09-05,,208,True
09-015-003-087671,Land Acquisition Officer,Compensation Disbursement,2022-01-09,2022-01-20,11,False
09-015-003-087671,R&R Cell,Compensation Disbursement,2022-01-20,2022-07-12,173,False
09-015-003-087671,Revenue Divisional Officer,Compensation Disbursement,2022-07-12,2022-11-05,116,False
09-015-003-087671,Treasury / PFMS,Compensation Disbursement,2022-11-05,2022-11-13,8,False
09-015-003-087671,Legal Cell,Compensation Disbursement,2022-11-13,2023-03-03,110,False
09-015-003-087671,District Collector,Compensation Disbursement,2023-03-03,,51,True
27-037-018-096087,Tehsildar,Possession Taken,2021-08-13,2021-08-19,6,False
27-037-018-096087,R&R Cell,Possession Taken,2021-08-19,2022-01-07,141,False
27-037-018-096087,District Collector,Possession Taken,2022-01-07,2022-04-13,96,False
27-037-018-096087,Land Acquisition Officer,Possession Taken,2022-04-13,,14,True
23-028-014-466935,Revenue Divisional Officer,Award Declared,2019-11-08,2019-11-15,7,False
23-028-014-466935,District Collector,Award Declared,2019-11-15,2020-01-24,70,False
23-028-014-466935,R&R Cell,Award Declared,2020-01-24,2020-03-03,39,False
23-028-014-466935,Treasury / PFMS,Award Declared,2020-03-03,2020-03-23,20,False
23-028-014-466935,Legal Cell,Award Declared,2020-03-23,2020-06-02,71,False
23-028-014-466935,Tehsildar,Award Declared,2020-06-02,,37,True
22-009-011-853396,District Collector,SIA Completed,2020-10-07,2020-11-20,44,False
22-009-011-853396,R&R Cell,SIA Completed,2020-11-20,2021-01-13,54,False
22-009-011-853396,Revenue Divisional Officer,SIA Completed,2021-01-13,2021-06-07,145,False
22-009-011-853396,Tehsildar,SIA Completed,2021-06-07,2021-06-20,13,False
22-009-011-853396,Treasury / PFMS,SIA Completed,2021-06-20,2021-08-10,51,False
22-009-011-853396,Land Acquisition Officer,SIA Completed,2021-08-10,2021-09-05,26,False
22-009-011-853396,Legal Cell,SIA Completed,2021-09-05,,69,True
21-019-002-291996,Revenue Divisional Officer,Possession Taken,2019-03-10,2019-03-28,18,False
21-019-002-291996,District Collector,Possession Taken,2019-03-28,2019-03-30,2,False
21-019-002-291996,R&R Cell,Possession Taken,2019-03-30,2019-05-22,53,False
21-019-002-291996,Land Acquisition Officer,Possession Taken,2019-05-22,2019-07-20,59,False
21-019-002-291996,Legal Cell,Possession Taken,2019-07-20,,75,True
22-002-023-768360,Revenue Divisional Officer,Possession Taken,2020-04-11,2020-05-06,25,False
22-002-023-768360,Land Acquisition Officer,Possession Taken,2020-05-06,2020-07-26,81,False
22-002-023-768360,Treasury / PFMS,Possession Taken,2020-07-26,2020-08-13,18,False
22-002-023-768360,District Collector,Possession Taken,2020-08-13,2020-10-01,49,False
22-002-023-768360,Tehsildar,Possession Taken,2020-10-01,,29,True
22-018-001-023764,R&R Cell,Compensation Disbursement,2021-03-15,2021-05-19,65,False
22-018-001-023764,Revenue Divisional Officer,Compensation Disbursement,2021-05-19,2021-06-01,13,False
22-018-001-023764,Legal Cell,Compensation Disbursement,2021-06-01,2021-06-05,4,False
22-018-001-023764,Tehsildar,Compensation Disbursement,2021-06-05,2021-07-05,30,False
22-018-001-023764,Land Acquisition Officer,Compensation Disbursement,2021-07-05,2021-07-14,9,False
22-018-001-023764,District Collector,Compensation Disbursement,2021-07-14,,25,True
29-022-004-891765,Land Acquisition Officer,Section 11 Notification Issued,2023-02-16,2023-03-02,14,False
29-022-004-891765,Tehsildar,Section 11 Notification Issued,2023-03-02,2023-03-14,12,False
29-022-004-891765,Treasury / PFMS,Section 11 Notification Issued,2023-03-14,2023-06-04,82,False
29-022-004-891765,Revenue Divisional Officer,Section 11 Notification Issued,2023-06-04,,62,True
21-012-021-517164,Tehsildar,Section 11 Notification Issued,2020-01-22,2020-02-11,20,False
21-012-021-517164,Treasury / PFMS,Section 11 Notification Issued,2020-02-11,2020-02-28,17,False
21-012-021-517164,Land Acquisition Officer,Section 11 Notification Issued,2020-02-28,2020-04-20,52,False
21-012-021-517164,R&R Cell,Section 11 Notification Issued,2020-04-20,2020-06-04,45,False
21-012-021-517164,District Collector,Section 11 Notification Issued,2020-06-04,,49,True
33-045-005-983657,R&R Cell,Award Declared,2022-02-26,2022-04-08,41,False
33-045-005-983657,Land Acquisition Officer,Award Declared,2022-04-08,2022-05-25,47,False
33-045-005-983657,Legal Cell,Award Declared,2022-05-25,2022-05-27,2,False
33-045-005-983657,Treasury / PFMS,Award Declared,2022-05-27,2022-09-29,125,False
33-045-005-983657,Tehsildar,Award Declared,2022-09-29,2023-01-26,119,False
33-045-005-983657,District Collector,Award Declared,2023-01-26,2023-07-15,170,False
33-045-005-983657,Revenue Divisional Officer,Award Declared,2023-07-15,,30,True
09-015-009-345447,Tehsildar,SIA Completed,2022-05-28,2022-07-04,37,False
09-015-009-345447,Legal Cell,SIA Completed,2022-07-04,2022-08-21,48,False
09-015-009-345447,Treasury / PFMS,SIA Completed,2022-08-21,2022-10-31,71,False
09-015-009-345447,Revenue Divisional Officer,SIA Completed,2022-10-31,,172,True
33-023-021-091857,Land Acquisition Officer,Possession Taken,2019-09-12,2019-09-25,13,False
33-023-021-091857,Treasury / PFMS,Possession Taken,2019-09-25,2019-10-06,11,False
33-023-021-091857,Tehsildar,Possession Taken,2019-10-06,,94,True
27-001-009-050185,Revenue Divisional Officer,R&R Implementation,2021-02-06,2021-04-02,55,False
27-001-009-050185,R&R Cell,R&R Implementation,2021-04-02,2021-04-24,22,False
27-001-009-050185,Treasury / PFMS,R&R Implementation,2021-04-24,2021-06-05,42,False
27-001-009-050185,Tehsildar,R&R Implementation,2021-06-05,2021-06-08,3,False
27-001-009-050185,Legal Cell,R&R Implementation,2021-06-08,,18,True
21-005-012-977271,District Collector,Compensation Disbursement,2020-03-06,2020-03-21,15,False
21-005-012-977271,Revenue Divisional Officer,Compensation Disbursement,2020-03-21,2020-05-24,64,False
21-005-012-977271,Tehsildar,Compensation Disbursement,2020-05-24,2020-07-23,60,False
21-005-012-977271,Land Acquisition Officer,Compensation Disbursement,2020-07-23,2020-11-12,112,False
21-005-012-977271,Treasury / PFMS,Compensation Disbursement,2020-11-12,,43,True
23-004-017-758244,Treasury / PFMS,Award Declared,2023-06-21,2023-07-09,18,False
23-004-017-758244,Legal Cell,Award Declared,2023-07-09,2023-08-06,28,False
23-004-017-758244,Land Acquisition Officer,Award Declared,2023-08-06,2023-09-23,48,False
23-004-017-758244,District Collector,Award Declared,2023-09-23,,100,True
21-012-012-264754,Revenue Divisional Officer,Award Declared,2019-12-31,2020-05-12,133,False
21-012-012-264754,Land Acquisition Officer,Award Declared,2020-05-12,2020-09-26,137,False
21-012-012-264754,R&R Cell,Award Declared,2020-09-26,2020-12-05,70,False
21-012-012-264754,Treasury / PFMS,Award Declared,2020-12-05,,105,True
29-009-002-673400,Tehsildar,Compensation Disbursement,2022-10-17,2022-11-09,23,False
29-009-002-673400,Land Acquisition Officer,Compensation Disbursement,2022-11-09,2022-12-03,24,False
29-009-002-673400,District Collector,Compensation Disbursement,2022-12-03,2023-02-10,69,False
29-009-002-673400,R&R Cell,Compensation Disbursement,2023-02-10,2023-02-12,2,False
29-009-002-673400,Treasury / PFMS,Compensation Disbursement,2023-02-12,2023-03-31,47,False
29-009-002-673400,Legal Cell,Compensation Disbursement,2023-03-31,,115,True
36-011-020-606190,District Collector,SIA Completed,2023-05-31,2023-08-03,64,False
36-011-020-606190,Land Acquisition Officer,SIA Completed,2023-08-03,2023-10-25,83,False
36-011-020-606190,Tehsildar,SIA Completed,2023-10-25,2023-12-17,53,False
36-011-020-606190,Treasury / PFMS,SIA Completed,2023-12-17,2024-05-22,157,False
36-011-020-606190,Legal Cell,SIA Completed,2024-05-22,2024-06-25,34,False
36-011-020-606190,R&R Cell,SIA Completed,2024-06-25,,3,True
36-011-001-148953,Tehsildar,Award Declared,2020-04-03,2020-05-14,41,False
36-011-001-148953,Land Acquisition Officer,Award Declared,2020-05-14,2020-06-28,45,False
36-011-001-148953,Treasury / PFMS,Award Declared,2020-06-28,,35,True
36-003-009-708559,R&R Cell,Section 11 Notification Issued,2023-09-06,2023-11-24,79,False
36-003-009-708559,Revenue Divisional Officer,Section 11 Notification Issued,2023-11-24,2023-11-27,3,False
36-003-009-708559,Tehsildar,Section 11 Notification Issued,2023-11-27,,30,True
23-004-018-841296,District Collector,SIA Completed,2023-10-23,2023-11-08,16,False
23-004-018-841296,Land Acquisition Officer,SIA Completed,2023-11-08,2024-02-25,109,False
23-004-018-841296,Revenue Divisional Officer,SIA Completed,2024-02-25,2024-07-25,151,False
23-004-018-841296,R&R Cell,SIA Completed,2024-07-25,2024-08-21,27,False
23-004-018-841296,Legal Cell,SIA Completed,2024-08-21,,153,True
27-037-019-721758,R&R Cell,SIA Completed,2020-04-17,2020-06-16,60,False
27-037-019-721758,Land Acquisition Officer,SIA Completed,2020-06-16,2021-01-24,222,False
27-037-019-721758,Legal Cell,SIA Completed,2021-01-24,,76,True
36-011-020-139805,R&R Cell,Section 11 Notification Issued,2021-09-10,2022-01-11,123,False
36-011-020-139805,District Collector,Section 11 Notification Issued,2022-01-11,2022-01-23,12,False
36-011-020-139805,Land Acquisition Officer,Section 11 Notification Issued,2022-01-23,2022-03-10,46,False
36-011-020-139805,Tehsildar,Section 11 Notification Issued,2022-03-10,2022-04-02,23,False
36-011-020-139805,Legal Cell,Section 11 Notification Issued,2022-04-02,2022-08-31,151,False
36-011-020-139805,Revenue Divisional Officer,Section 11 Notification Issued,2022-08-31,,60,True
29-007-013-109732,Revenue Divisional Officer,Award Declared,2023-08-23,2023-10-04,42,False
29-007-013-109732,R&R Cell,Award Declared,2023-10-04,2023-11-14,41,False
29-007-013-109732,Land Acquisition Officer,Award Declared,2023-11-14,2023-12-07,23,False
29-007-013-109732,Treasury / PFMS,Award Declared,2023-12-07,,251,True
21-005-009-621265,Tehsildar,Section 11 Notification Issued,2022-11-15,2022-11-17,2,False
21-005-009-621265,Land Acquisition Officer,Section 11 Notification Issued,2022-11-17,2022-12-23,36,False
21-005-009-621265,Legal Cell,Section 11 Notification Issued,2022-12-23,2022-12-25,2,False
21-005-009-621265,R&R Cell,Section 11 Notification Issued,2022-12-25,2023-01-12,18,False
21-005-009-621265,Treasury / PFMS,Section 11 Notification Issued,2023-01-12,2023-01-22,10,False
21-005-009-621265,Revenue Divisional Officer,Section 11 Notification Issued,2023-01-22,2023-04-02,70,False
21-005-009-621265,District Collector,Section 11 Notification Issued,2023-04-02,,119,True
29-009-010-380524,Tehsildar,Award Declared,2021-08-04,2021-12-02,120,False
29-009-010-380524,Legal Cell,Award Declared,2021-12-02,2022-06-16,196,False
29-009-010-380524,Revenue Divisional Officer,Award Declared,2022-06-16,2022-08-09,54,False
29-009-010-380524,Treasury / PFMS,Award Declared,2022-08-09,2022-09-14,36,False
29-009-010-380524,R&R Cell,Award Declared,2022-09-14,2022-09-23,9,False
29-009-010-380524,Land Acquisition Officer,Award Declared,2022-09-23,2022-11-24,62,False
29-009-010-380524,District Collector,Award Declared,2022-11-24,,210,True
27-001-013-521331,Tehsildar,Compensation Disbursement,2023-10-25,2023-12-04,40,False
27-001-013-521331,District Collector,Compensation Disbursement,2023-12-04,2024-01-23,50,False
27-001-013-521331,R&R Cell,Compensation Disbursement,2024-01-23,2024-01-26,3,False
27-001-013-521331,Revenue Divisional Officer,Compensation Disbursement,2024-01-26,2024-03-05,39,False
27-001-013-521331,Treasury / PFMS,Compensation Disbursement,2024-03-05,,53,True
22-014-006-813946,Land Acquisition Officer,Compensation Disbursement,2020-08-14,2021-01-14,153,False
22-014-006-813946,District Collector,Compensation Disbursement,2021-01-14,2021-05-21,127,False
22-014-006-813946,Treasury / PFMS,Compensation Disbursement,2021-05-21,2021-06-27,37,False
22-014-006-813946,Revenue Divisional Officer,Compensation Disbursement,2021-06-27,2022-01-12,199,False
22-014-006-813946,Legal Cell,Compensation Disbursement,2022-01-12,2022-04-28,106,False
22-014-006-813946,Tehsildar,Compensation Disbursement,2022-04-28,2022-04-30,2,False
22-014-006-813946,R&R Cell,Compensation Disbursement,2022-04-30,,38,True
33-045-012-872493,District Collector,Possession Taken,2020-04-21,2020-08-14,115,False
33-045-012-872493,Legal Cell,Possession Taken,2020-08-14,2020-08-25,11,False
33-045-012-872493,Land Acquisition Officer,Possession Taken,2020-08-25,2020-11-08,75,False
33-045-012-872493,Tehsildar,Possession Taken,2020-11-08,2021-04-18,161,False
33-045-012-872493,Treasury / PFMS,Possession Taken,2021-04-18,,73,True
22-002-001-831933,Land Acquisition Officer,Section 11 Notification Issued,2023-10-22,2023-11-19,28,False
22-002-001-831933,R&R Cell,Section 11 Notification Issued,2023-11-19,2023-12-16,27,False
22-002-001-831933,District Collector,Section 11 Notification Issued,2023-12-16,2024-03-24,99,False
22-002-001-831933,Revenue Divisional Officer,Section 11 Notification Issued,2024-03-24,2024-09-25,185,False
22-002-001-831933,Treasury / PFMS,Section 11 Notification Issued,2024-09-25,2024-11-07,43,False
22-002-001-831933,Legal Cell,Section 11 Notification Issued,2024-11-07,2024-11-20,13,False
22-002-001-831933,Tehsildar,Section 11 Notification Issued,2024-11-20,,57,True
27-001-021-201524,Treasury / PFMS,Award Declared,2019-06-21,2020-03-11,264,False
27-001-021-201524,Revenue Divisional Officer,Award Declared,2020-03-11,2020-04-09,29,False
27-001-021-201524,R&R Cell,Award Declared,2020-04-09,2020-06-29,81,False
27-001-021-201524,Tehsildar,Award Declared,2020-06-29,2020-08-06,38,False
27-001-021-201524,Legal Cell,Award Declared,2020-08-06,2020-10-08,63,False
27-001-021-201524,District Collector,Award Declared,2020-10-08,,41,True
29-007-015-623697,R&R Cell,Section 11 Notification Issued,2020-06-09,2020-06-27,18,False
29-007-015-623697,Land Acquisition Officer,Section 11 Notification Issued,2020-06-27,2020-10-02,97,False
29-007-015-623697,District Collector,Section 11 Notification Issued,2020-10-02,2021-02-04,125,False
29-007-015-623697,Legal Cell,Section 11 Notification Issued,2021-02-04,2021-06-22,138,False
29-007-015-623697,Treasury / PFMS,Section 11 Notification Issued,2021-06-22,2021-09-10,80,False
29-007-015-623697,Revenue Divisional Officer,Section 11 Notification Issued,2021-09-10,2021-10-23,43,False
29-007-015-623697,Tehsildar,Section 11 Notification Issued,2021-10-23,,115,True
27-001-013-406899,R&R Cell,Section 11 Notification Issued,2021-11-18,2022-03-02,104,False
27-001-013-406899,Tehsildar,Section 11 Notification Issued,2022-03-02,2022-03-13,11,False
27-001-013-406899,Revenue Divisional Officer,Section 11 Notification Issued,2022-03-13,,187,True
27-013-008-442347,Land Acquisition Officer,SIA Completed,2019-04-20,2019-05-13,23,False
27-013-008-442347,District Collector,SIA Completed,2019-05-13,2019-06-07,25,False
27-013-008-442347,Treasury / PFMS,SIA Completed,2019-06-07,2019-07-08,31,False
27-013-008-442347,Revenue Divisional Officer,SIA Completed,2019-07-08,,64,True
27-025-010-633548,Legal Cell,Compensation Disbursement,2022-07-16,2022-09-03,49,False
27-025-010-633548,Revenue Divisional Officer,Compensation Disbursement,2022-09-03,2022-09-05,2,False
27-025-010-633548,District Collector,Compensation Disbursement,2022-09-05,,67,True
27-025-014-520805,Legal Cell,Section 11 Notification Issued,2022-05-30,2022-07-21,52,False
27-025-014-520805,Revenue Divisional Officer,Section 11 Notification Issued,2022-07-21,2022-07-23,2,False
27-025-014-520805,Tehsildar,Section 11 Notification Issued,2022-07-23,,36,True
36-019-012-035966,District Collector,Award Declared,2022-08-30,2022-11-14,76,False
36-019-012-035966,Legal Cell,Award Declared,2022-11-14,2023-12-19,400,False
36-019-012-035966,Tehsildar,Award Declared,2023-12-19,2024-02-23,66,False
36-019-012-035966,Revenue Divisional Officer,Award Declared,2024-02-23,2024-05-12,79,False
36-019-012-035966,R&R Cell,Award Declared,2024-05-12,2024-08-16,96,False
36-019-012-035966,Land Acquisition Officer,Award Declared,2024-08-16,2024-09-13,28,False
36-019-012-035966,Treasury / PFMS,Award Declared,2024-09-13,,26,True
27-037-018-505922,District Collector,Section 11 Notification Issued,2023-03-24,2023-05-26,63,False
27-037-018-505922,Revenue Divisional Officer,Section 11 Notification Issued,2023-05-26,2023-06-27,32,False
27-037-018-505922,Legal Cell,Section 11 Notification Issued,2023-06-27,2023-07-04,7,False
27-037-018-505922,R&R Cell,Section 11 Notification Issued,2023-07-04,2023-10-02,90,False
27-037-018-505922,Tehsildar,Section 11 Notification Issued,2023-10-02,,186,True
36-011-005-032698,Tehsildar,Award Declared,2019-08-10,2019-09-14,35,False
36-011-005-032698,Revenue Divisional Officer,Award Declared,2019-09-14,2019-10-12,28,False
36-011-005-032698,District Collector,Award Declared,2019-10-12,,42,True
27-037-019-331655,District Collector,R&R Implementation,2021-11-16,2021-11-24,8,False
27-037-019-331655,Land Acquisition Officer,R&R Implementation,2021-11-24,2021-12-14,20,False
27-037-019-331655,Revenue Divisional Officer,R&R Implementation,2021-12-14,2021-12-22,8,False
27-037-019-331655,R&R Cell,R&R Implementation,2021-12-22,2021-12-24,2,False
27-037-019-331655,Treasury / PFMS,R&R Implementation,2021-12-24,2021-12-26,2,False
27-037-019-331655,Legal Cell,R&R Implementation,2021-12-26,,46,True
09-031-007-727656,Land Acquisition Officer,Possession Taken,2021-12-26,2022-02-23,59,False
09-031-007-727656,Tehsildar,Possession Taken,2022-02-23,2022-03-03,8,False
09-031-007-727656,Treasury / PFMS,Possession Taken,2022-03-03,2022-03-23,20,False
09-031-007-727656,Revenue Divisional Officer,Possession Taken,2022-03-23,2022-04-08,16,False
09-031-007-727656,District Collector,Possession Taken,2022-04-08,2022-07-16,99,False
09-031-007-727656,Legal Cell,Possession Taken,2022-07-16,,58,True
09-031-006-321237,District Collector,Award Declared,2023-05-15,2023-07-05,51,False
09-031-006-321237,Land Acquisition Officer,Award Declared,2023-07-05,2023-09-22,79,False
09-031-006-321237,Legal Cell,Award Declared,2023-09-22,2023-09-29,7,False
09-031-006-321237,Treasury / PFMS,Award Declared,2023-09-29,2023-10-08,9,False
09-031-006-321237,Revenue Divisional Officer,Award Declared,2023-10-08,2023-11-23,46,False
09-031-006-321237,Tehsildar,Award Declared,2023-11-23,,10,True
23-028-006-428938,District Collector,Compensation Disbursement,2020-11-23,2020-11-26,3,False
23-028-006-428938,Revenue Divisional Officer,Compensation Disbursement,2020-11-26,2021-03-10,104,False
23-028-006-428938,Tehsildar,Compensation Disbursement,2021-03-10,2021-04-23,44,False
23-028-006-428938,Land Acquisition Officer,Compensation Disbursement,2021-04-23,2021-05-02,9,False
23-028-006-428938,Legal Cell,Compensation Disbursement,2021-05-02,2021-07-16,75,False
23-028-006-428938,Treasury / PFMS,Compensation Disbursement,2021-07-16,,39,True
27-001-002-033233,District Collector,SIA Completed,2019-02-02,2019-02-05,3,False
27-001-002-033233,Legal Cell,SIA Completed,2019-02-05,2019-02-15,10,False
27-001-002-033233,R&R Cell,SIA Completed,2019-02-15,2019-10-23,250,False
27-001-002-033233,Land Acquisition Officer,SIA Completed,2019-10-23,,225,True
22-018-021-691048,Legal Cell,Possession Taken,2021-01-23,2021-07-07,165,False
22-018-021-691048,R&R Cell,Possession Taken,2021-07-07,2021-08-03,27,False
22-018-021-691048,District Collector,Possession Taken,2021-08-03,2022-07-10,341,False
22-018-021-691048,Land Acquisition Officer,Possession Taken,2022-07-10,2022-07-13,3,False
22-018-021-691048,Revenue Divisional Officer,Possession Taken,2022-07-13,2022-09-12,61,False
22-018-021-691048,Treasury / PFMS,Possession Taken,2022-09-12,,4,True
33-031-013-524134,Legal Cell,Possession Taken,2022-11-06,2022-12-17,41,False
33-031-013-524134,District Collector,Possession Taken,2022-12-17,2023-03-08,81,False
33-031-013-524134,R&R Cell,Possession Taken,2023-03-08,2023-04-01,24,False
33-031-013-524134,Tehsildar,Possession Taken,2023-04-01,2023-05-22,51,False
33-031-013-524134,Land Acquisition Officer,Possession Taken,2023-05-22,2023-06-23,32,False
33-031-013-524134,Revenue Divisional Officer,Possession Taken,2023-06-23,,56,True
22-014-007-664694,Revenue Divisional Officer,SIA Completed,2022-05-31,2022-07-04,34,False
22-014-007-664694,Land Acquisition Officer,SIA Completed,2022-07-04,2022-07-09,5,False
22-014-007-664694,Treasury / PFMS,SIA Completed,2022-07-09,,130,True
21-019-002-659698,Land Acquisition Officer,Award Declared,2023-11-14,2023-11-16,2,False
21-019-002-659698,Legal Cell,Award Declared,2023-11-16,2023-12-01,15,False
21-019-002-659698,R&R Cell,Award Declared,2023-12-01,2024-02-20,81,False
21-019-002-659698,Treasury / PFMS,Award Declared,2024-02-20,2024-05-17,87,False
21-019-002-659698,District Collector,Award Declared,2024-05-17,2024-06-27,41,False
21-019-002-659698,Revenue Divisional Officer,Award Declared,2024-06-27,2024-08-07,41,False
21-019-002-659698,Tehsildar,Award Declared,2024-08-07,,284,True
33-014-017-126907,Land Acquisition Officer,R&R Implementation,2020-10-22,2020-11-08,17,False
33-014-017-126907,Treasury / PFMS,R&R Implementation,2020-11-08,2021-01-20,73,False
33-014-017-126907,Legal Cell,R&R Implementation,2021-01-20,2021-04-06,76,False
33-014-017-126907,Revenue Divisional Officer,R&R Implementation,2021-04-06,2021-05-07,31,False
33-014-017-126907,R&R Cell,R&R Implementation,2021-05-07,2021-06-02,26,False
33-014-017-126907,District Collector,R&R Implementation,2021-06-02,,15,True
27-001-023-324558,R&R Cell,SIA Completed,2023-03-04,2023-03-15,11,False
27-001-023-324558,Land Acquisition Officer,SIA Completed,2023-03-15,2023-04-05,21,False
27-001-023-324558,Treasury / PFMS,SIA Completed,2023-04-05,2023-05-02,27,False
27-001-023-324558,Revenue Divisional Officer,SIA Completed,2023-05-02,,362,True
22-009-018-967292,District Collector,Compensation Disbursement,2022-12-13,2023-02-24,73,False
22-009-018-967292,Land Acquisition Officer,Compensation Disbursement,2023-02-24,2023-03-06,10,False
22-009-018-967292,Revenue Divisional Officer,Compensation Disbursement,2023-03-06,2023-04-22,47,False
22-009-018-967292,Tehsildar,Compensation Disbursement,2023-04-22,2023-05-27,35,False
22-009-018-967292,R&R Cell,Compensation Disbursement,2023-05-27,2023-06-07,11,False
22-009-018-967292,Legal Cell,Compensation Disbursement,2023-06-07,2023-06-23,16,False
22-009-018-967292,Treasury / PFMS,Compensation Disbursement,2023-06-23,,219,True
29-022-004-754634,Treasury / PFMS,Section 11 Notification Issued,2021-02-27,2021-03-22,23,False
29-022-004-754634,District Collector,Section 11 Notification Issued,2021-03-22,2021-09-26,188,False
29-022-004-754634,Legal Cell,Section 11 Notification Issued,2021-09-26,2021-11-12,47,False
29-022-004-754634,Land Acquisition Officer,Section 11 Notification Issued,2021-11-12,2021-11-22,10,False
29-022-004-754634,Tehsildar,Section 11 Notification Issued,2021-11-22,2021-12-19,27,False
29-022-004-754634,Revenue Divisional Officer,Section 11 Notification Issued,2021-12-19,,96,True
21-012-017-308238,District Collector,SIA Completed,2022-04-12,2023-01-16,279,False
21-012-017-308238,Revenue Divisional Officer,SIA Completed,2023-01-16,2023-07-05,170,False
21-012-017-308238,Tehsildar,SIA Completed,2023-07-05,2023-07-28,23,False
21-012-017-308238,R&R Cell,SIA Completed,2023-07-28,2023-08-15,18,False
21-012-017-308238,Treasury / PFMS,SIA Completed,2023-08-15,2023-10-14,60,False
21-012-017-308238,Legal Cell,SIA Completed,2023-10-14,,6,True
21-026-008-513213,R&R Cell,SIA Completed,2019-05-13,2019-05-15,2,False
21-026-008-513213,Treasury / PFMS,SIA Completed,2019-05-15,2019-05-24,9,False
21-026-008-513213,Revenue Divisional Officer,SIA Completed,2019-05-24,2019-06-22,29,False
21-026-008-513213,Tehsildar,SIA Completed,2019-06-22,2019-07-11,19,False
21-026-008-513213,Land Acquisition Officer,SIA Completed,2019-07-11,,276,True
09-015-015-720181,Revenue Divisional Officer,Compensation Disbursement,2020-08-09,2020-08-30,21,False
09-015-015-720181,Tehsildar,Compensation Disbursement,2020-08-30,2020-09-03,4,False
09-015-015-720181,R&R Cell,Compensation Disbursement,2020-09-03,2020-09-09,6,False
09-015-015-720181,Treasury / PFMS,Compensation Disbursement,2020-09-09,2020-09-11,2,False
09-015-015-720181,District Collector,Compensation Disbursement,2020-09-11,2020-10-04,23,False
09-015-015-720181,Land Acquisition Officer,Compensation Disbursement,2020-10-04,,67,True
22-002-016-810586,Revenue Divisional Officer,Compensation Disbursement,2021-01-06,2021-01-08,2,False
22-002-016-810586,Treasury / PFMS,Compensation Disbursement,2021-01-08,2021-01-25,17,False
22-002-016-810586,Tehsildar,Compensation Disbursement,2021-01-25,2021-04-05,70,False
22-002-016-810586,District Collector,Compensation Disbursement,2021-04-05,,10,True
36-027-006-464235,R&R Cell,R&R Implementation,2023-04-12,2023-05-25,43,False
36-027-006-464235,Treasury / PFMS,R&R Implementation,2023-05-25,2023-05-27,2,False
36-027-006-464235,Revenue Divisional Officer,R&R Implementation,2023-05-27,2023-06-07,11,False
36-027-006-464235,District Collector,R&R Implementation,2023-06-07,2023-08-23,77,False
36-027-006-464235,Legal Cell,R&R Implementation,2023-08-23,2023-08-31,8,False
36-027-006-464235,Tehsildar,R&R Implementation,2023-08-31,2023-10-13,43,False
36-027-006-464235,Land Acquisition Officer,R&R Implementation,2023-10-13,,110,True
22-014-014-138282,Legal Cell,R&R Implementation,2019-04-06,2019-04-14,8,False
22-014-014-138282,District Collector,R&R Implementation,2019-04-14,2019-09-28,167,False
22-014-014-138282,Tehsildar,R&R Implementation,2019-09-28,2020-03-16,170,False
22-014-014-138282,Land Acquisition Officer,R&R Implementation,2020-03-16,2020-03-19,3,False
22-014-014-138282,Revenue Divisional Officer,R&R Implementation,2020-03-19,2020-05-07,49,False
22-014-014-138282,Treasury / PFMS,R&R Implementation,2020-05-07,2020-06-08,32,False
22-014-014-138282,R&R Cell,R&R Implementation,2020-06-08,,9,True
33-045-007-769939,Revenue Divisional Officer,Award Declared,2020-01-04,2020-02-05,32,False
33-045-007-769939,Tehsildar,Award Declared,2020-02-05,2020-07-22,168,False
33-045-007-769939,Legal Cell,Award Declared,2020-07-22,2020-11-26,127,False
33-045-007-769939,R&R Cell,Award Declared,2020-11-26,2020-11-28,2,False
33-045-007-769939,District Collector,Award Declared,2020-11-28,2021-06-09,193,False
33-045-007-769939,Land Acquisition Officer,Award Declared,2021-06-09,,97,True
36-011-002-639503,Treasury / PFMS,Award Declared,2022-02-05,2022-04-01,55,False
36-011-002-639503,Land Acquisition Officer,Award Declared,2022-04-01,2022-06-18,78,False
36-011-002-639503,Tehsildar,Award Declared,2022-06-18,2022-07-23,35,False
36-011-002-639503,District Collector,Award Declared,2022-07-23,2022-08-18,26,False
36-011-002-639503,Legal Cell,Award Declared,2022-08-18,2022-12-11,115,False
36-011-002-639503,Revenue Divisional Officer,Award Declared,2022-12-11,,92,True
27-037-004-566073,Land Acquisition Officer,Section 11 Notification Issued,2020-09-26,2020-09-28,2,False
27-037-004-566073,Treasury / PFMS,Section 11 Notification Issued,2020-09-28,2020-10-02,4,False
27-037-004-566073,District Collector,Section 11 Notification Issued,2020-10-02,2020-10-14,12,False
27-037-004-566073,Legal Cell,Section 11 Notification Issued,2020-10-14,2020-11-26,43,False
27-037-004-566073,Tehsildar,Section 11 Notification Issued,2020-11-26,2020-11-30,4,False
27-037-004-566073,R&R Cell,Section 11 Notification Issued,2020-11-30,,161,True
29-018-007-197634,R&R Cell,Award Declared,2022-01-10,2022-01-14,4,False
29-018-007-197634,Legal Cell,Award Declared,2022-01-14,2022-06-27,164,False
29-018-007-197634,Treasury / PFMS,Award Declared,2022-06-27,,265,True
29-018-016-141916,District Collector,SIA Completed,2023-02-13,2023-02-15,2,False
29-018-016-141916,Tehsildar,SIA Completed,2023-02-15,2023-04-22,66,False
29-018-016-141916,Legal Cell,SIA Completed,2023-04-22,2023-06-10,49,False
29-018-016-141916,Revenue Divisional Officer,SIA Completed,2023-06-10,,10,True
09-015-019-290559,Legal Cell,Award Declared,2023-07-25,2023-09-20,57,False
09-015-019-290559,District Collector,Award Declared,2023-09-20,2023-11-20,61,False
09-015-019-290559,Revenue Divisional Officer,Award Declared,2023-11-20,2023-11-22,2,False
09-015-019-290559,Tehsildar,Award Declared,2023-11-22,2024-01-01,40,False
09-015-019-290559,R&R Cell,Award Declared,2024-01-01,2024-02-24,54,False
09-015-019-290559,Treasury / PFMS,Award Declared,2024-02-24,2024-04-19,55,False
09-015-019-290559,Land Acquisition Officer,Award Declared,2024-04-19,,155,True
33-014-009-322546,Tehsildar,SIA Completed,2022-07-24,2022-08-05,12,False
33-014-009-322546,District Collector,SIA Completed,2022-08-05,2022-12-20,137,False
33-014-009-322546,Revenue Divisional Officer,SIA Completed,2022-12-20,2023-01-28,39,False
33-014-009-322546,Treasury / PFMS,SIA Completed,2023-01-28,2023-02-12,15,False
33-014-009-322546,Legal Cell,SIA Completed,2023-02-12,2023-02-22,10,False
33-014-009-322546,R&R Cell,SIA Completed,2023-02-22,2023-03-18,24,False
33-014-009-322546,Land Acquisition Officer,SIA Completed,2023-03-18,,14,True
27-013-011-919993,Tehsildar,SIA Completed,2021-09-08,2021-09-28,20,False
27-013-011-919993,Revenue Divisional Officer,SIA Completed,2021-09-28,2021-10-29,31,False
27-013-011-919993,Treasury / PFMS,SIA Completed,2021-10-29,2022-02-15,109,False
27-013-011-919993,Legal Cell,SIA Completed,2022-02-15,2022-03-29,42,False
27-013-011-919993,District Collector,SIA Completed,2022-03-29,2022-07-02,95,False
27-013-011-919993,Land Acquisition Officer,SIA Completed,2022-07-02,2022-07-05,3,False
27-013-011-919993,R&R Cell,SIA Completed,2022-07-05,,181,True
22-002-006-583299,Legal Cell,SIA Completed,2019-07-25,2019-10-20,87,False
22-002-006-583299,Treasury / PFMS,SIA Completed,2019-10-20,2019-10-29,9,False
22-002-006-583299,Land Acquisition Officer,SIA Completed,2019-10-29,2020-01-12,75,False
22-002-006-583299,Tehsildar,SIA Completed,2020-01-12,,240,True
27-001-017-880105,R&R Cell,R&R Implementation,2020-02-20,2020-03-06,15,False
27-001-017-880105,Treasury / PFMS,R&R Implementation,2020-03-06,2020-04-16,41,False
27-001-017-880105,Legal Cell,R&R Implementation,2020-04-16,2020-05-07,21,False
27-001-017-880105,Tehsildar,R&R Implementation,2020-05-07,2020-05-11,4,False
27-001-017-880105,Land Acquisition Officer,R&R Implementation,2020-05-11,2020-08-11,92,False
27-001-017-880105,District Collector,R&R Implementation,2020-08-11,2020-08-20,9,False
27-001-017-880105,Revenue Divisional Officer,R&R Implementation,2020-08-20,,26,True
27-001-003-822573,Revenue Divisional Officer,Compensation Disbursement,2021-11-30,2021-12-03,3,False
27-001-003-822573,Legal Cell,Compensation Disbursement,2021-12-03,2022-01-27,55,False
27-001-003-822573,R&R Cell,Compensation Disbursement,2022-01-27,2022-02-13,17,False
27-001-003-822573,Tehsildar,Compensation Disbursement,2022-02-13,2022-03-25,40,False
27-001-003-822573,Treasury / PFMS,Compensation Disbursement,2022-03-25,2022-07-05,102,False
27-001-003-822573,District Collector,Compensation Disbursement,2022-07-05,,11,True
33-023-016-503673,Tehsildar,R&R Implementation,2021-10-20,2021-12-12,53,False
33-023-016-503673,R&R Cell,R&R Implementation,2021-12-12,2022-01-03,22,False
33-023-016-503673,District Collector,R&R Implementation,2022-01-03,,86,True
29-009-015-901494,District Collector,Award Declared,2019-01-14,2019-06-01,138,False
29-009-015-901494,Legal Cell,Award Declared,2019-06-01,2019-06-06,5,False
29-009-015-901494,Land Acquisition Officer,Award Declared,2019-06-06,2019-08-25,80,False
29-009-015-901494,Revenue Divisional Officer,Award Declared,2019-08-25,2020-03-05,193,False
29-009-015-901494,R&R Cell,Award Declared,2020-03-05,2020-03-22,17,False
29-009-015-901494,Tehsildar,Award Declared,2020-03-22,2020-04-10,19,False
29-009-015-901494,Treasury / PFMS,Award Declared,2020-04-10,,49,True
23-016-023-315833,District Collector,R&R Implementation,2022-11-06,2022-12-27,51,False
23-016-023-315833,Treasury / PFMS,R&R Implementation,2022-12-27,2023-02-02,37,False
23-016-023-315833,Land Acquisition Officer,R&R Implementation,2023-02-02,2023-03-13,39,False
23-016-023-315833,R&R Cell,R&R Implementation,2023-03-13,2023-04-15,33,False
23-016-023-315833,Legal Cell,R&R Implementation,2023-04-15,2023-05-06,21,False
23-016-023-315833,Tehsildar,R&R Implementation,2023-05-06,,357,True
33-023-018-457297,Revenue Divisional Officer,Award Declared,2021-06-23,2021-06-25,2,False
33-023-018-457297,Tehsildar,Award Declared,2021-06-25,2021-06-27,2,False
33-023-018-457297,R&R Cell,Award Declared,2021-06-27,2021-11-15,141,False
33-023-018-457297,District Collector,Award Declared,2021-11-15,2022-04-28,164,False
33-023-018-457297,Land Acquisition Officer,Award Declared,2022-04-28,,197,True
09-015-018-040011,R&R Cell,Compensation Disbursement,2021-01-28,2021-04-04,66,False
09-015-018-040011,Legal Cell,Compensation Disbursement,2021-04-04,2021-04-15,11,False
09-015-018-040011,Revenue Divisional Officer,Compensation Disbursement,2021-04-15,2021-04-19,4,False
09-015-018-040011,Land Acquisition Officer,Compensation Disbursement,2021-04-19,2021-09-27,161,False
09-015-018-040011,Tehsildar,Compensation Disbursement,2021-09-27,2021-10-05,8,False
09-015-018-040011,Treasury / PFMS,Compensation Disbursement,2021-10-05,,70,True
22-002-010-326081,District Collector,Section 11 Notification Issued,2023-09-09,2023-10-12,33,False
22-002-010-326081,Tehsildar,Section 11 Notification Issued,2023-10-12,2024-05-11,212,False
22-002-010-326081,R&R Cell,Section 11 Notification Issued,2024-05-11,2024-05-28,17,False
22-002-010-326081,Treasury / PFMS,Section 11 Notification Issued,2024-05-28,2024-07-16,49,False
22-002-010-326081,Revenue Divisional Officer,Section 11 Notification Issued,2024-07-16,2024-10-18,94,False
22-002-010-326081,Legal Cell,Section 11 Notification Issued,2024-10-18,,143,True
21-019-007-966961,Legal Cell,Possession Taken,2019-11-03,2019-11-11,8,False
21-019-007-966961,Land Acquisition Officer,Possession Taken,2019-11-11,2020-02-07,88,False
21-019-007-966961,Tehsildar,Possession Taken,2020-02-07,,3,True
36-011-013-293948,Treasury / PFMS,R&R Implementation,2021-02-27,2021-03-16,17,False
36-011-013-293948,R&R Cell,R&R Implementation,2021-03-16,2021-04-20,35,False
36-011-013-293948,Revenue Divisional Officer,R&R Implementation,2021-04-20,,335,True
23-028-009-648235,R&R Cell,Compensation Disbursement,2019-02-08,2019-03-10,30,False
23-028-009-648235,Land Acquisition Officer,Compensation Disbursement,2019-03-10,2019-05-18,69,False
23-028-009-648235,Treasury / PFMS,Compensation Disbursement,2019-05-18,,312,True
21-012-010-442084,Land Acquisition Officer,SIA Completed,2020-12-01,2021-03-30,119,False
21-012-010-442084,R&R Cell,SIA Completed,2021-03-30,2021-10-21,205,False
21-012-010-442084,Treasury / PFMS,SIA Completed,2021-10-21,2021-11-06,16,False
21-012-010-442084,Revenue Divisional Officer,SIA Completed,2021-11-06,,141,True
33-023-021-442104,Tehsildar,Possession Taken,2020-06-07,2020-07-11,34,False
33-023-021-442104,District Collector,Possession Taken,2020-07-11,2020-07-29,18,False
33-023-021-442104,Treasury / PFMS,Possession Taken,2020-07-29,,51,True
29-009-005-883341,Legal Cell,R&R Implementation,2021-03-25,2021-04-10,16,False
29-009-005-883341,R&R Cell,R&R Implementation,2021-04-10,2021-08-04,116,False
29-009-005-883341,Land Acquisition Officer,R&R Implementation,2021-08-04,2021-08-18,14,False
29-009-005-883341,Treasury / PFMS,R&R Implementation,2021-08-18,,100,True
27-013-022-499024,District Collector,SIA Completed,2020-03-10,2020-05-16,67,False
27-013-022-499024,Land Acquisition Officer,SIA Completed,2020-05-16,2021-01-03,232,False
27-013-022-499024,Tehsildar,SIA Completed,2021-01-03,2021-05-21,138,False
27-013-022-499024,R&R Cell,SIA Completed,2021-05-21,2021-06-29,39,False
27-013-022-499024,Revenue Divisional Officer,SIA Completed,2021-06-29,,220,True
36-011-003-408319,Legal Cell,Award Declared,2020-02-16,2020-04-26,70,False
36-011-003-408319,Revenue Divisional Officer,Award Declared,2020-04-26,2020-05-01,5,False
36-011-003-408319,Land Acquisition Officer,Award Declared,2020-05-01,,210,True
29-007-011-687218,District Collector,Possession Taken,2020-01-24,2020-02-10,17,False
29-007-011-687218,Tehsildar,Possession Taken,2020-02-10,2020-02-19,9,False
29-007-011-687218,R&R Cell,Possession Taken,2020-02-19,2020-04-14,55,False
29-007-011-687218,Land Acquisition Officer,Possession Taken,2020-04-14,2020-08-10,118,False
29-007-011-687218,Revenue Divisional Officer,Possession Taken,2020-08-10,2020-08-12,2,False
29-007-011-687218,Treasury / PFMS,Possession Taken,2020-08-12,,38,True
29-018-013-657486,Revenue Divisional Officer,Award Declared,2022-10-29,2022-12-02,34,False
29-018-013-657486,Tehsildar,Award Declared,2022-12-02,2022-12-05,3,False
29-018-013-657486,Land Acquisition Officer,Award Declared,2022-12-05,2022-12-07,2,False
29-018-013-657486,District Collector,Award Declared,2022-12-07,,112,True
23-016-019-487040,Land Acquisition Officer,Compensation Disbursement,2019-04-18,2019-08-19,123,False
23-016-019-487040,Legal Cell,Compensation Disbursement,2019-08-19,2019-10-23,65,False
23-016-019-487040,District Collector,Compensation Disbursement,2019-10-23,2019-12-19,57,False
23-016-019-487040,Tehsildar,Compensation Disbursement,2019-12-19,2019-12-24,5,False
23-016-019-487040,Revenue Divisional Officer,Compensation Disbursement,2019-12-24,2019-12-31,7,False
23-016-019-487040,R&R Cell,Compensation Disbursement,2019-12-31,,154,True
23-016-020-768275,Revenue Divisional Officer,Possession Taken,2019-08-03,2019-08-06,3,False
23-016-020-768275,Treasury / PFMS,Possession Taken,2019-08-06,2019-08-20,14,False
23-016-020-768275,Land Acquisition Officer,Possession Taken,2019-08-20,2019-11-06,78,False
23-016-020-768275,Tehsildar,Possession Taken,2019-11-06,2019-11-15,9,False
23-016-020-768275,Legal Cell,Possession Taken,2019-11-15,2019-12-25,40,False
23-016-020-768275,District Collector,Possession Taken,2019-12-25,2020-01-24,30,False
23-016-020-768275,R&R Cell,Possession Taken,2020-01-24,,6,True
27-025-008-676027,District Collector,SIA Completed,2022-01-05,2022-02-09,35,False
27-025-008-676027,R&R Cell,SIA Completed,2022-02-09,2022-04-01,51,False
27-025-008-676027,Tehsildar,SIA Completed,2022-04-01,2022-04-08,7,False
27-025-008-676027,Legal Cell,SIA Completed,2022-04-08,,110,True
27-025-003-817740,R&R Cell,R&R Implementation,2023-08-12,2023-08-21,9,False
27-025-003-817740,District Collector,R&R Implementation,2023-08-21,2023-09-28,38,False
27-025-003-817740,Tehsildar,R&R Implementation,2023-09-28,2023-10-24,26,False
27-025-003-817740,Treasury / PFMS,R&R Implementation,2023-10-24,,121,True
22-018-024-418496,District Collector,R&R Implementation,2023-03-21,2023-04-15,25,False
22-018-024-418496,Land Acquisition Officer,R&R Implementation,2023-04-15,2023-04-26,11,False
22-018-024-418496,Tehsildar,R&R Implementation,2023-04-26,2023-05-22,26,False
22-018-024-418496,Revenue Divisional Officer,R&R Implementation,2023-05-22,2023-08-03,73,False
22-018-024-418496,Treasury / PFMS,R&R Implementation,2023-08-03,2023-08-13,10,False
22-018-024-418496,R&R Cell,R&R Implementation,2023-08-13,2023-11-19,98,False
22-018-024-418496,Legal Cell,R&R Implementation,2023-11-19,,318,True
22-018-003-186466,Revenue Divisional Officer,Award Declared,2019-04-28,2019-06-07,40,False
22-018-003-186466,District Collector,Award Declared,2019-06-07,2019-07-22,45,False
22-018-003-186466,Treasury / PFMS,Award Declared,2019-07-22,2019-10-11,81,False
22-018-003-186466,R&R Cell,Award Declared,2019-10-11,2019-10-31,20,False
22-018-003-186466,Legal Cell,Award Declared,2019-10-31,2019-11-21,21,False
22-018-003-186466,Land Acquisition Officer,Award Declared,2019-11-21,,228,True
09-031-004-549123,Revenue Divisional Officer,Compensation Disbursement,2022-01-16,2022-03-09,52,False
09-031-004-549123,Tehsildar,Compensation Disbursement,2022-03-09,2022-06-03,86,False
09-031-004-549123,Land Acquisition Officer,Compensation Disbursement,2022-06-03,2022-10-26,145,False
09-031-004-549123,Legal Cell,Compensation Disbursement,2022-10-26,2023-01-31,97,False
09-031-004-549123,District Collector,Compensation Disbursement,2023-01-31,2023-03-05,33,False
09-031-004-549123,Treasury / PFMS,Compensation Disbursement,2023-03-05,2023-04-13,39,False
09-031-004-549123,R&R Cell,Compensation Disbursement,2023-04-13,,12,True
33-014-024-980887,Treasury / PFMS,R&R Implementation,2023-03-22,2023-04-30,39,False
33-014-024-980887,Legal Cell,R&R Implementation,2023-04-30,2023-07-29,90,False
33-014-024-980887,R&R Cell,R&R Implementation,2023-07-29,2024-02-09,195,False
33-014-024-980887,Land Acquisition Officer,R&R Implementation,2024-02-09,,112,True
09-002-018-837892,Land Acquisition Officer,Award Declared,2023-10-18,2023-11-08,21,False
09-002-018-837892,Treasury / PFMS,Award Declared,2023-11-08,2023-12-04,26,False
09-002-018-837892,R&R Cell,Award Declared,2023-12-04,2024-01-23,50,False
09-002-018-837892,Legal Cell,Award Declared,2024-01-23,2024-01-25,2,False
09-002-018-837892,Revenue Divisional Officer,Award Declared,2024-01-25,2024-02-24,30,False
09-002-018-837892,District Collector,Award Declared,2024-02-24,,3,True
27-013-004-846230,Tehsildar,SIA Completed,2020-01-25,2020-09-03,222,False
27-013-004-846230,Treasury / PFMS,SIA Completed,2020-09-03,2020-09-12,9,False
27-013-004-846230,District Collector,SIA Completed,2020-09-12,,140,True
09-002-007-267190,Treasury / PFMS,R&R Implementation,2021-05-24,2021-06-28,35,False
09-002-007-267190,Legal Cell,R&R Implementation,2021-06-28,2021-07-20,22,False
09-002-007-267190,Land Acquisition Officer,R&R Implementation,2021-07-20,2022-02-05,200,False
09-002-007-267190,R&R Cell,R&R Implementation,2022-02-05,2022-07-16,161,False
09-002-007-267190,District Collector,R&R Implementation,2022-07-16,2022-11-06,113,False
09-002-007-267190,Revenue Divisional Officer,R&R Implementation,2022-11-06,,46,True
33-023-021-127686,Tehsildar,SIA Completed,2022-02-18,2022-05-11,82,False
33-023-021-127686,Legal Cell,SIA Completed,2022-05-11,2022-05-14,3,False
33-023-021-127686,Land Acquisition Officer,SIA Completed,2022-05-14,2023-01-16,247,False
33-023-021-127686,Treasury / PFMS,SIA Completed,2023-01-16,2023-01-29,13,False
33-023-021-127686,R&R Cell,SIA Completed,2023-01-29,2023-05-09,100,False
33-023-021-127686,Revenue Divisional Officer,SIA Completed,2023-05-09,,109,True
36-003-002-022189,District Collector,Section 11 Notification Issued,2022-06-30,2022-07-16,16,False
36-003-002-022189,Treasury / PFMS,Section 11 Notification Issued,2022-07-16,2022-08-17,32,False
36-003-002-022189,Land Acquisition Officer,Section 11 Notification Issued,2022-08-17,2022-09-12,26,False
36-003-002-022189,R&R Cell,Section 11 Notification Issued,2022-09-12,2022-09-30,18,False
36-003-002-022189,Tehsildar,Section 11 Notification Issued,2022-09-30,,62,True
29-009-024-146793,Treasury / PFMS,Award Declared,2022-02-16,2022-02-20,4,False
29-009-024-146793,Tehsildar,Award Declared,2022-02-20,2022-03-27,35,False
29-009-024-146793,District Collector,Award Declared,2022-03-27,2022-04-18,22,False
29-009-024-146793,R&R Cell,Award Declared,2022-04-18,2022-06-23,66,False
29-009-024-146793,Revenue Divisional Officer,Award Declared,2022-06-23,,103,True
23-033-019-156498,Treasury / PFMS,Possession Taken,2022-04-02,2022-04-12,10,False
23-033-019-156498,Revenue Divisional Officer,Possession Taken,2022-04-12,2022-04-26,14,False
23-033-019-156498,Tehsildar,Possession Taken,2022-04-26,2022-05-14,18,False
23-033-019-156498,Legal Cell,Possession Taken,2022-05-14,2022-05-27,13,False
23-033-019-156498,R&R Cell,Possession Taken,2022-05-27,,153,True
29-018-010-276444,Tehsildar,Possession Taken,2023-10-01,2023-10-07,6,False
29-018-010-276444,Legal Cell,Possession Taken,2023-10-07,2023-10-29,22,False
29-018-010-276444,Revenue Divisional Officer,Possession Taken,2023-10-29,2023-11-17,19,False
29-018-010-276444,Treasury / PFMS,Possession Taken,2023-11-17,2024-01-15,59,False
29-018-010-276444,R&R Cell,Possession Taken,2024-01-15,,75,True
33-014-011-892673,Revenue Divisional Officer,Award Declared,2022-01-23,2022-02-14,22,False
33-014-011-892673,Treasury / PFMS,Award Declared,2022-02-14,2022-03-27,41,False
33-014-011-892673,District Collector,Award Declared,2022-03-27,,114,True
09-044-015-501491,Revenue Divisional Officer,SIA Completed,2019-09-01,2019-09-06,5,False
09-044-015-501491,Legal Cell,SIA Completed,2019-09-06,2020-01-22,138,False
09-044-015-501491,Tehsildar,SIA Completed,2020-01-22,2020-02-11,20,False
09-044-015-501491,R&R Cell,SIA Completed,2020-02-11,,25,True
09-002-012-287289,Legal Cell,R&R Implementation,2023-05-20,2023-08-06,78,False
09-002-012-287289,Tehsildar,R&R Implementation,2023-08-06,2023-09-14,39,False
09-002-012-287289,Revenue Divisional Officer,R&R Implementation,2023-09-14,2023-10-13,29,False
09-002-012-287289,District Collector,R&R Implementation,2023-10-13,,365,True
09-015-017-116286,Land Acquisition Officer,Possession Taken,2022-08-02,2022-08-14,12,False
09-015-017-116286,Revenue Divisional Officer,Possession Taken,2022-08-14,2022-09-14,31,False
09-015-017-116286,R&R Cell,Possession Taken,2022-09-14,2022-09-16,2,False
09-015-017-116286,District Collector,Possession Taken,2022-09-16,2022-12-31,106,False
09-015-017-116286,Legal Cell,Possession Taken,2022-12-31,,63,True
21-019-012-187124,Legal Cell,R&R Implementation,2019-10-23,2019-11-15,23,False
21-019-012-187124,R&R Cell,R&R Implementation,2019-11-15,2020-04-03,140,False
21-019-012-187124,Tehsildar,R&R Implementation,2020-04-03,2020-04-19,16,False
21-019-012-187124,Land Acquisition Officer,R&R Implementation,2020-04-19,2020-05-02,13,False
21-019-012-187124,Treasury / PFMS,R&R Implementation,2020-05-02,2020-07-04,63,False
21-019-012-187124,Revenue Divisional Officer,R&R Implementation,2020-07-04,,8,True
36-019-009-659671,Tehsildar,R&R Implementation,2019-03-21,2019-04-04,14,False
36-019-009-659671,Land Acquisition Officer,R&R Implementation,2019-04-04,2019-10-22,201,False
36-019-009-659671,District Collector,R&R Implementation,2019-10-22,2019-12-02,41,False
36-019-009-659671,Revenue Divisional Officer,R&R Implementation,2019-12-02,2020-02-24,84,False
36-019-009-659671,R&R Cell,R&R Implementation,2020-02-24,2020-03-18,23,False
36-019-009-659671,Legal Cell,R&R Implementation,2020-03-18,2020-05-18,61,False
36-019-009-659671,Treasury / PFMS,R&R Implementation,2020-05-18,,119,True
29-018-003-950223,Treasury / PFMS,Award Declared,2021-09-29,2021-11-26,58,False
29-018-003-950223,Land Acquisition Officer,Award Declared,2021-11-26,2022-01-28,63,False
29-018-003-950223,District Collector,Award Declared,2022-01-28,2022-01-30,2,False
29-018-003-950223,Legal Cell,Award Declared,2022-01-30,2022-05-26,116,False
29-018-003-950223,R&R Cell,Award Declared,2022-05-26,,10,True
27-025-021-006424,Revenue Divisional Officer,SIA Completed,2019-11-08,2020-02-07,91,False
27-025-021-006424,Legal Cell,SIA Completed,2020-02-07,2020-03-29,51,False
27-025-021-006424,R&R Cell,SIA Completed,2020-03-29,2020-04-03,5,False
27-025-021-006424,Treasury / PFMS,SIA Completed,2020-04-03,2020-04-12,9,False
27-025-021-006424,Land Acquisition Officer,SIA Completed,2020-04-12,,78,True
29-009-005-001703,Land Acquisition Officer,Section 11 Notification Issued,2023-05-28,2023-06-24,27,False
29-009-005-001703,Tehsildar,Section 11 Notification Issued,2023-06-24,2023-07-22,28,False
29-009-005-001703,Legal Cell,Section 11 Notification Issued,2023-07-22,,34,True
29-009-005-455315,Revenue Divisional Officer,Award Declared,2020-12-26,2021-03-11,75,False
29-009-005-455315,Tehsildar,Award Declared,2021-03-11,2021-04-17,37,False
29-009-005-455315,Treasury / PFMS,Award Declared,2021-04-17,,118,True
36-027-001-845549,District Collector,SIA Completed,2022-04-04,2022-05-05,31,False
36-027-001-845549,Land Acquisition Officer,SIA Completed,2022-05-05,2022-08-11,98,False
36-027-001-845549,Treasury / PFMS,SIA Completed,2022-08-11,,47,True
29-009-020-946469,Land Acquisition Officer,R&R Implementation,2019-11-21,2019-12-04,13,False
29-009-020-946469,Revenue Divisional Officer,R&R Implementation,2019-12-04,2020-07-27,236,False
29-009-020-946469,Legal Cell,R&R Implementation,2020-07-27,2020-08-16,20,False
29-009-020-946469,Treasury / PFMS,R&R Implementation,2020-08-16,2020-10-03,48,False
29-009-020-946469,Tehsildar,R&R Implementation,2020-10-03,,59,True
36-027-001-200502,Treasury / PFMS,R&R Implementation,2019-12-25,2020-01-02,8,False
36-027-001-200502,Legal Cell,R&R Implementation,2020-01-02,2020-01-04,2,False
36-027-001-200502,Revenue Divisional Officer,R&R Implementation,2020-01-04,2020-02-13,40,False
36-027-001-200502,R&R Cell,R&R Implementation,2020-02-13,2020-04-08,55,False
36-027-001-200502,District Collector,R&R Implementation,2020-04-08,2020-04-15,7,False
36-027-001-200502,Land Acquisition Officer,R&R Implementation,2020-04-15,,27,True
22-018-021-025320,Treasury / PFMS,Section 11 Notification Issued,2020-04-21,2020-09-19,151,False
22-018-021-025320,Legal Cell,Section 11 Notification Issued,2020-09-19,2020-10-09,20,False
22-018-021-025320,R&R Cell,Section 11 Notification Issued,2020-10-09,,89,True
21-019-009-996875,Legal Cell,Award Declared,2023-01-25,2023-02-01,7,False
21-019-009-996875,District Collector,Award Declared,2023-02-01,2023-02-27,26,False
21-019-009-996875,R&R Cell,Award Declared,2023-02-27,2023-05-27,89,False
21-019-009-996875,Tehsildar,Award Declared,2023-05-27,2023-08-17,82,False
21-019-009-996875,Treasury / PFMS,Award Declared,2023-08-17,2023-08-21,4,False
21-019-009-996875,Revenue Divisional Officer,Award Declared,2023-08-21,,86,True
33-031-017-369786,Legal Cell,Award Declared,2021-04-29,2021-06-16,48,False
33-031-017-369786,Tehsildar,Award Declared,2021-06-16,2021-07-26,40,False
33-031-017-369786,R&R Cell,Award Declared,2021-07-26,2021-08-04,9,False
33-031-017-369786,Treasury / PFMS,Award Declared,2021-08-04,2021-09-07,34,False
33-031-017-369786,Revenue Divisional Officer,Award Declared,2021-09-07,2021-12-25,109,False
33-031-017-369786,Land Acquisition Officer,Award Declared,2021-12-25,,505,True
09-015-023-594924,R&R Cell,Possession Taken,2019-12-29,2020-05-09,132,False
09-015-023-594924,Treasury / PFMS,Possession Taken,2020-05-09,2020-06-02,24,False
09-015-023-594924,Tehsildar,Possession Taken,2020-06-02,2020-06-20,18,False
09-015-023-594924,District Collector,Possession Taken,2020-06-20,2020-06-28,8,False
09-015-023-594924,Land Acquisition Officer,Possession Taken,2020-06-28,2020-10-21,115,False
09-015-023-594924,Revenue Divisional Officer,Possession Taken,2020-10-21,2021-01-26,97,False
09-015-023-594924,Legal Cell,Possession Taken,2021-01-26,,142,True
29-022-002-099610,Legal Cell,SIA Completed,2019-05-01,2019-05-09,8,False
29-022-002-099610,District Collector,SIA Completed,2019-05-09,2019-08-24,107,False
29-022-002-099610,R&R Cell,SIA Completed,2019-08-24,2019-11-10,78,False
29-022-002-099610,Land Acquisition Officer,SIA Completed,2019-11-10,2020-04-28,170,False
29-022-002-099610,Revenue Divisional Officer,SIA Completed,2020-04-28,2020-09-17,142,False
29-022-002-099610,Tehsildar,SIA Completed,2020-09-17,2020-10-21,34,False
29-022-002-099610,Treasury / PFMS,SIA Completed,2020-10-21,,167,True
36-011-024-060933,Treasury / PFMS,Section 11 Notification Issued,2019-02-22,2019-04-24,61,False
36-011-024-060933,Legal Cell,Section 11 Notification Issued,2019-04-24,2019-07-10,77,False
36-011-024-060933,Revenue Divisional Officer,Section 11 Notification Issued,2019-07-10,2019-07-16,6,False
36-011-024-060933,Land Acquisition Officer,Section 11 Notification Issued,2019-07-16,2019-12-17,154,False
36-011-024-060933,R&R Cell,Section 11 Notification Issued,2019-12-17,2020-04-01,106,False
36-011-024-060933,Tehsildar,Section 11 Notification Issued,2020-04-01,,80,True
29-018-010-881797,Legal Cell,SIA Completed,2022-07-07,2022-07-25,18,False
29-018-010-881797,Tehsildar,SIA Completed,2022-07-25,2022-08-20,26,False
29-018-010-881797,District Collector,SIA Completed,2022-08-20,,173,True
22-002-010-780310,Land Acquisition Officer,R&R Implementation,2021-12-31,2022-02-19,50,False
22-002-010-780310,R&R Cell,R&R Implementation,2022-02-19,2022-06-05,106,False
22-002-010-780310,Treasury / PFMS,R&R Implementation,2022-06-05,2022-06-08,3,False
22-002-010-780310,Tehsildar,R&R Implementation,2022-06-08,,202,True
36-027-001-557523,Revenue Divisional Officer,Compensation Disbursement,2023-02-04,2023-02-16,12,False
36-027-001-557523,Tehsildar,Compensation Disbursement,2023-02-16,2023-03-21,33,False
36-027-001-557523,R&R Cell,Compensation Disbursement,2023-03-21,2023-04-20,30,False
36-027-001-557523,Legal Cell,Compensation Disbursement,2023-04-20,2023-05-16,26,False
36-027-001-557523,Treasury / PFMS,Compensation Disbursement,2023-05-16,,44,True
22-014-011-945886,Revenue Divisional Officer,R&R Implementation,2020-07-11,2020-07-27,16,False
22-014-011-945886,Treasury / PFMS,R&R Implementation,2020-07-27,2020-08-14,18,False
22-014-011-945886,District Collector,R&R Implementation,2020-08-14,2020-08-31,17,False
22-014-011-945886,Land Acquisition Officer,R&R Implementation,2020-08-31,2020-10-07,37,False
22-014-011-945886,R&R Cell,R&R Implementation,2020-10-07,,112,True
23-028-022-544680,Land Acquisition Officer,Section 11 Notification Issued,2020-02-15,2020-08-24,191,False
23-028-022-544680,Legal Cell,Section 11 Notification Issued,2020-08-24,2020-09-20,27,False
23-028-022-544680,R&R Cell,Section 11 Notification Issued,2020-09-20,2020-11-15,56,False
23-028-022-544680,District Collector,Section 11 Notification Issued,2020-11-15,2021-03-22,127,False
23-028-022-544680,Tehsildar,Section 11 Notification Issued,2021-03-22,2021-07-11,111,False
23-028-022-544680,Revenue Divisional Officer,Section 11 Notification Issued,2021-07-11,2021-09-20,71,False
23-028-022-544680,Treasury / PFMS,Section 11 Notification Issued,2021-09-20,,432,True
22-002-004-231516,R&R Cell,Award Declared,2019-10-31,2019-11-03,3,False
22-002-004-231516,Legal Cell,Award Declared,2019-11-03,2019-11-09,6,False
22-002-004-231516,Tehsildar,Award Declared,2019-11-09,,187,True
27-001-021-354655,Land Acquisition Officer,SIA Completed,2019-04-25,2019-11-17,206,False
27-001-021-354655,District Collector,SIA Completed,2019-11-17,2019-11-27,10,False
27-001-021-354655,Legal Cell,SIA Completed,2019-11-27,2020-01-31,65,False
27-001-021-354655,R&R Cell,SIA Completed,2020-01-31,2020-02-02,2,False
27-001-021-354655,Treasury / PFMS,SIA Completed,2020-02-02,2020-03-18,45,False
27-001-021-354655,Tehsildar,SIA Completed,2020-03-18,,87,True
09-031-022-184217,Revenue Divisional Officer,Section 11 Notification Issued,2022-08-23,2022-12-04,103,False
09-031-022-184217,District Collector,Section 11 Notification Issued,2022-12-04,2023-04-12,129,False
09-031-022-184217,Tehsildar,Section 11 Notification Issued,2023-04-12,2023-04-19,7,False
09-031-022-184217,Treasury / PFMS,Section 11 Notification Issued,2023-04-19,2023-05-16,27,False
09-031-022-184217,R&R Cell,Section 11 Notification Issued,2023-05-16,,33,True
21-019-018-511650,R&R Cell,SIA Completed,2019-03-28,2019-05-18,51,False
21-019-018-511650,Land Acquisition Officer,SIA Completed,2019-05-18,2019-05-27,9,False
21-019-018-511650,District Collector,SIA Completed,2019-05-27,2019-05-29,2,False
21-019-018-511650,Treasury / PFMS,SIA Completed,2019-05-29,2019-05-31,2,False
21-019-018-511650,Revenue Divisional Officer,SIA Completed,2019-05-31,2019-06-30,30,False
21-019-018-511650,Tehsildar,SIA Completed,2019-06-30,2019-07-16,16,False
21-019-018-511650,Legal Cell,SIA Completed,2019-07-16,,172,True
36-027-020-551651,Tehsildar,R&R Implementation,2022-11-09,2022-11-11,2,False
36-027-020-551651,Legal Cell,R&R Implementation,2022-11-11,2022-11-26,15,False
36-027-020-551651,Land Acquisition Officer,R&R Implementation,2022-11-26,2022-12-29,33,False
36-027-020-551651,Revenue Divisional Officer,R&R Implementation,2022-12-29,,309,True
09-002-007-873989,Legal Cell,SIA Completed,2023-11-30,2024-02-20,82,False
09-002-007-873989,Treasury / PFMS,SIA Completed,2024-02-20,2024-03-16,25,False
09-002-007-873989,District Collector,SIA Completed,2024-03-16,2024-03-21,5,False
09-002-007-873989,Revenue Divisional Officer,SIA Completed,2024-03-21,,49,True
36-027-003-562673,Treasury / PFMS,Compensation Disbursement,2021-02-25,2021-03-16,19,False
36-027-003-562673,Land Acquisition Officer,Compensation Disbursement,2021-03-16,2021-04-20,35,False
36-027-003-562673,R&R Cell,Compensation Disbursement,2021-04-20,2021-05-04,14,False
36-027-003-562673,Revenue Divisional Officer,Compensation Disbursement,2021-05-04,2021-05-16,12,False
36-027-003-562673,District Collector,Compensation Disbursement,2021-05-16,2021-06-16,31,False
36-027-003-562673,Legal Cell,Compensation Disbursement,2021-06-16,,258,True
29-022-018-398840,Legal Cell,Section 11 Notification Issued,2022-08-22,2023-02-16,178,False
29-022-018-398840,Revenue Divisional Officer,Section 11 Notification Issued,2023-02-16,2023-03-11,23,False
29-022-018-398840,Tehsildar,Section 11 Notification Issued,2023-03-11,2023-05-20,70,False
29-022-018-398840,Land Acquisition Officer,Section 11 Notification Issued,2023-05-20,,263,True
22-018-016-513419,Legal Cell,Award Declared,2020-03-26,2020-04-12,17,False
22-018-016-513419,Revenue Divisional Officer,Award Declared,2020-04-12,2020-05-08,26,False
22-018-016-513419,District Collector,Award Declared,2020-05-08,2020-05-10,2,False
22-018-016-513419,Land Acquisition Officer,Award Declared,2020-05-10,2020-06-06,27,False
22-018-016-513419,Tehsildar,Award Declared,2020-06-06,,117,True
21-026-009-986885,Treasury / PFMS,Section 11 Notification Issued,2020-09-08,2021-06-20,285,False
21-026-009-986885,Tehsildar,Section 11 Notification Issued,2021-06-20,2021-08-19,60,False
21-026-009-986885,Land Acquisition Officer,Section 11 Notification Issued,2021-08-19,,21,True
36-019-006-179929,Legal Cell,Award Declared,2021-06-27,2021-09-12,77,False
36-019-006-179929,Treasury / PFMS,Award Declared,2021-09-12,2022-04-08,208,False
36-019-006-179929,Tehsildar,Award Declared,2022-04-08,2022-05-12,34,False
36-019-006-179929,District Collector,Award Declared,2022-05-12,2022-06-28,47,False
36-019-006-179929,Revenue Divisional Officer,Award Declared,2022-06-28,,6,True
09-031-011-974744,Legal Cell,R&R Implementation,2019-11-06,2019-12-13,37,False
09-031-011-974744,Revenue Divisional Officer,R&R Implementation,2019-12-13,2020-02-04,53,False
09-031-011-974744,R&R Cell,R&R Implementation,2020-02-04,2020-03-24,49,False
09-031-011-974744,Treasury / PFMS,R&R Implementation,2020-03-24,2020-06-28,96,False
09-031-011-974744,Tehsildar,R&R Implementation,2020-06-28,2020-07-08,10,False
09-031-011-974744,Land Acquisition Officer,R&R Implementation,2020-07-08,,75,True
21-019-004-813179,Revenue Divisional Officer,SIA Completed,2020-09-18,2020-10-01,13,False
21-019-004-813179,Tehsildar,SIA Completed,2020-10-01,2020-12-25,85,False
21-019-004-813179,Treasury / PFMS,SIA Completed,2020-12-25,,100,True
27-037-017-071976,Treasury / PFMS,Compensation Disbursement,2020-08-06,2020-08-31,25,False
27-037-017-071976,Tehsildar,Compensation Disbursement,2020-08-31,2020-09-10,10,False
27-037-017-071976,Land Acquisition Officer,Compensation Disbursement,2020-09-10,2020-11-14,65,False
27-037-017-071976,R&R Cell,Compensation Disbursement,2020-11-14,,32,True
22-018-001-545491,Land Acquisition Officer,Possession Taken,2022-03-25,2022-04-06,12,False
22-018-001-545491,Treasury / PFMS,Possession Taken,2022-04-06,2022-04-21,15,False
22-018-001-545491,District Collector,Possession Taken,2022-04-21,,72,True
23-004-003-065678,District Collector,Award Declared,2021-02-01,2021-04-16,74,False
23-004-003-065678,R&R Cell,Award Declared,2021-04-16,2021-07-06,81,False
23-004-003-065678,Treasury / PFMS,Award Declared,2021-07-06,,139,True
23-028-018-538523,Revenue Divisional Officer,R&R Implementation,2023-11-25,2024-01-02,38,False
23-028-018-538523,Treasury / PFMS,R&R Implementation,2024-01-02,2024-01-16,14,False
23-028-018-538523,Tehsildar,R&R Implementation,2024-01-16,2024-01-21,5,False
23-028-018-538523,Land Acquisition Officer,R&R Implementation,2024-01-21,2024-06-19,150,False
23-028-018-538523,R&R Cell,R&R Implementation,2024-06-19,,467,True
23-004-019-847768,Tehsildar,Award Declared,2019-08-17,2019-08-19,2,False
23-004-019-847768,R&R Cell,Award Declared,2019-08-19,2020-03-28,222,False
23-004-019-847768,Land Acquisition Officer,Award Declared,2020-03-28,,222,True
22-018-021-968127,District Collector,Section 11 Notification Issued,2023-09-07,2023-09-27,20,False
22-018-021-968127,Land Acquisition Officer,Section 11 Notification Issued,2023-09-27,2023-10-25,28,False
22-018-021-968127,R&R Cell,Section 11 Notification Issued,2023-10-25,2023-11-26,32,False
22-018-021-968127,Legal Cell,Section 11 Notification Issued,2023-11-26,,69,True
22-018-015-420983,District Collector,SIA Completed,2019-01-23,2019-10-26,276,False
22-018-015-420983,Land Acquisition Officer,SIA Completed,2019-10-26,2020-01-18,84,False
22-018-015-420983,Treasury / PFMS,SIA Completed,2020-01-18,2020-01-28,10,False
22-018-015-420983,Revenue Divisional Officer,SIA Completed,2020-01-28,2020-02-09,12,False
22-018-015-420983,R&R Cell,SIA Completed,2020-02-09,,64,True
29-009-001-727216,R&R Cell,Compensation Disbursement,2023-10-15,2023-10-23,8,False
29-009-001-727216,Tehsildar,Compensation Disbursement,2023-10-23,2023-10-26,3,False
29-009-001-727216,Treasury / PFMS,Compensation Disbursement,2023-10-26,2024-03-31,157,False
29-009-001-727216,Legal Cell,Compensation Disbursement,2024-03-31,,249,True
21-012-022-367262,R&R Cell,Section 11 Notification Issued,2020-11-18,2020-12-19,31,False
21-012-022-367262,Treasury / PFMS,Section 11 Notification Issued,2020-12-19,2021-03-21,92,False
21-012-022-367262,Revenue Divisional Officer,Section 11 Notification Issued,2021-03-21,2021-04-28,38,False
21-012-022-367262,Land Acquisition Officer,Section 11 Notification Issued,2021-04-28,2021-05-30,32,False
21-012-022-367262,Tehsildar,Section 11 Notification Issued,2021-05-30,,44,True
21-026-003-542903,Land Acquisition Officer,SIA Completed,2023-11-23,2023-12-06,13,False
21-026-003-542903,Revenue Divisional Officer,SIA Completed,2023-12-06,2024-02-13,69,False
21-026-003-542903,Legal Cell,SIA Completed,2024-02-13,2024-03-29,45,False
21-026-003-542903,Tehsildar,SIA Completed,2024-03-29,2024-04-05,7,False
21-026-003-542903,Treasury / PFMS,SIA Completed,2024-04-05,,31,True
27-037-019-629965,Treasury / PFMS,Compensation Disbursement,2021-03-07,2021-03-09,2,False
27-037-019-629965,District Collector,Compensation Disbursement,2021-03-09,2021-03-26,17,False
27-037-019-629965,Tehsildar,Compensation Disbursement,2021-03-26,2021-04-25,30,False
27-037-019-629965,Legal Cell,Compensation Disbursement,2021-04-25,2021-07-01,67,False
27-037-019-629965,Land Acquisition Officer,Compensation Disbursement,2021-07-01,2021-10-24,115,False
27-037-019-629965,Revenue Divisional Officer,Compensation Disbursement,2021-10-24,,126,True
33-031-012-609327,Revenue Divisional Officer,Award Declared,2019-07-11,2019-11-11,123,False
33-031-012-609327,Land Acquisition Officer,Award Declared,2019-11-11,2019-11-25,14,False
33-031-012-609327,District Collector,Award Declared,2019-11-25,2020-01-25,61,False
33-031-012-609327,Tehsildar,Award Declared,2020-01-25,2020-03-26,61,False
33-031-012-609327,Treasury / PFMS,Award Declared,2020-03-26,,162,True
29-022-003-474706,Land Acquisition Officer,SIA Completed,2020-11-17,2021-01-29,73,False
29-022-003-474706,Legal Cell,SIA Completed,2021-01-29,2021-02-13,15,False
29-022-003-474706,Treasury / PFMS,SIA Completed,2021-02-13,2021-04-02,48,False
29-022-003-474706,Tehsildar,SIA Completed,2021-04-02,2021-05-05,33,False
29-022-003-474706,R&R Cell,SIA Completed,2021-05-05,2021-07-23,79,False
29-022-003-474706,District Collector,SIA Completed,2021-07-23,,3,True
29-022-015-076657,Legal Cell,SIA Completed,2022-07-09,2023-01-20,195,False
29-022-015-076657,Revenue Divisional Officer,SIA Completed,2023-01-20,2023-10-06,259,False
29-022-015-076657,Tehsildar,SIA Completed,2023-10-06,2024-04-12,189,False
29-022-015-076657,District Collector,SIA Completed,2024-04-12,2024-05-13,31,False
29-022-015-076657,R&R Cell,SIA Completed,2024-05-13,2024-08-06,85,False
29-022-015-076657,Land Acquisition Officer,SIA Completed,2024-08-06,,95,True
33-023-005-642414,Land Acquisition Officer,R&R Implementation,2023-07-18,2023-08-06,19,False
33-023-005-642414,Revenue Divisional Officer,R&R Implementation,2023-08-06,2023-11-04,90,False
33-023-005-642414,Legal Cell,R&R Implementation,2023-11-04,2024-01-23,80,False
33-023-005-642414,Treasury / PFMS,R&R Implementation,2024-01-23,2024-06-01,130,False
33-023-005-642414,R&R Cell,R&R Implementation,2024-06-01,2024-10-19,140,False
33-023-005-642414,Tehsildar,R&R Implementation,2024-10-19,,49,True
33-031-018-828945,Revenue Divisional Officer,Award Declared,2020-08-12,2020-12-19,129,False
33-031-018-828945,Legal Cell,Award Declared,2020-12-19,2021-01-24,36,False
33-031-018-828945,R&R Cell,Award Declared,2021-01-24,,393,True
36-019-008-658064,Treasury / PFMS,Possession Taken,2019-12-16,2020-01-10,25,False
36-019-008-658064,R&R Cell,Possession Taken,2020-01-10,2020-01-27,17,False
36-019-008-658064,Tehsildar,Possession Taken,2020-01-27,2020-02-12,16,False
36-019-008-658064,Revenue Divisional Officer,Possession Taken,2020-02-12,2020-04-14,62,False
36-019-008-658064,Legal Cell,Possession Taken,2020-04-14,2020-07-26,103,False
36-019-008-658064,District Collector,Possession Taken,2020-07-26,,358,True
09-044-007-769720,Land Acquisition Officer,SIA Completed,2023-11-17,2024-01-20,64,False
09-044-007-769720,Legal Cell,SIA Completed,2024-01-20,2024-04-18,89,False
09-044-007-769720,Tehsildar,SIA Completed,2024-04-18,2024-06-06,49,False
09-044-007-769720,Treasury / PFMS,SIA Completed,2024-06-06,2024-06-23,17,False
09-044-007-769720,District Collector,SIA Completed,2024-06-23,,25,True
29-022-013-419792,Land Acquisition Officer,Section 11 Notification Issued,2020-09-15,2020-09-17,2,False
29-022-013-419792,R&R Cell,Section 11 Notification Issued,2020-09-17,2020-10-21,34,False
29-022-013-419792,Tehsildar,Section 11 Notification Issued,2020-10-21,,58,True
22-002-023-912116,District Collector,Compensation Disbursement,2019-02-11,2019-02-13,2,False
22-002-023-912116,Treasury / PFMS,Compensation Disbursement,2019-02-13,2019-02-15,2,False
22-002-023-912116,Revenue Divisional Officer,Compensation Disbursement,2019-02-15,2019-06-03,108,False
22-002-023-912116,Land Acquisition Officer,Compensation Disbursement,2019-06-03,,40,True
23-033-022-948550,District Collector,Possession Taken,2020-12-25,2021-11-24,334,False
23-033-022-948550,Tehsildar,Possession Taken,2021-11-24,2022-01-30,67,False
23-033-022-948550,Revenue Divisional Officer,Possession Taken,2022-01-30,2022-02-07,8,False
23-033-022-948550,R&R Cell,Possession Taken,2022-02-07,,18,True
27-013-017-224465,Legal Cell,SIA Completed,2022-04-25,2022-04-29,4,False
27-013-017-224465,District Collector,SIA Completed,2022-04-29,2022-05-22,23,False
27-013-017-224465,Revenue Divisional Officer,SIA Completed,2022-05-22,2022-05-26,4,False
27-013-017-224465,R&R Cell,SIA Completed,2022-05-26,,92,True
09-031-011-403676,R&R Cell,Section 11 Notification Issued,2020-03-16,2020-04-28,43,False
09-031-011-403676,Treasury / PFMS,Section 11 Notification Issued,2020-04-28,2020-05-16,18,False
09-031-011-403676,Legal Cell,Section 11 Notification Issued,2020-05-16,2020-07-12,57,False
09-031-011-403676,Tehsildar,Section 11 Notification Issued,2020-07-12,2020-08-21,40,False
09-031-011-403676,Land Acquisition Officer,Section 11 Notification Issued,2020-08-21,2020-08-30,9,False
09-031-011-403676,District Collector,Section 11 Notification Issued,2020-08-30,2020-09-19,20,False
09-031-011-403676,Revenue Divisional Officer,Section 11 Notification Issued,2020-09-19,,129,True
21-026-006-801004,Treasury / PFMS,Possession Taken,2020-10-04,2020-10-25,21,False
21-026-006-801004,R&R Cell,Possession Taken,2020-10-25,2020-11-29,35,False
21-026-006-801004,Revenue Divisional Officer,Possession Taken,2020-11-29,,32,True
22-002-003-731451,Revenue Divisional Officer,R&R Implementation,2021-02-15,2021-04-28,72,False
22-002-003-731451,R&R Cell,R&R Implementation,2021-04-28,2021-05-21,23,False
22-002-003-731451,Land Acquisition Officer,R&R Implementation,2021-05-21,,158,True
36-027-010-959284,Revenue Divisional Officer,SIA Completed,2021-11-21,2021-11-23,2,False
36-027-010-959284,Tehsildar,SIA Completed,2021-11-23,2021-12-17,24,False
36-027-010-959284,Land Acquisition Officer,SIA Completed,2021-12-17,2022-01-20,34,False
36-027-010-959284,Treasury / PFMS,SIA Completed,2022-01-20,2022-03-03,42,False
36-027-010-959284,R&R Cell,SIA Completed,2022-03-03,2022-05-25,83,False
36-027-010-959284,District Collector,SIA Completed,2022-05-25,2022-06-30,36,False
36-027-010-959284,Legal Cell,SIA Completed,2022-06-30,,29,True
36-019-006-621721,Tehsildar,Compensation Disbursement,2021-10-08,2021-12-06,59,False
36-019-006-621721,Legal Cell,Compensation Disbursement,2021-12-06,2021-12-17,11,False
36-019-006-621721,Treasury / PFMS,Compensation Disbursement,2021-12-17,2022-05-06,140,False
36-019-006-621721,Land Acquisition Officer,Compensation Disbursement,2022-05-06,2022-05-08,2,False
36-019-006-621721,District Collector,Compensation Disbursement,2022-05-08,2022-06-29,52,False
36-019-006-621721,R&R Cell,Compensation Disbursement,2022-06-29,,123,True
22-009-003-276112,Land Acquisition Officer,Possession Taken,2021-03-28,2021-06-24,88,False
22-009-003-276112,Revenue Divisional Officer,Possession Taken,2021-06-24,2021-08-18,55,False
22-009-003-276112,District Collector,Possession Taken,2021-08-18,2021-10-18,61,False
22-009-003-276112,R&R Cell,Possession Taken,2021-10-18,,110,True
21-005-012-204869,Legal Cell,Section 11 Notification Issued,2020-11-17,2020-12-18,31,False
21-005-012-204869,District Collector,Section 11 Notification Issued,2020-12-18,2021-01-26,39,False
21-005-012-204869,Treasury / PFMS,Section 11 Notification Issued,2021-01-26,2021-08-08,194,False
21-005-012-204869,Tehsildar,Section 11 Notification Issued,2021-08-08,2021-11-07,91,False
21-005-012-204869,R&R Cell,Section 11 Notification Issued,2021-11-07,2021-11-30,23,False
21-005-012-204869,Land Acquisition Officer,Section 11 Notification Issued,2021-11-30,,12,True
33-031-019-065120,Tehsildar,Possession Taken,2020-08-20,2020-10-10,51,False
33-031-019-065120,Revenue Divisional Officer,Possession Taken,2020-10-10,2020-11-10,31,False
33-031-019-065120,Legal Cell,Possession Taken,2020-11-10,2020-12-07,27,False
33-031-019-065120,Land Acquisition Officer,Possession Taken,2020-12-07,2021-01-31,55,False
33-031-019-065120,Treasury / PFMS,Possession Taken,2021-01-31,,247,True
23-028-005-493813,Tehsildar,Section 11 Notification Issued,2020-01-23,2020-02-15,23,False
23-028-005-493813,R&R Cell,Section 11 Notification Issued,2020-02-15,2020-04-16,61,False
23-028-005-493813,District Collector,Section 11 Notification Issued,2020-04-16,2020-05-19,33,False
23-028-005-493813,Revenue Divisional Officer,Section 11 Notification Issued,2020-05-19,2020-07-06,48,False
23-028-005-493813,Legal Cell,Section 11 Notification Issued,2020-07-06,2020-08-09,34,False
23-028-005-493813,Treasury / PFMS,Section 11 Notification Issued,2020-08-09,,65,True
33-014-003-624419,Legal Cell,Possession Taken,2022-07-08,2022-08-27,50,False
33-014-003-624419,Land Acquisition Officer,Possession Taken,2022-08-27,2022-12-14,109,False
33-014-003-624419,Revenue Divisional Officer,Possession Taken,2022-12-14,2023-01-11,28,False
33-014-003-624419,Tehsildar,Possession Taken,2023-01-11,,63,True
27-025-010-264070,Tehsildar,Compensation Disbursement,2021-06-22,2022-01-30,222,False
27-025-010-264070,Treasury / PFMS,Compensation Disbursement,2022-01-30,2022-03-15,44,False
27-025-010-264070,Land Acquisition Officer,Compensation Disbursement,2022-03-15,2022-04-23,39,False
27-025-010-264070,District Collector,Compensation Disbursement,2022-04-23,2022-07-02,70,False
27-025-010-264070,Revenue Divisional Officer,Compensation Disbursement,2022-07-02,,159,True
09-031-010-245314,Legal Cell,Award Declared,2022-06-16,2022-07-20,34,False
09-031-010-245314,R&R Cell,Award Declared,2022-07-20,2022-11-14,117,False
09-031-010-245314,Treasury / PFMS,Award Declared,2022-11-14,2022-12-05,21,False
09-031-010-245314,District Collector,Award Declared,2022-12-05,2023-03-20,105,False
09-031-010-245314,Tehsildar,Award Declared,2023-03-20,2023-03-22,2,False
09-031-010-245314,Revenue Divisional Officer,Award Declared,2023-03-22,2023-07-12,112,False
09-031-010-245314,Land Acquisition Officer,Award Declared,2023-07-12,,68,True
29-018-016-583426,Legal Cell,Compensation Disbursement,2023-02-15,2023-03-03,16,False
29-018-016-583426,Tehsildar,Compensation Disbursement,2023-03-03,2023-06-11,100,False
29-018-016-583426,District Collector,Compensation Disbursement,2023-06-11,2023-12-30,202,False
29-018-016-583426,Revenue Divisional Officer,Compensation Disbursement,2023-12-30,,86,True
09-044-013-404185,Land Acquisition Officer,Compensation Disbursement,2022-07-09,2022-07-14,5,False
09-044-013-404185,Treasury / PFMS,Compensation Disbursement,2022-07-14,2022-08-30,47,False
09-044-013-404185,District Collector,Compensation Disbursement,2022-08-30,2022-09-06,7,False
09-044-013-404185,Revenue Divisional Officer,Compensation Disbursement,2022-09-06,2022-09-11,5,False
09-044-013-404185,Tehsildar,Compensation Disbursement,2022-09-11,2022-09-13,2,False
09-044-013-404185,R&R Cell,Compensation Disbursement,2022-09-13,,70,True
23-028-004-042521,R&R Cell,R&R Implementation,2023-01-15,2023-01-19,4,False
23-028-004-042521,Revenue Divisional Officer,R&R Implementation,2023-01-19,2023-02-21,33,False
23-028-004-042521,Land Acquisition Officer,R&R Implementation,2023-02-21,2023-04-02,40,False
23-028-004-042521,District Collector,R&R Implementation,2023-04-02,,28,True
22-009-003-212798,District Collector,Award Declared,2023-11-02,2023-12-05,33,False
22-009-003-212798,Tehsildar,Award Declared,2023-12-05,2024-04-20,137,False
22-009-003-212798,Legal Cell,Award Declared,2024-04-20,2024-05-02,12,False
22-009-003-212798,Treasury / PFMS,Award Declared,2024-05-02,2024-06-20,49,False
22-009-003-212798,Land Acquisition Officer,Award Declared,2024-06-20,2024-07-21,31,False
22-009-003-212798,Revenue Divisional Officer,Award Declared,2024-07-21,,198,True
21-026-005-799576,District Collector,R&R Implementation,2022-07-08,2022-10-02,86,False
21-026-005-799576,Treasury / PFMS,R&R Implementation,2022-10-02,2022-10-24,22,False
21-026-005-799576,Legal Cell,R&R Implementation,2022-10-24,2023-01-31,99,False
21-026-005-799576,Land Acquisition Officer,R&R Implementation,2023-01-31,2023-02-23,23,False
21-026-005-799576,Tehsildar,R&R Implementation,2023-02-23,2023-03-16,21,False
21-026-005-799576,Revenue Divisional Officer,R&R Implementation,2023-03-16,,68,True
22-014-017-793907,R&R Cell,SIA Completed,2019-01-07,2019-02-18,42,False
22-014-017-793907,Revenue Divisional Officer,SIA Completed,2019-02-18,2019-03-10,20,False
22-014-017-793907,Legal Cell,SIA Completed,2019-03-10,2019-03-12,2,False
22-014-017-793907,Tehsildar,SIA Completed,2019-03-12,2019-05-16,65,False
22-014-017-793907,Land Acquisition Officer,SIA Completed,2019-05-16,,55,True
22-014-012-594344,Land Acquisition Officer,Section 11 Notification Issued,2022-11-06,2022-11-08,2,False
22-014-012-594344,District Collector,Section 11 Notification Issued,2022-11-08,2022-11-28,20,False
22-014-012-594344,Treasury / PFMS,Section 11 Notification Issued,2022-11-28,2022-12-22,24,False
22-014-012-594344,Revenue Divisional Officer,Section 11 Notification Issued,2022-12-22,,13,True
09-002-004-500329,R&R Cell,Possession Taken,2020-06-23,2020-08-06,44,False
09-002-004-500329,Tehsildar,Possession Taken,2020-08-06,2020-08-23,17,False
09-002-004-500329,District Collector,Possession Taken,2020-08-23,,14,True
21-005-023-666269,Tehsildar,Possession Taken,2020-12-08,2020-12-10,2,False
21-005-023-666269,Revenue Divisional Officer,Possession Taken,2020-12-10,2020-12-30,20,False
21-005-023-666269,District Collector,Possession Taken,2020-12-30,2021-06-13,165,False
21-005-023-666269,Treasury / PFMS,Possession Taken,2021-06-13,2021-08-31,79,False
21-005-023-666269,R&R Cell,Possession Taken,2021-08-31,2021-09-05,5,False
21-005-023-666269,Land Acquisition Officer,Possession Taken,2021-09-05,,130,True
33-045-009-097812,Legal Cell,Possession Taken,2023-11-29,2024-01-28,60,False
33-045-009-097812,Tehsildar,Possession Taken,2024-01-28,2024-04-23,86,False
33-045-009-097812,Treasury / PFMS,Possession Taken,2024-04-23,2024-05-20,27,False
33-045-009-097812,Revenue Divisional Officer,Possession Taken,2024-05-20,2024-06-27,38,False
33-045-009-097812,R&R Cell,Possession Taken,2024-06-27,,104,True
27-025-001-660303,Tehsildar,R&R Implementation,2020-07-08,2020-07-10,2,False
27-025-001-660303,Legal Cell,R&R Implementation,2020-07-10,2021-01-24,198,False
27-025-001-660303,Land Acquisition Officer,R&R Implementation,2021-01-24,2021-04-11,77,False
27-025-001-660303,Revenue Divisional Officer,R&R Implementation,2021-04-11,2021-08-02,113,False
27-025-001-660303,R&R Cell,R&R Implementation,2021-08-02,2021-11-04,94,False
27-025-001-660303,Treasury / PFMS,R&R Implementation,2021-11-04,,21,True
22-002-001-361870,Treasury / PFMS,Section 11 Notification Issued,2022-07-16,2022-08-23,38,False
22-002-001-361870,R&R Cell,Section 11 Notification Issued,2022-08-23,2022-08-27,4,False
22-002-001-361870,District Collector,Section 11 Notification Issued,2022-08-27,2022-08-31,4,False
22-002-001-361870,Tehsildar,Section 11 Notification Issued,2022-08-31,2022-11-06,67,False
22-002-001-361870,Land Acquisition Officer,Section 11 Notification Issued,2022-11-06,2023-01-31,86,False
22-002-001-361870,Legal Cell,Section 11 Notification Issued,2023-01-31,,174,True
27-025-022-646157,R&R Cell,Possession Taken,2019-07-14,2019-08-09,26,False
27-025-022-646157,Revenue Divisional Officer,Possession Taken,2019-08-09,2019-09-05,27,False
27-025-022-646157,Tehsildar,Possession Taken,2019-09-05,2019-10-30,55,False
27-025-022-646157,Treasury / PFMS,Possession Taken,2019-10-30,2019-11-13,14,False
27-025-022-646157,Land Acquisition Officer,Possession Taken,2019-11-13,,58,True
09-015-013-630484,District Collector,Possession Taken,2023-05-15,2023-06-06,22,False
09-015-013-630484,Treasury / PFMS,Possession Taken,2023-06-06,2023-06-24,18,False
09-015-013-630484,R&R Cell,Possession Taken,2023-06-24,2023-08-07,44,False
09-015-013-630484,Revenue Divisional Officer,Possession Taken,2023-08-07,,60,True
22-009-002-219883,Tehsildar,Possession Taken,2019-08-17,2019-09-12,26,False
22-009-002-219883,District Collector,Possession Taken,2019-09-12,2019-09-20,8,False
22-009-002-219883,Legal Cell,Possession Taken,2019-09-20,2019-11-18,59,False
22-009-002-219883,Revenue Divisional Officer,Possession Taken,2019-11-18,2020-03-07,110,False
22-009-002-219883,R&R Cell,Possession Taken,2020-03-07,,11,True
27-025-015-665882,Legal Cell,Award Declared,2023-05-08,2023-09-30,145,False
27-025-015-665882,District Collector,Award Declared,2023-09-30,2023-11-02,33,False
27-025-015-665882,Revenue Divisional Officer,Award Declared,2023-11-02,2024-04-23,173,False
27-025-015-665882,Treasury / PFMS,Award Declared,2024-04-23,,162,True
21-026-010-849923,R&R Cell,Award Declared,2020-06-11,2020-08-11,61,False
21-026-010-849923,Treasury / PFMS,Award Declared,2020-08-11,2020-12-11,122,False
21-026-010-849923,Tehsildar,Award Declared,2020-12-11,2021-01-26,46,False
21-026-010-849923,District Collector,Award Declared,2021-01-26,2021-05-08,102,False
21-026-010-849923,Legal Cell,Award Declared,2021-05-08,2021-05-13,5,False
21-026-010-849923,Land Acquisition Officer,Award Declared,2021-05-13,,590,True
33-023-003-111318,Treasury / PFMS,Section 11 Notification Issued,2022-01-28,2022-02-03,6,False
33-023-003-111318,Land Acquisition Officer,Section 11 Notification Issued,2022-02-03,2022-02-05,2,False
33-023-003-111318,R&R Cell,Section 11 Notification Issued,2022-02-05,2022-02-12,7,False
33-023-003-111318,District Collector,Section 11 Notification Issued,2022-02-12,2022-02-20,8,False
33-023-003-111318,Tehsildar,Section 11 Notification Issued,2022-02-20,,199,True
29-009-017-318719,R&R Cell,Compensation Disbursement,2019-07-12,2019-08-06,25,False
29-009-017-318719,Revenue Divisional Officer,Compensation Disbursement,2019-08-06,2019-09-16,41,False
29-009-017-318719,District Collector,Compensation Disbursement,2019-09-16,,17,True
27-025-016-963898,R&R Cell,Award Declared,2023-05-29,2023-06-01,3,False
27-025-016-963898,Treasury / PFMS,Award Declared,2023-06-01,2023-11-30,182,False
27-025-016-963898,Land Acquisition Officer,Award Declared,2023-11-30,2024-04-27,149,False
27-025-016-963898,Legal Cell,Award Declared,2024-04-27,,32,True
21-026-001-033765,Legal Cell,Possession Taken,2022-08-14,2022-10-25,72,False
21-026-001-033765,Land Acquisition Officer,Possession Taken,2022-10-25,2022-11-08,14,False
21-026-001-033765,Revenue Divisional Officer,Possession Taken,2022-11-08,2023-01-10,63,False
21-026-001-033765,District Collector,Possession Taken,2023-01-10,2023-02-14,35,False
21-026-001-033765,Treasury / PFMS,Possession Taken,2023-02-14,,101,True
21-019-003-645108,R&R Cell,Possession Taken,2022-08-09,2022-09-22,44,False
21-019-003-645108,Treasury / PFMS,Possession Taken,2022-09-22,2022-11-22,61,False
21-019-003-645108,Legal Cell,Possession Taken,2022-11-22,2023-01-24,63,False
21-019-003-645108,Tehsildar,Possession Taken,2023-01-24,,17,True
23-028-011-237736,R&R Cell,Possession Taken,2019-06-02,2020-02-12,255,False
23-028-011-237736,Revenue Divisional Officer,Possession Taken,2020-02-12,2020-05-17,95,False
23-028-011-237736,Land Acquisition Officer,Possession Taken,2020-05-17,2020-05-20,3,False
23-028-011-237736,Legal Cell,Possession Taken,2020-05-20,2020-07-09,50,False
23-028-011-237736,Treasury / PFMS,Possession Taken,2020-07-09,,182,True
36-011-020-735729,Treasury / PFMS,SIA Completed,2021-09-25,2021-10-07,12,False
36-011-020-735729,R&R Cell,SIA Completed,2021-10-07,2021-11-25,49,False
36-011-020-735729,Legal Cell,SIA Completed,2021-11-25,2021-11-29,4,False
36-011-020-735729,Land Acquisition Officer,SIA Completed,2021-11-29,2021-12-13,14,False
36-011-020-735729,Tehsildar,SIA Completed,2021-12-13,2022-01-19,37,False
36-011-020-735729,Revenue Divisional Officer,SIA Completed,2022-01-19,,81,True
21-019-007-297332,Treasury / PFMS,Compensation Disbursement,2021-05-18,2021-07-10,53,False
21-019-007-297332,District Collector,Compensation Disbursement,2021-07-10,2021-09-28,80,False
21-019-007-297332,R&R Cell,Compensation Disbursement,2021-09-28,2021-11-14,47,False
21-019-007-297332,Tehsildar,Compensation Disbursement,2021-11-14,,232,True
36-019-002-560534,Treasury / PFMS,R&R Implementation,2023-04-23,2023-05-01,8,False
36-019-002-560534,Legal Cell,R&R Implementation,2023-05-01,2023-05-19,18,False
36-019-002-560534,District Collector,R&R Implementation,2023-05-19,2023-07-09,51,False
36-019-002-560534,Revenue Divisional Officer,R&R Implementation,2023-07-09,2023-07-11,2,False
36-019-002-560534,Tehsildar,R&R Implementation,2023-07-11,2023-07-15,4,False
36-019-002-560534,Land Acquisition Officer,R&R Implementation,2023-07-15,2023-10-19,96,False
36-019-002-560534,R&R Cell,R&R Implementation,2023-10-19,,121,True
27-013-003-816162,Land Acquisition Officer,Award Declared,2020-05-09,2020-07-06,58,False
27-013-003-816162,Tehsildar,Award Declared,2020-07-06,2020-07-31,25,False
27-013-003-816162,R&R Cell,Award Declared,2020-07-31,2020-11-30,122,False
27-013-003-816162,Legal Cell,Award Declared,2020-11-30,2020-12-09,9,False
27-013-003-816162,District Collector,Award Declared,2020-12-09,,132,True
33-023-022-052203,Treasury / PFMS,Compensation Disbursement,2022-06-02,2022-06-12,10,False
33-023-022-052203,Land Acquisition Officer,Compensation Disbursement,2022-06-12,2022-11-28,169,False
33-023-022-052203,Revenue Divisional Officer,Compensation Disbursement,2022-11-28,,107,True
29-018-006-070607,Legal Cell,R&R Implementation,2020-10-15,2020-10-18,3,False
29-018-006-070607,District Collector,R&R Implementation,2020-10-18,2020-10-20,2,False
29-018-006-070607,R&R Cell,R&R Implementation,2020-10-20,2020-10-30,10,False
29-018-006-070607,Revenue Divisional Officer,R&R Implementation,2020-10-30,2021-05-27,209,False
29-018-006-070607,Tehsildar,R&R Implementation,2021-05-27,2021-07-30,64,False
29-018-006-070607,Land Acquisition Officer,R&R Implementation,2021-07-30,,5,True
21-019-009-226590,District Collector,Possession Taken,2020-01-06,2020-01-08,2,False
21-019-009-226590,Tehsildar,Possession Taken,2020-01-08,2020-01-19,11,False
21-019-009-226590,R&R Cell,Possession Taken,2020-01-19,2020-01-26,7,False
21-019-009-226590,Treasury / PFMS,Possession Taken,2020-01-26,,27,True
23-028-018-298105,Land Acquisition Officer,SIA Completed,2023-06-24,2023-08-23,60,False
23-028-018-298105,Treasury / PFMS,SIA Completed,2023-08-23,2024-04-25,246,False
23-028-018-298105,District Collector,SIA Completed,2024-04-25,2024-05-16,21,False
23-028-018-298105,Legal Cell,SIA Completed,2024-05-16,2024-05-30,14,False
23-028-018-298105,Revenue Divisional Officer,SIA Completed,2024-05-30,2024-06-01,2,False
23-028-018-298105,R&R Cell,SIA Completed,2024-06-01,,126,True
22-014-004-452829,Land Acquisition Officer,SIA Completed,2021-08-05,2022-02-15,194,False
22-014-004-452829,Tehsildar,SIA Completed,2022-02-15,2022-02-19,4,False
22-014-004-452829,Revenue Divisional Officer,SIA Completed,2022-02-19,2022-08-16,178,False
22-014-004-452829,Legal Cell,SIA Completed,2022-08-16,2022-10-23,68,False
22-014-004-452829,Treasury / PFMS,SIA Completed,2022-10-23,2023-01-31,100,False
22-014-004-452829,R&R Cell,SIA Completed,2023-01-31,2023-02-16,16,False
22-014-004-452829,District Collector,SIA Completed,2023-02-16,,22,True
27-013-001-641445,District Collector,Possession Taken,2023-07-31,2023-08-17,17,False
27-013-001-641445,R&R Cell,Possession Taken,2023-08-17,2024-04-05,232,False
27-013-001-641445,Revenue Divisional Officer,Possession Taken,2024-04-05,2024-04-17,12,False
27-013-001-641445,Tehsildar,Possession Taken,2024-04-17,,3,True
23-016-005-294751,R&R Cell,Compensation Disbursement,2020-05-19,2020-05-25,6,False
23-016-005-294751,Legal Cell,Compensation Disbursement,2020-05-25,2020-07-12,48,False
23-016-005-294751,District Collector,Compensation Disbursement,2020-07-12,2020-07-20,8,False
23-016-005-294751,Treasury / PFMS,Compensation Disbursement,2020-07-20,2020-08-13,24,False
23-016-005-294751,Tehsildar,Compensation Disbursement,2020-08-13,2020-09-20,38,False
23-016-005-294751,Land Acquisition Officer,Compensation Disbursement,2020-09-20,2020-09-22,2,False
23-016-005-294751,Revenue Divisional Officer,Compensation Disbursement,2020-09-22,,62,True
23-004-005-150803,Legal Cell,Compensation Disbursement,2019-06-26,2019-09-23,89,False
23-004-005-150803,R&R Cell,Compensation Disbursement,2019-09-23,2019-10-12,19,False
23-004-005-150803,District Collector,Compensation Disbursement,2019-10-12,2019-10-16,4,False
23-004-005-150803,Tehsildar,Compensation Disbursement,2019-10-16,2020-02-29,136,False
23-004-005-150803,Revenue Divisional Officer,Compensation Disbursement,2020-02-29,2020-03-29,29,False
23-004-005-150803,Treasury / PFMS,Compensation Disbursement,2020-03-29,,27,True
36-027-021-776499,District Collector,Compensation Disbursement,2022-05-27,2022-07-03,37,False
36-027-021-776499,Tehsildar,Compensation Disbursement,2022-07-03,2022-07-29,26,False
36-027-021-776499,R&R Cell,Compensation Disbursement,2022-07-29,2022-09-02,35,False
36-027-021-776499,Land Acquisition Officer,Compensation Disbursement,2022-09-02,2022-09-28,26,False
36-027-021-776499,Revenue Divisional Officer,Compensation Disbursement,2022-09-28,2022-11-04,37,False
36-027-021-776499,Legal Cell,Compensation Disbursement,2022-11-04,,158,True
36-003-002-181890,Legal Cell,Possession Taken,2021-07-01,2021-09-08,69,False
36-003-002-181890,R&R Cell,Possession Taken,2021-09-08,2022-03-09,182,False
36-003-002-181890,Land Acquisition Officer,Possession Taken,2022-03-09,2022-05-05,57,False
36-003-002-181890,Revenue Divisional Officer,Possession Taken,2022-05-05,2022-09-12,130,False
36-003-002-181890,Treasury / PFMS,Possession Taken,2022-09-12,2022-12-27,106,False
36-003-002-181890,Tehsildar,Possession Taken,2022-12-27,2023-01-06,10,False
36-003-002-181890,District Collector,Possession Taken,2023-01-06,,54,True
33-023-024-641523,Legal Cell,SIA Completed,2019-03-25,2019-05-17,53,False
33-023-024-641523,Tehsildar,SIA Completed,2019-05-17,2019-05-19,2,False
33-023-024-641523,Revenue Divisional Officer,SIA Completed,2019-05-19,2019-05-29,10,False
33-023-024-641523,R&R Cell,SIA Completed,2019-05-29,2019-05-31,2,False
33-023-024-641523,Land Acquisition Officer,SIA Completed,2019-05-31,2019-06-10,10,False
33-023-024-641523,Treasury / PFMS,SIA Completed,2019-06-10,2019-06-15,5,False
33-023-024-641523,District Collector,SIA Completed,2019-06-15,,33,True
23-028-024-197282,Land Acquisition Officer,Section 11 Notification Issued,2021-05-06,2021-05-17,11,False
23-028-024-197282,Tehsildar,Section 11 Notification Issued,2021-05-17,2021-07-31,75,False
23-028-024-197282,Revenue Divisional Officer,Section 11 Notification Issued,2021-07-31,,85,True
33-014-013-611333,Revenue Divisional Officer,SIA Completed,2020-03-05,2020-03-25,20,False
33-014-013-611333,R&R Cell,SIA Completed,2020-03-25,2020-06-09,76,False
33-014-013-611333,Tehsildar,SIA Completed,2020-06-09,2020-07-29,50,False
33-014-013-611333,Land Acquisition Officer,SIA Completed,2020-07-29,2020-07-31,2,False
33-014-013-611333,Legal Cell,SIA Completed,2020-07-31,,353,True
36-027-013-769515,R&R Cell,Award Declared,2022-03-27,2022-04-28,32,False
36-027-013-769515,Legal Cell,Award Declared,2022-04-28,2022-06-01,34,False
36-027-013-769515,Treasury / PFMS,Award Declared,2022-06-01,2022-09-04,95,False
36-027-013-769515,District Collector,Award Declared,2022-09-04,2022-12-27,114,False
36-027-013-769515,Land Acquisition Officer,Award Declared,2022-12-27,,73,True
21-026-010-001443,Land Acquisition Officer,Award Declared,2020-01-20,2020-01-22,2,False
21-026-010-001443,Treasury / PFMS,Award Declared,2020-01-22,2020-03-07,45,False
21-026-010-001443,District Collector,Award Declared,2020-03-07,2020-05-29,83,False
21-026-010-001443,Legal Cell,Award Declared,2020-05-29,,46,True
27-001-002-170453,R&R Cell,SIA Completed,2023-07-22,2023-08-26,35,False
27-001-002-170453,Treasury / PFMS,SIA Completed,2023-08-26,2023-09-29,34,False
27-001-002-170453,Land Acquisition Officer,SIA Completed,2023-09-29,2023-11-07,39,False
27-001-002-170453,District Collector,SIA Completed,2023-11-07,2023-12-18,41,False
27-001-002-170453,Tehsildar,SIA Completed,2023-12-18,2024-01-10,23,False
27-001-002-170453,Revenue Divisional Officer,SIA Completed,2024-01-10,,220,True
27-001-019-044121,Tehsildar,Compensation Disbursement,2019-07-18,2019-07-20,2,False
27-001-019-044121,Revenue Divisional Officer,Compensation Disbursement,2019-07-20,2019-10-16,88,False
27-001-019-044121,Legal Cell,Compensation Disbursement,2019-10-16,,111,True
09-015-009-180643,Revenue Divisional Officer,Section 11 Notification Issued,2020-12-17,2020-12-22,5,False
09-015-009-180643,Tehsildar,Section 11 Notification Issued,2020-12-22,2021-03-05,73,False
09-015-009-180643,Treasury / PFMS,Section 11 Notification Issued,2021-03-05,,29,True
22-009-023-040045,Land Acquisition Officer,R&R Implementation,2023-12-18,2024-05-16,150,False
22-009-023-040045,District Collector,R&R Implementation,2024-05-16,2024-05-22,6,False
22-009-023-040045,Legal Cell,R&R Implementation,2024-05-22,2024-07-05,44,False
22-009-023-040045,Tehsildar,R&R Implementation,2024-07-05,,173,True
09-002-024-994533,Legal Cell,Award Declared,2022-02-03,2022-03-21,46,False
09-002-024-994533,Treasury / PFMS,Award Declared,2022-03-21,2022-03-23,2,False
09-002-024-994533,Land Acquisition Officer,Award Declared,2022-03-23,2022-03-30,7,False
09-002-024-994533,Revenue Divisional Officer,Award Declared,2022-03-30,2022-04-25,26,False
09-002-024-994533,R&R Cell,Award Declared,2022-04-25,,14,True
23-033-017-079894,Land Acquisition Officer,R&R Implementation,2023-03-04,2023-12-28,299,False
23-033-017-079894,Tehsildar,R&R Implementation,2023-12-28,2024-12-23,361,False
23-033-017-079894,R&R Cell,R&R Implementation,2024-12-23,2025-02-05,44,False
23-033-017-079894,Treasury / PFMS,R&R Implementation,2025-02-05,2025-03-23,46,False
23-033-017-079894,Legal Cell,R&R Implementation,2025-03-23,,21,True
36-003-020-722251,District Collector,Compensation Disbursement,2021-03-28,2021-03-30,2,False
36-003-020-722251,Treasury / PFMS,Compensation Disbursement,2021-03-30,2021-04-20,21,False
36-003-020-722251,Revenue Divisional Officer,Compensation Disbursement,2021-04-20,2021-07-11,82,False
36-003-020-722251,Land Acquisition Officer,Compensation Disbursement,2021-07-11,,239,True
22-018-007-031791,Legal Cell,SIA Completed,2019-08-23,2019-10-10,48,False
22-018-007-031791,Tehsildar,SIA Completed,2019-10-10,2019-11-27,48,False
22-018-007-031791,R&R Cell,SIA Completed,2019-11-27,,3,True
23-004-002-021181,Tehsildar,SIA Completed,2020-01-06,2020-01-20,14,False
23-004-002-021181,Treasury / PFMS,SIA Completed,2020-01-20,2020-03-13,53,False
23-004-002-021181,Revenue Divisional Officer,SIA Completed,2020-03-13,2020-05-15,63,False
23-004-002-021181,District Collector,SIA Completed,2020-05-15,2020-06-08,24,False
23-004-002-021181,Legal Cell,SIA Completed,2020-06-08,2021-02-23,260,False
23-004-002-021181,R&R Cell,SIA Completed,2021-02-23,2021-03-10,15,False
23-004-002-021181,Land Acquisition Officer,SIA Completed,2021-03-10,,115,True
29-009-006-340166,R&R Cell,Compensation Disbursement,2021-10-02,2022-01-15,105,False
29-009-006-340166,Revenue Divisional Officer,Compensation Disbursement,2022-01-15,2022-01-18,3,False
29-009-006-340166,Tehsildar,Compensation Disbursement,2022-01-18,2022-10-05,260,False
29-009-006-340166,Treasury / PFMS,Compensation Disbursement,2022-10-05,2022-12-19,75,False
29-009-006-340166,Legal Cell,Compensation Disbursement,2022-12-19,2023-01-03,15,False
29-009-006-340166,District Collector,Compensation Disbursement,2023-01-03,2023-04-10,97,False
29-009-006-340166,Land Acquisition Officer,Compensation Disbursement,2023-04-10,,249,True
23-033-007-742467,Treasury / PFMS,SIA Completed,2023-07-04,2023-07-18,14,False
23-033-007-742467,Land Acquisition Officer,SIA Completed,2023-07-18,2023-11-05,110,False
23-033-007-742467,Tehsildar,SIA Completed,2023-11-05,2024-03-06,122,False
23-033-007-742467,District Collector,SIA Completed,2024-03-06,2024-04-13,38,False
23-033-007-742467,R&R Cell,SIA Completed,2024-04-13,2024-08-26,135,False
23-033-007-742467,Legal Cell,SIA Completed,2024-08-26,,349,True
33-045-002-169773,Legal Cell,Award Declared,2023-08-16,2023-10-21,66,False
33-045-002-169773,Revenue Divisional Officer,Award Declared,2023-10-21,2023-10-23,2,False
33-045-002-169773,R&R Cell,Award Declared,2023-10-23,2023-12-15,53,False
33-045-002-169773,District Collector,Award Declared,2023-12-15,2024-01-01,17,False
33-045-002-169773,Land Acquisition Officer,Award Declared,2024-01-01,,118,True
27-001-019-900824,R&R Cell,Section 11 Notification Issued,2023-12-13,2023-12-18,5,False
27-001-019-900824,Tehsildar,Section 11 Notification Issued,2023-12-18,2024-02-04,48,False
27-001-019-900824,Revenue Divisional Officer,Section 11 Notification Issued,2024-02-04,2024-02-22,18,False
27-001-019-900824,Treasury / PFMS,Section 11 Notification Issued,2024-02-22,,112,True
29-009-004-318285,Treasury / PFMS,R&R Implementation,2019-02-17,2019-03-29,40,False
29-009-004-318285,Land Acquisition Officer,R&R Implementation,2019-03-29,2019-04-20,22,False
29-009-004-318285,District Collector,R&R Implementation,2019-04-20,2019-05-03,13,False
29-009-004-318285,Legal Cell,R&R Implementation,2019-05-03,2019-08-06,95,False
29-009-004-318285,R&R Cell,R&R Implementation,2019-08-06,2019-08-20,14,False
29-009-004-318285,Revenue Divisional Officer,R&R Implementation,2019-08-20,,40,True
36-027-013-339968,Revenue Divisional Officer,Award Declared,2019-10-14,2019-11-14,31,False
36-027-013-339968,Land Acquisition Officer,Award Declared,2019-11-14,2019-11-17,3,False
36-027-013-339968,District Collector,Award Declared,2019-11-17,2019-11-21,4,False
36-027-013-339968,Treasury / PFMS,Award Declared,2019-11-21,2020-05-15,176,False
36-027-013-339968,R&R Cell,Award Declared,2020-05-15,2020-08-15,92,False
36-027-013-339968,Tehsildar,Award Declared,2020-08-15,,17,True
27-037-008-686288,Legal Cell,SIA Completed,2019-03-04,2019-03-08,4,False
27-037-008-686288,Treasury / PFMS,SIA Completed,2019-03-08,2019-04-03,26,False
27-037-008-686288,Tehsildar,SIA Completed,2019-04-03,2019-04-22,19,False
27-037-008-686288,Revenue Divisional Officer,SIA Completed,2019-04-22,,301,True
29-018-008-164220,R&R Cell,Section 11 Notification Issued,2022-10-07,2022-12-07,61,False
29-018-008-164220,Tehsildar,Section 11 Notification Issued,2022-12-07,2023-02-12,67,False
29-018-008-164220,Treasury / PFMS,Section 11 Notification Issued,2023-02-12,,132,True
27-037-018-273093,District Collector,Compensation Disbursement,2025-07-03,2025-08-26,54,False
27-037-018-273093,Legal Cell,Compensation Disbursement,2025-08-26,2025-09-08,13,False
27-037-018-273093,Revenue Divisional Officer,Compensation Disbursement,2025-09-08,2026-01-06,120,False
27-037-018-273093,Treasury / PFMS,Compensation Disbursement,2026-01-06,,17,True
22-002-022-420389,Legal Cell,Compensation Disbursement,2026-03-14,2026-04-15,32,False
22-002-022-420389,Treasury / PFMS,Compensation Disbursement,2026-04-15,2026-04-18,3,False
22-002-022-420389,District Collector,Compensation Disbursement,2026-04-18,2026-12-25,251,False
22-002-022-420389,Tehsildar,Compensation Disbursement,2026-12-25,,16,True
09-044-014-641225,District Collector,SIA Completed,2026-08-15,2026-08-20,5,False
09-044-014-641225,Land Acquisition Officer,SIA Completed,2026-08-20,2026-08-30,10,False
09-044-014-641225,Legal Cell,SIA Completed,2026-08-30,2026-10-24,55,False
09-044-014-641225,Revenue Divisional Officer,SIA Completed,2026-10-24,2026-11-25,32,False
09-044-014-641225,R&R Cell,SIA Completed,2026-11-25,2027-04-03,129,False
09-044-014-641225,Tehsildar,SIA Completed,2027-04-03,2027-05-23,50,False
09-044-014-641225,Treasury / PFMS,SIA Completed,2027-05-23,,375,True
21-005-024-337424,Legal Cell,Compensation Disbursement,2025-07-01,2026-04-28,301,False
21-005-024-337424,District Collector,Compensation Disbursement,2026-04-28,2026-06-18,51,False
21-005-024-337424,R&R Cell,Compensation Disbursement,2026-06-18,2026-08-19,62,False
21-005-024-337424,Land Acquisition Officer,Compensation Disbursement,2026-08-19,2026-09-19,31,False
21-005-024-337424,Treasury / PFMS,Compensation Disbursement,2026-09-19,2026-12-05,77,False
21-005-024-337424,Revenue Divisional Officer,Compensation Disbursement,2026-12-05,,89,True
23-004-006-093855,Legal Cell,SIA Completed,2024-06-25,2024-07-20,25,False
23-004-006-093855,Revenue Divisional Officer,SIA Completed,2024-07-20,2024-08-28,39,False
23-004-006-093855,Land Acquisition Officer,SIA Completed,2024-08-28,,181,True
36-027-007-288778,R&R Cell,Compensation Disbursement,2026-03-23,2026-05-01,39,False
36-027-007-288778,Land Acquisition Officer,Compensation Disbursement,2026-05-01,2026-07-25,85,False
36-027-007-288778,Tehsildar,Compensation Disbursement,2026-07-25,2026-07-27,2,False
36-027-007-288778,District Collector,Compensation Disbursement,2026-07-27,2026-09-26,61,False
36-027-007-288778,Revenue Divisional Officer,Compensation Disbursement,2026-09-26,,70,True
21-026-014-370727,Legal Cell,R&R Implementation,2024-06-28,2024-07-04,6,False
21-026-014-370727,R&R Cell,R&R Implementation,2024-07-04,2025-02-16,227,False
21-026-014-370727,Treasury / PFMS,R&R Implementation,2025-02-16,,180,True
29-009-016-192964,Legal Cell,SIA Completed,2026-03-25,2026-06-23,90,False
29-009-016-192964,R&R Cell,SIA Completed,2026-06-23,2026-08-06,44,False
29-009-016-192964,Treasury / PFMS,SIA Completed,2026-08-06,,232,True
36-019-003-705316,Revenue Divisional Officer,Possession Taken,2025-02-14,2025-03-15,29,False
36-019-003-705316,District Collector,Possession Taken,2025-03-15,2025-07-04,111,False
36-019-003-705316,Treasury / PFMS,Possession Taken,2025-07-04,2025-08-08,35,False
36-019-003-705316,Land Acquisition Officer,Possession Taken,2025-08-08,2025-08-21,13,False
36-019-003-705316,Tehsildar,Possession Taken,2025-08-21,2025-10-04,44,False
36-019-003-705316,R&R Cell,Possession Taken,2025-10-04,2025-11-18,45,False
36-019-003-705316,Legal Cell,Possession Taken,2025-11-18,,167,True
36-003-020-070680,District Collector,Possession Taken,2026-06-02,2026-06-18,16,False
36-003-020-070680,Land Acquisition Officer,Possession Taken,2026-06-18,2026-09-18,92,False
36-003-020-070680,Tehsildar,Possession Taken,2026-09-18,2026-09-27,9,False
36-003-020-070680,Revenue Divisional Officer,Possession Taken,2026-09-27,2026-10-04,7,False
36-003-020-070680,Treasury / PFMS,Possession Taken,2026-10-04,2026-11-30,57,False
36-003-020-070680,R&R Cell,Possession Taken,2026-11-30,2026-12-09,9,False
36-003-020-070680,Legal Cell,Possession Taken,2026-12-09,,102,True
22-009-020-203958,Revenue Divisional Officer,Possession Taken,2025-09-10,2025-11-18,69,False
22-009-020-203958,Legal Cell,Possession Taken,2025-11-18,2025-12-21,33,False
22-009-020-203958,Treasury / PFMS,Possession Taken,2025-12-21,2026-01-04,14,False
22-009-020-203958,Tehsildar,Possession Taken,2026-01-04,2026-02-19,46,False
22-009-020-203958,R&R Cell,Possession Taken,2026-02-19,,101,True
22-009-002-176327,District Collector,Section 11 Notification Issued,2024-10-21,2024-10-26,5,False
22-009-002-176327,Treasury / PFMS,Section 11 Notification Issued,2024-10-26,2024-11-28,33,False
22-009-002-176327,Tehsildar,Section 11 Notification Issued,2024-11-28,2024-12-28,30,False
22-009-002-176327,Revenue Divisional Officer,Section 11 Notification Issued,2024-12-28,,122,True
09-044-016-605257,Revenue Divisional Officer,Award Declared,2024-12-24,2025-06-05,163,False
09-044-016-605257,Tehsildar,Award Declared,2025-06-05,2025-08-14,70,False
09-044-016-605257,Land Acquisition Officer,Award Declared,2025-08-14,2025-09-23,40,False
09-044-016-605257,R&R Cell,Award Declared,2025-09-23,,62,True
29-018-018-118244,Land Acquisition Officer,Section 11 Notification Issued,2025-06-17,2025-09-06,81,False
29-018-018-118244,Legal Cell,Section 11 Notification Issued,2025-09-06,2025-10-11,35,False
29-018-018-118244,R&R Cell,Section 11 Notification Issued,2025-10-11,,220,True
09-015-015-984880,R&R Cell,Section 11 Notification Issued,2024-10-26,2024-12-09,44,False
09-015-015-984880,Treasury / PFMS,Section 11 Notification Issued,2024-12-09,2025-02-06,59,False
09-015-015-984880,Legal Cell,Section 11 Notification Issued,2025-02-06,,165,True
22-014-013-719914,R&R Cell,R&R Implementation,2026-05-11,2026-05-28,17,False
22-014-013-719914,Treasury / PFMS,R&R Implementation,2026-05-28,2026-06-24,27,False
22-014-013-719914,Legal Cell,R&R Implementation,2026-06-24,,120,True
09-002-018-699715,Land Acquisition Officer,SIA Completed,2025-12-29,2026-02-08,41,False
09-002-018-699715,Revenue Divisional Officer,SIA Completed,2026-02-08,2026-03-30,50,False
09-002-018-699715,Tehsildar,SIA Completed,2026-03-30,2026-04-13,14,False
09-002-018-699715,District Collector,SIA Completed,2026-04-13,2026-04-22,9,False
09-002-018-699715,Legal Cell,SIA Completed,2026-04-22,2026-04-28,6,False
09-002-018-699715,Treasury / PFMS,SIA Completed,2026-04-28,,93,True
33-014-017-005215,Revenue Divisional Officer,Section 11 Notification Issued,2025-09-14,2025-10-15,31,False
33-014-017-005215,Land Acquisition Officer,Section 11 Notification Issued,2025-10-15,2025-10-25,10,False
33-014-017-005215,Legal Cell,Section 11 Notification Issued,2025-10-25,2025-11-02,8,False
33-014-017-005215,Treasury / PFMS,Section 11 Notification Issued,2025-11-02,2025-11-14,12,False
33-014-017-005215,District Collector,Section 11 Notification Issued,2025-11-14,2025-12-17,33,False
33-014-017-005215,R&R Cell,Section 11 Notification Issued,2025-12-17,2026-01-14,28,False
33-014-017-005215,Tehsildar,Section 11 Notification Issued,2026-01-14,,3,True
09-002-014-978881,Legal Cell,R&R Implementation,2026-07-20,2026-11-16,119,False
09-002-014-978881,Tehsildar,R&R Implementation,2026-11-16,2027-02-27,103,False
09-002-014-978881,Land Acquisition Officer,R&R Implementation,2027-02-27,2027-08-12,166,False
09-002-014-978881,District Collector,R&R Implementation,2027-08-12,,20,True
29-007-005-512685,R&R Cell,SIA Completed,2025-06-17,2025-07-01,14,False
29-007-005-512685,Treasury / PFMS,SIA Completed,2025-07-01,2025-08-01,31,False
29-007-005-512685,District Collector,SIA Completed,2025-08-01,2025-09-14,44,False
29-007-005-512685,Land Acquisition Officer,SIA Completed,2025-09-14,2025-10-03,19,False
29-007-005-512685,Revenue Divisional Officer,SIA Completed,2025-10-03,,339,True
21-005-003-657654,R&R Cell,Possession Taken,2024-12-01,2025-02-11,72,False
21-005-003-657654,Tehsildar,Possession Taken,2025-02-11,2025-06-16,125,False
21-005-003-657654,Revenue Divisional Officer,Possession Taken,2025-06-16,2025-09-07,83,False
21-005-003-657654,District Collector,Possession Taken,2025-09-07,,95,True
22-009-007-337564,Land Acquisition Officer,Possession Taken,2025-08-10,2025-10-30,81,False
22-009-007-337564,R&R Cell,Possession Taken,2025-10-30,2025-11-21,22,False
22-009-007-337564,Treasury / PFMS,Possession Taken,2025-11-21,2026-01-09,49,False
22-009-007-337564,Tehsildar,Possession Taken,2026-01-09,,46,True
21-012-024-149588,Legal Cell,R&R Implementation,2026-06-09,2026-07-18,39,False
21-012-024-149588,Land Acquisition Officer,R&R Implementation,2026-07-18,2026-07-28,10,False
21-012-024-149588,Treasury / PFMS,R&R Implementation,2026-07-28,2026-08-03,6,False
21-012-024-149588,Tehsildar,R&R Implementation,2026-08-03,2026-09-11,39,False
21-012-024-149588,Revenue Divisional Officer,R&R Implementation,2026-09-11,2026-10-28,47,False
21-012-024-149588,District Collector,R&R Implementation,2026-10-28,2026-11-20,23,False
21-012-024-149588,R&R Cell,R&R Implementation,2026-11-20,,140,True
29-022-008-374630,Revenue Divisional Officer,SIA Completed,2026-05-12,2026-08-03,83,False
29-022-008-374630,District Collector,SIA Completed,2026-08-03,2026-09-11,39,False
29-022-008-374630,R&R Cell,SIA Completed,2026-09-11,2027-03-07,177,False
29-022-008-374630,Land Acquisition Officer,SIA Completed,2027-03-07,,295,True
29-009-010-716020,Tehsildar,Possession Taken,2026-01-30,2026-03-05,34,False
29-009-010-716020,Treasury / PFMS,Possession Taken,2026-03-05,2026-03-25,20,False
29-009-010-716020,Legal Cell,Possession Taken,2026-03-25,,46,True
09-002-008-247131,Tehsildar,Compensation Disbursement,2026-06-25,2026-09-14,81,False
09-002-008-247131,Revenue Divisional Officer,Compensation Disbursement,2026-09-14,2026-10-14,30,False
09-002-008-247131,Treasury / PFMS,Compensation Disbursement,2026-10-14,,114,True
33-045-019-735619,District Collector,R&R Implementation,2024-09-13,2024-10-31,48,False
33-045-019-735619,Revenue Divisional Officer,R&R Implementation,2024-10-31,2024-12-24,54,False
33-045-019-735619,Legal Cell,R&R Implementation,2024-12-24,2025-06-23,181,False
33-045-019-735619,Treasury / PFMS,R&R Implementation,2025-06-23,2025-07-10,17,False
33-045-019-735619,Tehsildar,R&R Implementation,2025-07-10,,84,True
23-028-009-366887,Treasury / PFMS,Award Declared,2026-06-20,2026-07-25,35,False
23-028-009-366887,District Collector,Award Declared,2026-07-25,2026-07-27,2,False
23-028-009-366887,Revenue Divisional Officer,Award Declared,2026-07-27,2026-08-12,16,False
23-028-009-366887,R&R Cell,Award Declared,2026-08-12,2026-09-14,33,False
23-028-009-366887,Legal Cell,Award Declared,2026-09-14,2026-11-24,71,False
23-028-009-366887,Land Acquisition Officer,Award Declared,2026-11-24,,61,True
09-002-024-838219,Revenue Divisional Officer,SIA Completed,2024-11-19,2025-03-30,131,False
09-002-024-838219,District Collector,SIA Completed,2025-03-30,2025-04-13,14,False
09-002-024-838219,Tehsildar,SIA Completed,2025-04-13,,336,True
09-015-013-453498,Tehsildar,Award Declared,2025-12-07,2026-01-11,35,False
09-015-013-453498,Legal Cell,Award Declared,2026-01-11,2026-02-08,28,False
09-015-013-453498,Revenue Divisional Officer,Award Declared,2026-02-08,2026-05-12,93,False
09-015-013-453498,District Collector,Award Declared,2026-05-12,2026-06-06,25,False
09-015-013-453498,Land Acquisition Officer,Award Declared,2026-06-06,2026-06-09,3,False
09-015-013-453498,Treasury / PFMS,Award Declared,2026-06-09,,52,True
21-026-020-567288,Treasury / PFMS,Compensation Disbursement,2026-04-17,2026-05-03,16,False
21-026-020-567288,Tehsildar,Compensation Disbursement,2026-05-03,2026-06-29,57,False
21-026-020-567288,Legal Cell,Compensation Disbursement,2026-06-29,2026-11-13,137,False
21-026-020-567288,Revenue Divisional Officer,Compensation Disbursement,2026-11-13,,74,True
22-002-007-592318,Land Acquisition Officer,Section 11 Notification Issued,2025-07-03,2025-09-05,64,False
22-002-007-592318,Legal Cell,Section 11 Notification Issued,2025-09-05,2025-11-08,64,False
22-002-007-592318,Tehsildar,Section 11 Notification Issued,2025-11-08,,23,True
22-014-005-537148,Land Acquisition Officer,SIA Completed,2026-06-08,2026-11-20,165,False
22-014-005-537148,R&R Cell,SIA Completed,2026-11-20,2026-11-30,10,False
22-014-005-537148,Legal Cell,SIA Completed,2026-11-30,2026-12-23,23,False
22-014-005-537148,Revenue Divisional Officer,SIA Completed,2026-12-23,,183,True
27-001-009-520920,Legal Cell,Award Declared,2025-11-29,2026-01-13,45,False
27-001-009-520920,Revenue Divisional Officer,Award Declared,2026-01-13,2026-04-07,84,False
27-001-009-520920,Tehsildar,Award Declared,2026-04-07,2026-05-07,30,False
27-001-009-520920,Treasury / PFMS,Award Declared,2026-05-07,2026-06-10,34,False
27-001-009-520920,R&R Cell,Award Declared,2026-06-10,2026-07-11,31,False
27-001-009-520920,Land Acquisition Officer,Award Declared,2026-07-11,2026-07-13,2,False
27-001-009-520920,District Collector,Award Declared,2026-07-13,,80,True
27-025-017-599201,Land Acquisition Officer,Compensation Disbursement,2026-01-31,2026-04-21,80,False
27-025-017-599201,District Collector,Compensation Disbursement,2026-04-21,2026-05-30,39,False
27-025-017-599201,Tehsildar,Compensation Disbursement,2026-05-30,2026-06-17,18,False
27-025-017-599201,R&R Cell,Compensation Disbursement,2026-06-17,,38,True
36-019-009-063906,R&R Cell,SIA Completed,2024-10-16,2024-11-02,17,False
36-019-009-063906,Legal Cell,SIA Completed,2024-11-02,2024-11-08,6,False
36-019-009-063906,Treasury / PFMS,SIA Completed,2024-11-08,2024-11-29,21,False
36-019-009-063906,Tehsildar,SIA Completed,2024-11-29,2024-12-08,9,False
36-019-009-063906,District Collector,SIA Completed,2024-12-08,,312,True
33-023-012-850145,Legal Cell,Compensation Disbursement,2026-03-24,2026-05-02,39,False
33-023-012-850145,Revenue Divisional Officer,Compensation Disbursement,2026-05-02,2026-05-26,24,False
33-023-012-850145,District Collector,Compensation Disbursement,2026-05-26,,60,True
22-009-008-472058,Tehsildar,Award Declared,2025-05-06,2025-05-17,11,False
22-009-008-472058,Revenue Divisional Officer,Award Declared,2025-05-17,2025-06-28,42,False
22-009-008-472058,District Collector,Award Declared,2025-06-28,,176,True
33-045-020-321548,Revenue Divisional Officer,Possession Taken,2024-12-03,2024-12-05,2,False
33-045-020-321548,District Collector,Possession Taken,2024-12-05,2024-12-20,15,False
33-045-020-321548,Tehsildar,Possession Taken,2024-12-20,,3,True
21-019-008-698182,Treasury / PFMS,R&R Implementation,2026-06-09,2026-06-18,9,False
21-019-008-698182,Tehsildar,R&R Implementation,2026-06-18,2026-06-23,5,False
21-019-008-698182,Legal Cell,R&R Implementation,2026-06-23,,51,True
27-013-002-146772,Tehsildar,R&R Implementation,2025-09-20,2025-09-23,3,False
27-013-002-146772,Revenue Divisional Officer,R&R Implementation,2025-09-23,2025-10-30,37,False
27-013-002-146772,Legal Cell,R&R Implementation,2025-10-30,2026-04-13,165,False
27-013-002-146772,Land Acquisition Officer,R&R Implementation,2026-04-13,2026-05-28,45,False
27-013-002-146772,Treasury / PFMS,R&R Implementation,2026-05-28,2026-06-07,10,False
27-013-002-146772,R&R Cell,R&R Implementation,2026-06-07,2026-06-30,23,False
27-013-002-146772,District Collector,R&R Implementation,2026-06-30,,62,True
29-018-011-534431,Revenue Divisional Officer,R&R Implementation,2024-07-23,2024-08-13,21,False
29-018-011-534431,Tehsildar,R&R Implementation,2024-08-13,2024-10-21,69,False
29-018-011-534431,Land Acquisition Officer,R&R Implementation,2024-10-21,2025-04-14,175,False
29-018-011-534431,R&R Cell,R&R Implementation,2025-04-14,,16,True
21-005-017-021538,Tehsildar,SIA Completed,2026-08-19,2026-10-02,44,False
21-005-017-021538,Legal Cell,SIA Completed,2026-10-02,2027-01-03,93,False
21-005-017-021538,R&R Cell,SIA Completed,2027-01-03,2027-01-18,15,False
21-005-017-021538,District Collector,SIA Completed,2027-01-18,2027-01-24,6,False
21-005-017-021538,Land Acquisition Officer,SIA Completed,2027-01-24,,631,True
27-025-024-358473,Land Acquisition Officer,Award Declared,2026-06-19,2026-08-09,51,False
27-025-024-358473,Tehsildar,Award Declared,2026-08-09,2026-09-14,36,False
27-025-024-358473,R&R Cell,Award Declared,2026-09-14,,26,True
21-005-007-105539,Legal Cell,Possession Taken,2024-11-01,2024-12-02,31,False
21-005-007-105539,Land Acquisition Officer,Possession Taken,2024-12-02,2025-01-09,38,False
21-005-007-105539,Tehsildar,Possession Taken,2025-01-09,2025-01-30,21,False
21-005-007-105539,Treasury / PFMS,Possession Taken,2025-01-30,2025-02-08,9,False
21-005-007-105539,R&R Cell,Possession Taken,2025-02-08,2025-09-15,219,False
21-005-007-105539,District Collector,Possession Taken,2025-09-15,2025-09-24,9,False
21-005-007-105539,Revenue Divisional Officer,Possession Taken,2025-09-24,,3,True
09-002-005-820092,R&R Cell,R&R Implementation,2025-02-03,2025-04-20,76,False
09-002-005-820092,District Collector,R&R Implementation,2025-04-20,2026-02-16,302,False
09-002-005-820092,Tehsildar,R&R Implementation,2026-02-16,2026-02-22,6,False
09-002-005-820092,Land Acquisition Officer,R&R Implementation,2026-02-22,,55,True
22-014-011-799681,Revenue Divisional Officer,Compensation Disbursement,2025-07-10,2025-09-09,61,False
22-014-011-799681,Legal Cell,Compensation Disbursement,2025-09-09,2025-09-28,19,False
22-014-011-799681,R&R Cell,Compensation Disbursement,2025-09-28,2025-12-28,91,False
22-014-011-799681,Tehsildar,Compensation Disbursement,2025-12-28,2026-01-22,25,False
22-014-011-799681,District Collector,Compensation Disbursement,2026-01-22,2026-03-05,42,False
22-014-011-799681,Treasury / PFMS,Compensation Disbursement,2026-03-05,,24,True
27-001-002-554599,District Collector,R&R Implementation,2025-08-31,2025-09-10,10,False
27-001-002-554599,Tehsildar,R&R Implementation,2025-09-10,2025-09-17,7,False
27-001-002-554599,R&R Cell,R&R Implementation,2025-09-17,2025-11-30,74,False
27-001-002-554599,Land Acquisition Officer,R&R Implementation,2025-11-30,,82,True
23-016-024-215387,Revenue Divisional Officer,Possession Taken,2025-08-07,2025-09-18,42,False
23-016-024-215387,Land Acquisition Officer,Possession Taken,2025-09-18,2025-09-20,2,False
23-016-024-215387,Legal Cell,Possession Taken,2025-09-20,2025-10-08,18,False
23-016-024-215387,Treasury / PFMS,Possession Taken,2025-10-08,2025-10-20,12,False
23-016-024-215387,District Collector,Possession Taken,2025-10-20,,59,True
33-014-021-996444,Legal Cell,R&R Implementation,2026-07-14,2026-10-19,97,False
33-014-021-996444,R&R Cell,R&R Implementation,2026-10-19,2026-12-26,68,False
33-014-021-996444,Tehsildar,R&R Implementation,2026-12-26,2027-02-19,55,False
33-014-021-996444,Revenue Divisional Officer,R&R Implementation,2027-02-19,,15,True
36-011-021-000186,Tehsildar,Award Declared,2025-05-19,2025-06-02,14,False
36-011-021-000186,Land Acquisition Officer,Award Declared,2025-06-02,2025-09-21,111,False
36-011-021-000186,R&R Cell,Award Declared,2025-09-21,2026-01-20,121,False
36-011-021-000186,Revenue Divisional Officer,Award Declared,2026-01-20,2026-01-25,5,False
36-011-021-000186,Legal Cell,Award Declared,2026-01-25,2026-01-27,2,False
36-011-021-000186,District Collector,Award Declared,2026-01-27,2026-03-20,52,False
36-011-021-000186,Treasury / PFMS,Award Declared,2026-03-20,,25,True
27-025-006-055986,Tehsildar,SIA Completed,2026-07-15,2026-08-27,43,False
27-025-006-055986,Land Acquisition Officer,SIA Completed,2026-08-27,2026-10-25,59,False
27-025-006-055986,Revenue Divisional Officer,SIA Completed,2026-10-25,2027-02-09,107,False
27-025-006-055986,Legal Cell,SIA Completed,2027-02-09,2027-04-20,70,False
27-025-006-055986,Treasury / PFMS,SIA Completed,2027-04-20,2027-04-27,7,False
27-025-006-055986,District Collector,SIA Completed,2027-04-27,2027-08-31,126,False
27-025-006-055986,R&R Cell,SIA Completed,2027-08-31,,91,True
23-033-023-979338,Land Acquisition Officer,Compensation Disbursement,2026-04-06,2026-05-08,32,False
23-033-023-979338,Treasury / PFMS,Compensation Disbursement,2026-05-08,2026-06-08,31,False
23-033-023-979338,R&R Cell,Compensation Disbursement,2026-06-08,2026-09-13,97,False
23-033-023-979338,Legal Cell,Compensation Disbursement,2026-09-13,2026-10-10,27,False
23-033-023-979338,Revenue Divisional Officer,Compensation Disbursement,2026-10-10,,17,True
23-028-003-517002,Legal Cell,R&R Implementation,2025-06-13,2025-08-19,67,False
23-028-003-517002,Revenue Divisional Officer,R&R Implementation,2025-08-19,2025-09-04,16,False
23-028-003-517002,Land Acquisition Officer,R&R Implementation,2025-09-04,2025-10-05,31,False
23-028-003-517002,Treasury / PFMS,R&R Implementation,2025-10-05,2025-12-05,61,False
23-028-003-517002,District Collector,R&R Implementation,2025-12-05,,11,True
09-002-012-096995,District Collector,Possession Taken,2024-08-02,2024-08-18,16,False
09-002-012-096995,R&R Cell,Possession Taken,2024-08-18,2024-08-27,9,False
09-002-012-096995,Tehsildar,Possession Taken,2024-08-27,,73,True
22-009-021-927813,Land Acquisition Officer,Possession Taken,2025-04-04,2025-04-27,23,False
22-009-021-927813,Legal Cell,Possession Taken,2025-04-27,2025-05-04,7,False
22-009-021-927813,R&R Cell,Possession Taken,2025-05-04,,69,True
36-027-022-025842,Tehsildar,R&R Implementation,2025-10-03,2025-10-19,16,False
36-027-022-025842,Legal Cell,R&R Implementation,2025-10-19,2025-11-19,31,False
36-027-022-025842,Revenue Divisional Officer,R&R Implementation,2025-11-19,2026-01-26,68,False
36-027-022-025842,Treasury / PFMS,R&R Implementation,2026-01-26,2026-03-04,37,False
36-027-022-025842,District Collector,R&R Implementation,2026-03-04,2026-04-14,41,False
36-027-022-025842,R&R Cell,R&R Implementation,2026-04-14,2026-06-11,58,False
36-027-022-025842,Land Acquisition Officer,R&R Implementation,2026-06-11,,21,True
27-013-023-822545,District Collector,Compensation Disbursement,2025-12-12,2025-12-29,17,False
27-013-023-822545,R&R Cell,Compensation Disbursement,2025-12-29,2026-02-25,58,False
27-013-023-822545,Treasury / PFMS,Compensation Disbursement,2026-02-25,2026-04-25,59,False
27-013-023-822545,Tehsildar,Compensation Disbursement,2026-04-25,2026-08-09,106,False
27-013-023-822545,Revenue Divisional Officer,Compensation Disbursement,2026-08-09,,268,True
22-002-009-216421,R&R Cell,Compensation Disbursement,2024-11-06,2024-12-22,46,False
22-002-009-216421,Tehsildar,Compensation Disbursement,2024-12-22,2025-01-21,30,False
22-002-009-216421,District Collector,Compensation Disbursement,2025-01-21,,8,True
27-025-012-427552,Revenue Divisional Officer,Compensation Disbursement,2024-06-16,2024-10-03,109,False
27-025-012-427552,Treasury / PFMS,Compensation Disbursement,2024-10-03,2024-10-24,21,False
27-025-012-427552,District Collector,Compensation Disbursement,2024-10-24,2024-10-27,3,False
27-025-012-427552,Land Acquisition Officer,Compensation Disbursement,2024-10-27,,49,True
21-012-016-832029,Treasury / PFMS,Section 11 Notification Issued,2024-08-23,2024-08-25,2,False
21-012-016-832029,Revenue Divisional Officer,Section 11 Notification Issued,2024-08-25,2024-10-30,66,False
21-012-016-832029,Land Acquisition Officer,Section 11 Notification Issued,2024-10-30,2025-01-14,76,False
21-012-016-832029,Legal Cell,Section 11 Notification Issued,2025-01-14,2025-02-09,26,False
21-012-016-832029,R&R Cell,Section 11 Notification Issued,2025-02-09,,65,True
27-037-005-932752,Treasury / PFMS,SIA Completed,2025-04-03,2025-04-05,2,False
27-037-005-932752,Land Acquisition Officer,SIA Completed,2025-04-05,2025-04-18,13,False
27-037-005-932752,District Collector,SIA Completed,2025-04-18,2025-05-30,42,False
27-037-005-932752,Legal Cell,SIA Completed,2025-05-30,2025-12-18,202,False
27-037-005-932752,Revenue Divisional Officer,SIA Completed,2025-12-18,2025-12-22,4,False
27-037-005-932752,R&R Cell,SIA Completed,2025-12-22,,172,True
21-005-015-592807,Revenue Divisional Officer,Possession Taken,2024-06-07,2024-07-08,31,False
21-005-015-592807,Treasury / PFMS,Possession Taken,2024-07-08,2024-10-29,113,False
21-005-015-592807,Legal Cell,Possession Taken,2024-10-29,2024-11-04,6,False
21-005-015-592807,R&R Cell,Possession Taken,2024-11-04,,91,True
29-022-005-835678,Legal Cell,SIA Completed,2025-11-08,2025-12-06,28,False
29-022-005-835678,Revenue Divisional Officer,SIA Completed,2025-12-06,2026-02-07,63,False
29-022-005-835678,District Collector,SIA Completed,2026-02-07,2026-05-24,106,False
29-022-005-835678,Land Acquisition Officer,SIA Completed,2026-05-24,2026-05-26,2,False
29-022-005-835678,Treasury / PFMS,SIA Completed,2026-05-26,,78,True
23-033-002-472071,Land Acquisition Officer,Compensation Disbursement,2024-08-02,2024-10-17,76,False
23-033-002-472071,Tehsildar,Compensation Disbursement,2024-10-17,2025-02-27,133,False
23-033-002-472071,R&R Cell,Compensation Disbursement,2025-02-27,2025-04-04,36,False
23-033-002-472071,Revenue Divisional Officer,Compensation Disbursement,2025-04-04,2025-08-22,140,False
23-033-002-472071,District Collector,Compensation Disbursement,2025-08-22,2025-09-10,19,False
23-033-002-472071,Legal Cell,Compensation Disbursement,2025-09-10,2026-04-12,214,False
23-033-002-472071,Treasury / PFMS,Compensation Disbursement,2026-04-12,,3,True
21-019-002-373494,Tehsildar,Possession Taken,2025-08-14,2025-11-04,82,False
21-019-002-373494,Legal Cell,Possession Taken,2025-11-04,2025-11-13,9,False
21-019-002-373494,Revenue Divisional Officer,Possession Taken,2025-11-13,2026-02-10,89,False
21-019-002-373494,Land Acquisition Officer,Possession Taken,2026-02-10,,26,True
22-009-014-331358,Land Acquisition Officer,Possession Taken,2026-06-08,2026-07-05,27,False
22-009-014-331358,District Collector,Possession Taken,2026-07-05,2026-07-22,17,False
22-009-014-331358,Legal Cell,Possession Taken,2026-07-22,2026-08-01,10,False
22-009-014-331358,Treasury / PFMS,Possession Taken,2026-08-01,2026-08-22,21,False
22-009-014-331358,R&R Cell,Possession Taken,2026-08-22,2026-09-06,15,False
22-009-014-331358,Revenue Divisional Officer,Possession Taken,2026-09-06,,103,True
33-045-007-088086,Land Acquisition Officer,Compensation Disbursement,2025-12-25,2026-01-08,14,False
33-045-007-088086,District Collector,Compensation Disbursement,2026-01-08,2026-01-10,2,False
33-045-007-088086,Treasury / PFMS,Compensation Disbursement,2026-01-10,2026-06-08,149,False
33-045-007-088086,Revenue Divisional Officer,Compensation Disbursement,2026-06-08,2026-10-11,125,False
33-045-007-088086,R&R Cell,Compensation Disbursement,2026-10-11,2026-12-24,74,False
33-045-007-088086,Legal Cell,Compensation Disbursement,2026-12-24,,161,True
36-019-019-608716,R&R Cell,Possession Taken,2024-11-19,2025-04-28,160,False
36-019-019-608716,Land Acquisition Officer,Possession Taken,2025-04-28,2025-06-15,48,False
36-019-019-608716,Treasury / PFMS,Possession Taken,2025-06-15,2025-06-17,2,False
36-019-019-608716,Legal Cell,Possession Taken,2025-06-17,2025-12-03,169,False
36-019-019-608716,District Collector,Possession Taken,2025-12-03,2026-05-09,157,False
36-019-019-608716,Revenue Divisional Officer,Possession Taken,2026-05-09,2026-09-29,143,False
36-019-019-608716,Tehsildar,Possession Taken,2026-09-29,,68,True
33-045-020-784492,Treasury / PFMS,Possession Taken,2024-08-13,2024-08-22,9,False
33-045-020-784492,Land Acquisition Officer,Possession Taken,2024-08-22,2024-08-24,2,False
33-045-020-784492,Revenue Divisional Officer,Possession Taken,2024-08-24,2024-11-28,96,False
33-045-020-784492,District Collector,Possession Taken,2024-11-28,2025-03-08,100,False
33-045-020-784492,Legal Cell,Possession Taken,2025-03-08,,188,True
33-031-014-681066,District Collector,SIA Completed,2026-08-14,2027-04-05,234,False
33-031-014-681066,Revenue Divisional Officer,SIA Completed,2027-04-05,2027-07-25,111,False
33-031-014-681066,Tehsildar,SIA Completed,2027-07-25,2028-01-17,176,False
33-031-014-681066,Land Acquisition Officer,SIA Completed,2028-01-17,2028-01-31,14,False
33-031-014-681066,Legal Cell,SIA Completed,2028-01-31,2028-02-13,13,False
33-031-014-681066,Treasury / PFMS,SIA Completed,2028-02-13,2028-05-26,103,False
33-031-014-681066,R&R Cell,SIA Completed,2028-05-26,,87,True
27-037-002-254678,Tehsildar,Award Declared,2025-12-31,2026-02-16,47,False
27-037-002-254678,Land Acquisition Officer,Award Declared,2026-02-16,2026-04-23,66,False
27-037-002-254678,Treasury / PFMS,Award Declared,2026-04-23,2026-05-09,16,False
27-037-002-254678,Revenue Divisional Officer,Award Declared,2026-05-09,,3,True
36-019-015-521734,Legal Cell,Section 11 Notification Issued,2024-07-04,2024-10-01,89,False
36-019-015-521734,R&R Cell,Section 11 Notification Issued,2024-10-01,2024-11-22,52,False
36-019-015-521734,Treasury / PFMS,Section 11 Notification Issued,2024-11-22,,330,True
21-026-001-457850,Treasury / PFMS,Compensation Disbursement,2026-02-20,2026-05-28,97,False
21-026-001-457850,Revenue Divisional Officer,Compensation Disbursement,2026-05-28,2026-11-04,160,False
21-026-001-457850,District Collector,Compensation Disbursement,2026-11-04,,169,True
22-009-015-710252,Legal Cell,R&R Implementation,2024-12-03,2025-01-13,41,False
22-009-015-710252,R&R Cell,R&R Implementation,2025-01-13,2025-07-18,186,False
22-009-015-710252,Revenue Divisional Officer,R&R Implementation,2025-07-18,2025-08-14,27,False
22-009-015-710252,Treasury / PFMS,R&R Implementation,2025-08-14,2025-09-25,42,False
22-009-015-710252,Tehsildar,R&R Implementation,2025-09-25,2025-10-08,13,False
22-009-015-710252,Land Acquisition Officer,R&R Implementation,2025-10-08,,29,True
21-019-001-187413,Legal Cell,R&R Implementation,2024-06-29,2024-12-30,184,False
21-019-001-187413,District Collector,R&R Implementation,2024-12-30,2025-01-29,30,False
21-019-001-187413,Treasury / PFMS,R&R Implementation,2025-01-29,2025-03-26,56,False
21-019-001-187413,R&R Cell,R&R Implementation,2025-03-26,2025-05-09,44,False
21-019-001-187413,Land Acquisition Officer,R&R Implementation,2025-05-09,,248,True
33-045-014-879637,Treasury / PFMS,Section 11 Notification Issued,2024-07-31,2024-10-03,64,False
33-045-014-879637,District Collector,Section 11 Notification Issued,2024-10-03,2024-11-19,47,False
33-045-014-879637,R&R Cell,Section 11 Notification Issued,2024-11-19,,174,True
27-001-023-118983,Tehsildar,Compensation Disbursement,2024-12-31,2025-03-05,64,False
27-001-023-118983,R&R Cell,Compensation Disbursement,2025-03-05,2025-05-02,58,False
27-001-023-118983,Legal Cell,Compensation Disbursement,2025-05-02,2025-05-22,20,False
27-001-023-118983,District Collector,Compensation Disbursement,2025-05-22,2025-07-06,45,False
27-001-023-118983,Treasury / PFMS,Compensation Disbursement,2025-07-06,2025-11-30,147,False
27-001-023-118983,Revenue Divisional Officer,Compensation Disbursement,2025-11-30,2025-12-10,10,False
27-001-023-118983,Land Acquisition Officer,Compensation Disbursement,2025-12-10,,34,True
33-031-008-004122,Land Acquisition Officer,Section 11 Notification Issued,2025-01-02,2025-01-18,16,False
33-031-008-004122,Tehsildar,Section 11 Notification Issued,2025-01-18,2025-02-15,28,False
33-031-008-004122,Revenue Divisional Officer,Section 11 Notification Issued,2025-02-15,2025-04-24,68,False
33-031-008-004122,District Collector,Section 11 Notification Issued,2025-04-24,2025-04-30,6,False
33-031-008-004122,Treasury / PFMS,Section 11 Notification Issued,2025-04-30,2025-10-29,182,False
33-031-008-004122,Legal Cell,Section 11 Notification Issued,2025-10-29,2026-01-02,65,False
33-031-008-004122,R&R Cell,Section 11 Notification Issued,2026-01-02,,19,True
29-018-002-309194,District Collector,Award Declared,2025-02-14,2025-07-27,163,False
29-018-002-309194,Legal Cell,Award Declared,2025-07-27,2025-10-21,86,False
29-018-002-309194,Tehsildar,Award Declared,2025-10-21,2026-02-14,116,False
29-018-002-309194,R&R Cell,Award Declared,2026-02-14,2026-07-12,148,False
29-018-002-309194,Land Acquisition Officer,Award Declared,2026-07-12,2026-10-04,84,False
29-018-002-309194,Treasury / PFMS,Award Declared,2026-10-04,2026-10-21,17,False
29-018-002-309194,Revenue Divisional Officer,Award Declared,2026-10-21,,335,True
22-002-018-182753,District Collector,Compensation Disbursement,2025-01-11,2025-04-18,97,False
22-002-018-182753,Legal Cell,Compensation Disbursement,2025-04-18,2025-06-30,73,False
22-002-018-182753,Land Acquisition Officer,Compensation Disbursement,2025-06-30,2025-08-22,53,False
22-002-018-182753,Tehsildar,Compensation Disbursement,2025-08-22,2025-08-24,2,False
22-002-018-182753,R&R Cell,Compensation Disbursement,2025-08-24,2025-09-22,29,False
22-002-018-182753,Treasury / PFMS,Compensation Disbursement,2025-09-22,,125,True
29-022-023-805781,Legal Cell,Section 11 Notification Issued,2025-12-19,2025-12-27,8,False
29-022-023-805781,Revenue Divisional Officer,Section 11 Notification Issued,2025-12-27,2026-03-05,68,False
29-022-023-805781,District Collector,Section 11 Notification Issued,2026-03-05,2026-04-13,39,False
29-022-023-805781,R&R Cell,Section 11 Notification Issued,2026-04-13,2026-06-06,54,False
29-022-023-805781,Land Acquisition Officer,Section 11 Notification Issued,2026-06-06,,52,True
36-027-009-512307,Tehsildar,Compensation Disbursement,2025-02-06,2025-02-20,14,False
36-027-009-512307,District Collector,Compensation Disbursement,2025-02-20,2025-02-22,2,False
36-027-009-512307,Land Acquisition Officer,Compensation Disbursement,2025-02-22,2025-09-14,204,False
36-027-009-512307,R&R Cell,Compensation Disbursement,2025-09-14,2025-10-26,42,False
36-027-009-512307,Revenue Divisional Officer,Compensation Disbursement,2025-10-26,,4,True
22-018-014-152454,Legal Cell,SIA Completed,2024-11-22,2024-12-12,20,False
22-018-014-152454,R&R Cell,SIA Completed,2024-12-12,2025-03-13,91,False
22-018-014-152454,District Collector,SIA Completed,2025-03-13,2025-08-18,158,False
22-018-014-152454,Tehsildar,SIA Completed,2025-08-18,2025-12-11,115,False
22-018-014-152454,Land Acquisition Officer,SIA Completed,2025-12-11,2025-12-18,7,False
22-018-014-152454,Revenue Divisional Officer,SIA Completed,2025-12-18,2026-01-21,34,False
22-018-014-152454,Treasury / PFMS,SIA Completed,2026-01-21,,13,True
36-003-001-892924,Land Acquisition Officer,Award Declared,2025-10-26,2025-12-17,52,False
36-003-001-892924,District Collector,Award Declared,2025-12-17,2026-02-03,48,False
36-003-001-892924,Tehsildar,Award Declared,2026-02-03,2026-03-14,39,False
36-003-001-892924,Legal Cell,Award Declared,2026-03-14,2026-03-17,3,False
36-003-001-892924,Treasury / PFMS,Award Declared,2026-03-17,2026-04-01,15,False
36-003-001-892924,R&R Cell,Award Declared,2026-04-01,,73,True
22-002-014-968638,Tehsildar,Award Declared,2026-01-22,2026-04-20,88,False
22-002-014-968638,Revenue Divisional Officer,Award Declared,2026-04-20,2026-12-05,229,False
22-002-014-968638,R&R Cell,Award Declared,2026-12-05,,98,True
09-002-007-366292,Treasury / PFMS,Section 11 Notification Issued,2026-05-10,2026-09-05,118,False
09-002-007-366292,Revenue Divisional Officer,Section 11 Notification Issued,2026-09-05,2026-10-26,51,False
09-002-007-366292,District Collector,Section 11 Notification Issued,2026-10-26,,37,True
36-011-023-761008,Treasury / PFMS,Compensation Disbursement,2025-11-11,2026-03-08,117,False
36-011-023-761008,Tehsildar,Compensation Disbursement,2026-03-08,2026-03-16,8,False
36-011-023-761008,Revenue Divisional Officer,Compensation Disbursement,2026-03-16,2026-04-10,25,False
36-011-023-761008,District Collector,Compensation Disbursement,2026-04-10,2026-04-16,6,False
36-011-023-761008,Legal Cell,Compensation Disbursement,2026-04-16,2026-05-01,15,False
36-011-023-761008,R&R Cell,Compensation Disbursement,2026-05-01,,143,True
09-044-012-825329,Land Acquisition Officer,Possession Taken,2026-06-24,2026-07-05,11,False
09-044-012-825329,R&R Cell,Possession Taken,2026-07-05,2026-07-22,17,False
09-044-012-825329,Revenue Divisional Officer,Possession Taken,2026-07-22,2026-10-11,81,False
09-044-012-825329,Tehsildar,Possession Taken,2026-10-11,2027-05-21,222,False
09-044-012-825329,Legal Cell,Possession Taken,2027-05-21,2027-06-12,22,False
09-044-012-825329,Treasury / PFMS,Possession Taken,2027-06-12,2027-07-08,26,False
09-044-012-825329,District Collector,Possession Taken,2027-07-08,,81,True
22-014-012-813733,Tehsildar,SIA Completed,2024-10-26,2024-11-28,33,False
22-014-012-813733,R&R Cell,SIA Completed,2024-11-28,2025-01-28,61,False
22-014-012-813733,Revenue Divisional Officer,SIA Completed,2025-01-28,2025-02-08,11,False
22-014-012-813733,Legal Cell,SIA Completed,2025-02-08,,62,True
29-022-022-522533,R&R Cell,SIA Completed,2025-10-11,2026-03-20,160,False
29-022-022-522533,Revenue Divisional Officer,SIA Completed,2026-03-20,2026-03-28,8,False
29-022-022-522533,Land Acquisition Officer,SIA Completed,2026-03-28,2026-05-31,64,False
29-022-022-522533,District Collector,SIA Completed,2026-05-31,2026-06-07,7,False
29-022-022-522533,Legal Cell,SIA Completed,2026-06-07,,289,True
36-003-001-808075,Land Acquisition Officer,Compensation Disbursement,2025-11-04,2026-02-10,98,False
36-003-001-808075,Treasury / PFMS,Compensation Disbursement,2026-02-10,2026-07-24,164,False
36-003-001-808075,Legal Cell,Compensation Disbursement,2026-07-24,2026-08-22,29,False
36-003-001-808075,District Collector,Compensation Disbursement,2026-08-22,2026-08-25,3,False
36-003-001-808075,Revenue Divisional Officer,Compensation Disbursement,2026-08-25,2026-09-25,31,False
36-003-001-808075,Tehsildar,Compensation Disbursement,2026-09-25,,58,True
21-005-022-175155,District Collector,Section 11 Notification Issued,2025-05-03,2025-11-19,200,False
21-005-022-175155,Revenue Divisional Officer,Section 11 Notification Issued,2025-11-19,2025-11-21,2,False
21-005-022-175155,Legal Cell,Section 11 Notification Issued,2025-11-21,2026-01-15,55,False
21-005-022-175155,Land Acquisition Officer,Section 11 Notification Issued,2026-01-15,2026-08-25,222,False
21-005-022-175155,R&R Cell,Section 11 Notification Issued,2026-08-25,2026-09-15,21,False
21-005-022-175155,Tehsildar,Section 11 Notification Issued,2026-09-15,2026-09-24,9,False
21-005-022-175155,Treasury / PFMS,Section 11 Notification Issued,2026-09-24,,14,True
27-013-008-236445,Tehsildar,SIA Completed,2026-05-10,2026-05-24,14,False
27-013-008-236445,Legal Cell,SIA Completed,2026-05-24,2026-06-21,28,False
27-013-008-236445,Revenue Divisional Officer,SIA Completed,2026-06-21,2026-06-24,3,False
27-013-008-236445,District Collector,SIA Completed,2026-06-24,2026-07-03,9,False
27-013-008-236445,Treasury / PFMS,SIA Completed,2026-07-03,2026-07-11,8,False
27-013-008-236445,Land Acquisition Officer,SIA Completed,2026-07-11,2026-09-25,76,False
27-013-008-236445,R&R Cell,SIA Completed,2026-09-25,,4,True
09-044-008-926898,Land Acquisition Officer,Section 11 Notification Issued,2026-06-09,2026-06-16,7,False
09-044-008-926898,Treasury / PFMS,Section 11 Notification Issued,2026-06-16,2026-07-11,25,False
09-044-008-926898,Revenue Divisional Officer,Section 11 Notification Issued,2026-07-11,2026-08-19,39,False
09-044-008-926898,Tehsildar,Section 11 Notification Issued,2026-08-19,,249,True
29-022-009-232014,Land Acquisition Officer,Possession Taken,2025-10-28,2025-11-17,20,False
29-022-009-232014,Legal Cell,Possession Taken,2025-11-17,2026-02-21,96,False
29-022-009-232014,District Collector,Possession Taken,2026-02-21,2026-03-17,24,False
29-022-009-232014,Tehsildar,Possession Taken,2026-03-17,,125,True
21-012-017-655235,Revenue Divisional Officer,SIA Completed,2024-09-02,2024-10-11,39,False
21-012-017-655235,Tehsildar,SIA Completed,2024-10-11,2024-10-16,5,False
21-012-017-655235,Treasury / PFMS,SIA Completed,2024-10-16,2024-10-26,10,False
21-012-017-655235,R&R Cell,SIA Completed,2024-10-26,2025-02-25,122,False
21-012-017-655235,Land Acquisition Officer,SIA Completed,2025-02-25,2025-02-28,3,False
21-012-017-655235,District Collector,SIA Completed,2025-02-28,2025-03-06,6,False
21-012-017-655235,Legal Cell,SIA Completed,2025-03-06,,296,True
33-014-022-104665,Tehsildar,Section 11 Notification Issued,2026-05-25,2026-05-27,2,False
33-014-022-104665,Land Acquisition Officer,Section 11 Notification Issued,2026-05-27,2026-07-19,53,False
33-014-022-104665,Treasury / PFMS,Section 11 Notification Issued,2026-07-19,,249,True
33-045-003-904905,Treasury / PFMS,Compensation Disbursement,2026-02-15,2026-03-11,24,False
33-045-003-904905,Tehsildar,Compensation Disbursement,2026-03-11,2026-03-13,2,False
33-045-003-904905,Land Acquisition Officer,Compensation Disbursement,2026-03-13,2026-04-03,21,False
33-045-003-904905,Legal Cell,Compensation Disbursement,2026-04-03,2026-07-19,107,False
33-045-003-904905,Revenue Divisional Officer,Compensation Disbursement,2026-07-19,2026-08-12,24,False
33-045-003-904905,District Collector,Compensation Disbursement,2026-08-12,2026-09-05,24,False
33-045-003-904905,R&R Cell,Compensation Disbursement,2026-09-05,,84,True
09-002-012-069721,Treasury / PFMS,Possession Taken,2025-12-03,2025-12-05,2,False
09-002-012-069721,Tehsildar,Possession Taken,2025-12-05,2025-12-08,3,False
09-002-012-069721,R&R Cell,Possession Taken,2025-12-08,2026-01-19,42,False
09-002-012-069721,Revenue Divisional Officer,Possession Taken,2026-01-19,2026-04-02,73,False
09-002-012-069721,Legal Cell,Possession Taken,2026-04-02,,10,True
27-025-022-382533,District Collector,Compensation Disbursement,2026-01-25,2026-01-27,2,False
27-025-022-382533,Treasury / PFMS,Compensation Disbursement,2026-01-27,2026-04-21,84,False
27-025-022-382533,Revenue Divisional Officer,Compensation Disbursement,2026-04-21,2026-06-08,48,False
27-025-022-382533,Legal Cell,Compensation Disbursement,2026-06-08,2026-06-19,11,False
27-025-022-382533,Land Acquisition Officer,Compensation Disbursement,2026-06-19,,29,True
29-018-016-842919,Treasury / PFMS,Award Declared,2025-09-15,2025-11-24,70,False
29-018-016-842919,District Collector,Award Declared,2025-11-24,2025-12-22,28,False
29-018-016-842919,R&R Cell,Award Declared,2025-12-22,2026-04-22,121,False
29-018-016-842919,Tehsildar,Award Declared,2026-04-22,2026-07-11,80,False
29-018-016-842919,Legal Cell,Award Declared,2026-07-11,2026-09-27,78,False
29-018-016-842919,Revenue Divisional Officer,Award Declared,2026-09-27,,49,True
09-031-012-013572,Land Acquisition Officer,Possession Taken,2024-12-20,2025-02-01,43,False
09-031-012-013572,Legal Cell,Possession Taken,2025-02-01,2025-03-02,29,False
09-031-012-013572,Tehsildar,Possession Taken,2025-03-02,2025-05-29,88,False
09-031-012-013572,R&R Cell,Possession Taken,2025-05-29,,87,True
21-005-008-420826,Revenue Divisional Officer,R&R Implementation,2026-08-15,2026-08-25,10,False
21-005-008-420826,District Collector,R&R Implementation,2026-08-25,2026-09-23,29,False
21-005-008-420826,Treasury / PFMS,R&R Implementation,2026-09-23,,112,True
29-022-015-841838,Revenue Divisional Officer,Possession Taken,2024-10-05,2024-11-01,27,False
29-022-015-841838,Treasury / PFMS,Possession Taken,2024-11-01,2025-02-02,93,False
29-022-015-841838,Legal Cell,Possession Taken,2025-02-02,2025-05-05,92,False
29-022-015-841838,R&R Cell,Possession Taken,2025-05-05,2025-05-10,5,False
29-022-015-841838,Tehsildar,Possession Taken,2025-05-10,2025-06-24,45,False
29-022-015-841838,District Collector,Possession Taken,2025-06-24,,6,True
33-031-021-185290,Legal Cell,R&R Implementation,2026-07-10,2026-08-17,38,False
33-031-021-185290,District Collector,R&R Implementation,2026-08-17,2026-10-22,66,False
33-031-021-185290,Tehsildar,R&R Implementation,2026-10-22,2026-10-29,7,False
33-031-021-185290,R&R Cell,R&R Implementation,2026-10-29,2026-11-06,8,False
33-031-021-185290,Treasury / PFMS,R&R Implementation,2026-11-06,2026-12-07,31,False
33-031-021-185290,Land Acquisition Officer,R&R Implementation,2026-12-07,2026-12-13,6,False
33-031-021-185290,Revenue Divisional Officer,R&R Implementation,2026-12-13,,94,True
23-033-003-670128,Legal Cell,Compensation Disbursement,2025-12-23,2025-12-30,7,False
23-033-003-670128,Tehsildar,Compensation Disbursement,2025-12-30,2026-01-14,15,False
23-033-003-670128,Revenue Divisional Officer,Compensation Disbursement,2026-01-14,2026-02-24,41,False
23-033-003-670128,District Collector,Compensation Disbursement,2026-02-24,,153,True
21-019-013-773037,Revenue Divisional Officer,Compensation Disbursement,2025-06-30,2025-09-20,82,False
21-019-013-773037,Legal Cell,Compensation Disbursement,2025-09-20,2025-10-02,12,False
21-019-013-773037,Land Acquisition Officer,Compensation Disbursement,2025-10-02,2025-11-08,37,False
21-019-013-773037,Tehsildar,Compensation Disbursement,2025-11-08,2026-01-19,72,False
21-019-013-773037,District Collector,Compensation Disbursement,2026-01-19,2026-02-11,23,False
21-019-013-773037,Treasury / PFMS,Compensation Disbursement,2026-02-11,2026-03-30,47,False
21-019-013-773037,R&R Cell,Compensation Disbursement,2026-03-30,,273,True
33-014-007-313313,Revenue Divisional Officer,Award Declared,2026-01-16,2026-01-31,15,False
33-014-007-313313,District Collector,Award Declared,2026-01-31,2026-08-30,211,False
33-014-007-313313,Legal Cell,Award Declared,2026-08-30,2026-11-04,66,False
33-014-007-313313,Land Acquisition Officer,Award Declared,2026-11-04,2026-11-20,16,False
33-014-007-313313,R&R Cell,Award Declared,2026-11-20,2027-01-12,53,False
33-014-007-313313,Tehsildar,Award Declared,2027-01-12,2027-01-21,9,False
33-014-007-313313,Treasury / PFMS,Award Declared,2027-01-21,,98,True
27-037-024-289386,Revenue Divisional Officer,Award Declared,2026-04-01,2026-06-19,79,False
27-037-024-289386,Land Acquisition Officer,Award Declared,2026-06-19,2026-08-09,51,False
27-037-024-289386,Tehsildar,Award Declared,2026-08-09,2026-10-24,76,False
27-037-024-289386,District Collector,Award Declared,2026-10-24,,173,True
09-031-003-212773,Revenue Divisional Officer,Compensation Disbursement,2024-10-15,2024-11-17,33,False
09-031-003-212773,Legal Cell,Compensation Disbursement,2024-11-17,2025-02-12,87,False
09-031-003-212773,District Collector,Compensation Disbursement,2025-02-12,,7,True
33-014-019-969365,Revenue Divisional Officer,Award Declared,2026-06-08,2026-07-07,29,False
33-014-019-969365,District Collector,Award Declared,2026-07-07,2026-08-07,31,False
33-014-019-969365,Tehsildar,Award Declared,2026-08-07,2026-09-23,47,False
33-014-019-969365,Land Acquisition Officer,Award Declared,2026-09-23,2026-10-18,25,False
33-014-019-969365,Legal Cell,Award Declared,2026-10-18,2027-02-23,128,False
33-014-019-969365,Treasury / PFMS,Award Declared,2027-02-23,,71,True
22-009-007-960071,Legal Cell,Award Declared,2024-08-02,2024-09-02,31,False
22-009-007-960071,Land Acquisition Officer,Award Declared,2024-09-02,2024-10-07,35,False
22-009-007-960071,District Collector,Award Declared,2024-10-07,2024-10-17,10,False
22-009-007-960071,R&R Cell,Award Declared,2024-10-17,2024-11-24,38,False
22-009-007-960071,Revenue Divisional Officer,Award Declared,2024-11-24,2025-01-10,47,False
22-009-007-960071,Treasury / PFMS,Award Declared,2025-01-10,2025-03-23,72,False
22-009-007-960071,Tehsildar,Award Declared,2025-03-23,,48,True
21-019-018-312999,Treasury / PFMS,Section 11 Notification Issued,2025-10-17,2026-02-03,109,False
21-019-018-312999,R&R Cell,Section 11 Notification Issued,2026-02-03,2026-04-17,73,False
21-019-018-312999,Land Acquisition Officer,Section 11 Notification Issued,2026-04-17,2026-06-22,66,False
21-019-018-312999,Legal Cell,Section 11 Notification Issued,2026-06-22,,29,True
09-044-010-399385,Land Acquisition Officer,Award Declared,2026-02-13,2026-03-27,42,False
09-044-010-399385,Tehsildar,Award Declared,2026-03-27,2026-06-21,86,False
09-044-010-399385,Legal Cell,Award Declared,2026-06-21,2026-07-25,34,False
09-044-010-399385,R&R Cell,Award Declared,2026-07-25,2026-09-12,49,False
09-044-010-399385,District Collector,Award Declared,2026-09-12,,33,True
21-026-023-607277,R&R Cell,SIA Completed,2026-03-06,2026-08-15,162,False
21-026-023-607277,Treasury / PFMS,SIA Completed,2026-08-15,2026-09-13,29,False
21-026-023-607277,Land Acquisition Officer,SIA Completed,2026-09-13,2026-10-06,23,False
21-026-023-607277,Tehsildar,SIA Completed,2026-10-06,,405,True
09-044-014-664609,R&R Cell,Section 11 Notification Issued,2025-05-10,2025-05-27,17,False
09-044-014-664609,District Collector,Section 11 Notification Issued,2025-05-27,2025-06-29,33,False
09-044-014-664609,Revenue Divisional Officer,Section 11 Notification Issued,2025-06-29,2025-07-05,6,False
09-044-014-664609,Land Acquisition Officer,Section 11 Notification Issued,2025-07-05,2025-09-13,70,False
09-044-014-664609,Legal Cell,Section 11 Notification Issued,2025-09-13,2025-09-17,4,False
09-044-014-664609,Tehsildar,Section 11 Notification Issued,2025-09-17,,75,True
21-005-022-199357,Land Acquisition Officer,Award Declared,2024-12-24,2025-02-15,53,False
21-005-022-199357,Tehsildar,Award Declared,2025-02-15,2025-04-25,69,False
21-005-022-199357,Revenue Divisional Officer,Award Declared,2025-04-25,2025-05-29,34,False
21-005-022-199357,Treasury / PFMS,Award Declared,2025-05-29,,79,True
09-044-003-334004,Land Acquisition Officer,R&R Implementation,2026-01-25,2026-02-20,26,False
09-044-003-334004,Revenue Divisional Officer,R&R Implementation,2026-02-20,2026-04-30,69,False
09-044-003-334004,Legal Cell,R&R Implementation,2026-04-30,2026-05-14,14,False
09-044-003-334004,Tehsildar,R&R Implementation,2026-05-14,2026-05-17,3,False
09-044-003-334004,District Collector,R&R Implementation,2026-05-17,,46,True
29-009-010-091248,Legal Cell,Award Declared,2026-07-02,2026-07-30,28,False
29-009-010-091248,Land Acquisition Officer,Award Declared,2026-07-30,2026-08-13,14,False
29-009-010-091248,Revenue Divisional Officer,Award Declared,2026-08-13,2026-11-23,102,False
29-009-010-091248,R&R Cell,Award Declared,2026-11-23,2027-01-18,56,False
29-009-010-091248,District Collector,Award Declared,2027-01-18,2027-01-26,8,False
29-009-010-091248,Tehsildar,Award Declared,2027-01-26,2027-05-17,111,False
29-009-010-091248,Treasury / PFMS,Award Declared,2027-05-17,,15,True
33-031-001-161337,R&R Cell,Possession Taken,2026-01-11,2026-01-23,12,False
33-031-001-161337,Tehsildar,Possession Taken,2026-01-23,2026-02-14,22,False
33-031-001-161337,District Collector,Possession Taken,2026-02-14,2026-03-06,20,False
33-031-001-161337,Treasury / PFMS,Possession Taken,2026-03-06,2026-03-16,10,False
33-031-001-161337,Revenue Divisional Officer,Possession Taken,2026-03-16,2026-04-26,41,False
33-031-001-161337,Legal Cell,Possession Taken,2026-04-26,,52,True
22-014-008-482155,Legal Cell,Compensation Disbursement,2025-06-06,2025-06-16,10,False
22-014-008-482155,Land Acquisition Officer,Compensation Disbursement,2025-06-16,2025-06-25,9,False
22-014-008-482155,Tehsildar,Compensation Disbursement,2025-06-25,2025-08-25,61,False
22-014-008-482155,Treasury / PFMS,Compensation Disbursement,2025-08-25,2025-09-05,11,False
22-014-008-482155,R&R Cell,Compensation Disbursement,2025-09-05,2025-12-31,117,False
22-014-008-482155,District Collector,Compensation Disbursement,2025-12-31,2026-03-13,72,False
22-014-008-482155,Revenue Divisional Officer,Compensation Disbursement,2026-03-13,,35,True
22-018-003-316142,Revenue Divisional Officer,Compensation Disbursement,2026-05-17,2026-05-29,12,False
22-018-003-316142,Treasury / PFMS,Compensation Disbursement,2026-05-29,2026-07-13,45,False
22-018-003-316142,R&R Cell,Compensation Disbursement,2026-07-13,,206,True
23-016-010-298309,Revenue Divisional Officer,Compensation Disbursement,2024-11-30,2025-01-04,35,False
23-016-010-298309,Land Acquisition Officer,Compensation Disbursement,2025-01-04,2025-01-26,22,False
23-016-010-298309,Tehsildar,Compensation Disbursement,2025-01-26,2025-04-01,65,False
23-016-010-298309,Legal Cell,Compensation Disbursement,2025-04-01,2025-04-09,8,False
23-016-010-298309,District Collector,Compensation Disbursement,2025-04-09,,140,True
33-014-023-215297,R&R Cell,Award Declared,2025-02-26,2025-03-18,20,False
33-014-023-215297,Land Acquisition Officer,Award Declared,2025-03-18,2025-05-03,46,False
33-014-023-215297,Legal Cell,Award Declared,2025-05-03,2025-05-17,14,False
33-014-023-215297,District Collector,Award Declared,2025-05-17,2025-06-16,30,False
33-014-023-215297,Revenue Divisional Officer,Award Declared,2025-06-16,2025-07-21,35,False
33-014-023-215297,Tehsildar,Award Declared,2025-07-21,2026-01-06,169,False
33-014-023-215297,Treasury / PFMS,Award Declared,2026-01-06,,14,True
23-033-005-677236,R&R Cell,Compensation Disbursement,2026-01-12,2026-01-29,17,False
23-033-005-677236,District Collector,Compensation Disbursement,2026-01-29,2026-02-21,23,False
23-033-005-677236,Legal Cell,Compensation Disbursement,2026-02-21,2026-04-19,57,False
23-033-005-677236,Revenue Divisional Officer,Compensation Disbursement,2026-04-19,,156,True
36-003-005-162453,Legal Cell,R&R Implementation,2024-12-25,2025-02-22,59,False
36-003-005-162453,Treasury / PFMS,R&R Implementation,2025-02-22,2025-03-19,25,False
36-003-005-162453,R&R Cell,R&R Implementation,2025-03-19,2025-05-08,50,False
36-003-005-162453,Land Acquisition Officer,R&R Implementation,2025-05-08,2025-06-08,31,False
36-003-005-162453,Revenue Divisional Officer,R&R Implementation,2025-06-08,,34,True
09-031-018-325979,District Collector,Section 11 Notification Issued,2026-04-18,2026-04-26,8,False
09-031-018-325979,Treasury / PFMS,Section 11 Notification Issued,2026-04-26,2026-05-27,31,False
09-031-018-325979,Revenue Divisional Officer,Section 11 Notification Issued,2026-05-27,2026-06-01,5,False
09-031-018-325979,Legal Cell,Section 11 Notification Issued,2026-06-01,2026-07-09,38,False
09-031-018-325979,Tehsildar,Section 11 Notification Issued,2026-07-09,2026-07-20,11,False
09-031-018-325979,Land Acquisition Officer,Section 11 Notification Issued,2026-07-20,2026-07-29,9,False
09-031-018-325979,R&R Cell,Section 11 Notification Issued,2026-07-29,,13,True
21-019-016-998853,Revenue Divisional Officer,Compensation Disbursement,2025-10-05,2025-10-16,11,False
21-019-016-998853,Treasury / PFMS,Compensation Disbursement,2025-10-16,2025-10-18,2,False
21-019-016-998853,R&R Cell,Compensation Disbursement,2025-10-18,2025-10-27,9,False
21-019-016-998853,Land Acquisition Officer,Compensation Disbursement,2025-10-27,2026-02-14,110,False
21-019-016-998853,Legal Cell,Compensation Disbursement,2026-02-14,,15,True
27-013-012-943884,Treasury / PFMS,Section 11 Notification Issued,2025-07-18,2025-08-12,25,False
27-013-012-943884,Revenue Divisional Officer,Section 11 Notification Issued,2025-08-12,2025-08-23,11,False
27-013-012-943884,District Collector,Section 11 Notification Issued,2025-08-23,2025-09-29,37,False
27-013-012-943884,Legal Cell,Section 11 Notification Issued,2025-09-29,2026-01-25,118,False
27-013-012-943884,Land Acquisition Officer,Section 11 Notification Issued,2026-01-25,,13,True
36-019-009-348048,Tehsildar,Section 11 Notification Issued,2025-03-21,2025-03-26,5,False
36-019-009-348048,R&R Cell,Section 11 Notification Issued,2025-03-26,2025-04-07,12,False
36-019-009-348048,Legal Cell,Section 11 Notification Issued,2025-04-07,2025-04-23,16,False
36-019-009-348048,Treasury / PFMS,Section 11 Notification Issued,2025-04-23,2025-06-21,59,False
36-019-009-348048,District Collector,Section 11 Notification Issued,2025-06-21,2025-12-13,175,False
36-019-009-348048,Revenue Divisional Officer,Section 11 Notification Issued,2025-12-13,2025-12-27,14,False
36-019-009-348048,Land Acquisition Officer,Section 11 Notification Issued,2025-12-27,,21,True
29-018-019-080916,Land Acquisition Officer,R&R Implementation,2026-08-18,2026-08-26,8,False
29-018-019-080916,Legal Cell,R&R Implementation,2026-08-26,2026-08-29,3,False
29-018-019-080916,R&R Cell,R&R Implementation,2026-08-29,2026-10-04,36,False
29-018-019-080916,Tehsildar,R&R Implementation,2026-10-04,2026-12-24,81,False
29-018-019-080916,District Collector,R&R Implementation,2026-12-24,2027-01-31,38,False
29-018-019-080916,Treasury / PFMS,R&R Implementation,2027-01-31,2027-02-22,22,False
29-018-019-080916,Revenue Divisional Officer,R&R Implementation,2027-02-22,,61,True
09-031-019-872573,Legal Cell,R&R Implementation,2024-10-31,2024-11-24,24,False
09-031-019-872573,District Collector,R&R Implementation,2024-11-24,2025-04-14,141,False
09-031-019-872573,Land Acquisition Officer,R&R Implementation,2025-04-14,2025-05-10,26,False
09-031-019-872573,Treasury / PFMS,R&R Implementation,2025-05-10,,12,True
36-019-019-395879,Tehsildar,Compensation Disbursement,2026-06-12,2026-08-29,78,False
36-019-019-395879,Revenue Divisional Officer,Compensation Disbursement,2026-08-29,2026-10-10,42,False
36-019-019-395879,Treasury / PFMS,Compensation Disbursement,2026-10-10,2026-10-12,2,False
36-019-019-395879,R&R Cell,Compensation Disbursement,2026-10-12,2026-11-10,29,False
36-019-019-395879,Land Acquisition Officer,Compensation Disbursement,2026-11-10,2026-11-15,5,False
36-019-019-395879,Legal Cell,Compensation Disbursement,2026-11-15,2026-12-08,23,False
36-019-019-395879,District Collector,Compensation Disbursement,2026-12-08,,29,True
21-005-024-424589,Land Acquisition Officer,R&R Implementation,2026-04-04,2026-04-13,9,False
21-005-024-424589,Revenue Divisional Officer,R&R Implementation,2026-04-13,2026-04-15,2,False
21-005-024-424589,Tehsildar,R&R Implementation,2026-04-15,2026-07-07,83,False
21-005-024-424589,District Collector,R&R Implementation,2026-07-07,2026-09-13,68,False
21-005-024-424589,Legal Cell,R&R Implementation,2026-09-13,,73,True
21-026-006-273094,Treasury / PFMS,Compensation Disbursement,2026-03-10,2026-04-06,27,False
21-026-006-273094,District Collector,Compensation Disbursement,2026-04-06,2026-04-18,12,False
21-026-006-273094,Land Acquisition Officer,Compensation Disbursement,2026-04-18,2026-05-14,26,False
21-026-006-273094,Revenue Divisional Officer,Compensation Disbursement,2026-05-14,2026-07-05,52,False
21-026-006-273094,Tehsildar,Compensation Disbursement,2026-07-05,,213,True
09-031-023-654734,Land Acquisition Officer,SIA Completed,2025-11-06,2026-01-12,67,False
09-031-023-654734,Tehsildar,SIA Completed,2026-01-12,2026-06-25,164,False
09-031-023-654734,District Collector,SIA Completed,2026-06-25,2026-07-17,22,False
09-031-023-654734,R&R Cell,SIA Completed,2026-07-17,2026-07-19,2,False
09-031-023-654734,Legal Cell,SIA Completed,2026-07-19,2026-07-27,8,False
09-031-023-654734,Treasury / PFMS,SIA Completed,2026-07-27,2026-12-08,134,False
09-031-023-654734,Revenue Divisional Officer,SIA Completed,2026-12-08,,6,True
36-019-009-327811,R&R Cell,SIA Completed,2025-01-16,2025-01-20,4,False
36-019-009-327811,Legal Cell,SIA Completed,2025-01-20,2025-03-23,62,False
36-019-009-327811,District Collector,SIA Completed,2025-03-23,,132,True
23-016-002-431793,Tehsildar,Award Declared,2025-08-19,2025-11-12,85,False
23-016-002-431793,Treasury / PFMS,Award Declared,2025-11-12,2026-02-13,93,False
23-016-002-431793,Land Acquisition Officer,Award Declared,2026-02-13,2026-02-17,4,False
23-016-002-431793,Legal Cell,Award Declared,2026-02-17,2026-03-08,19,False
23-016-002-431793,District Collector,Award Declared,2026-03-08,,65,True
09-044-017-935530,Legal Cell,SIA Completed,2026-02-08,2026-03-29,49,False
09-044-017-935530,R&R Cell,SIA Completed,2026-03-29,2026-04-16,18,False
09-044-017-935530,Treasury / PFMS,SIA Completed,2026-04-16,2026-08-04,110,False
09-044-017-935530,District Collector,SIA Completed,2026-08-04,2027-02-05,185,False
09-044-017-935530,Land Acquisition Officer,SIA Completed,2027-02-05,2027-02-27,22,False
09-044-017-935530,Revenue Divisional Officer,SIA Completed,2027-02-27,,28,True
29-007-017-378427,Legal Cell,Compensation Disbursement,2024-12-20,2025-04-15,116,False
29-007-017-378427,District Collector,Compensation Disbursement,2025-04-15,2025-05-06,21,False
29-007-017-378427,Land Acquisition Officer,Compensation Disbursement,2025-05-06,2025-05-21,15,False
29-007-017-378427,Tehsildar,Compensation Disbursement,2025-05-21,2025-08-10,81,False
29-007-017-378427,R&R Cell,Compensation Disbursement,2025-08-10,,334,True
22-018-009-028179,R&R Cell,Possession Taken,2025-01-21,2025-01-27,6,False
22-018-009-028179,Tehsildar,Possession Taken,2025-01-27,2025-02-17,21,False
22-018-009-028179,Revenue Divisional Officer,Possession Taken,2025-02-17,2025-03-29,40,False
22-018-009-028179,Treasury / PFMS,Possession Taken,2025-03-29,,63,True
33-031-011-156622,District Collector,Section 11 Notification Issued,2024-12-30,2025-01-24,25,False
33-031-011-156622,Tehsildar,Section 11 Notification Issued,2025-01-24,2025-03-28,63,False
33-031-011-156622,Legal Cell,Section 11 Notification Issued,2025-03-28,2025-06-15,79,False
33-031-011-156622,Revenue Divisional Officer,Section 11 Notification Issued,2025-06-15,2025-06-23,8,False
33-031-011-156622,Treasury / PFMS,Section 11 Notification Issued,2025-06-23,2025-09-05,74,False
33-031-011-156622,Land Acquisition Officer,Section 11 Notification Issued,2025-09-05,,40,True
22-009-001-772885,R&R Cell,Section 11 Notification Issued,2025-05-06,2025-06-19,44,False
22-009-001-772885,Legal Cell,Section 11 Notification Issued,2025-06-19,2025-08-05,47,False
22-009-001-772885,Revenue Divisional Officer,Section 11 Notification Issued,2025-08-05,2025-08-29,24,False
22-009-001-772885,Land Acquisition Officer,Section 11 Notification Issued,2025-08-29,,52,True
33-031-004-898735,Land Acquisition Officer,Possession Taken,2024-09-24,2024-09-27,3,False
33-031-004-898735,R&R Cell,Possession Taken,2024-09-27,2024-11-24,58,False
33-031-004-898735,Legal Cell,Possession Taken,2024-11-24,2024-11-28,4,False
33-031-004-898735,District Collector,Possession Taken,2024-11-28,2024-12-02,4,False
33-031-004-898735,Revenue Divisional Officer,Possession Taken,2024-12-02,2025-01-17,46,False
33-031-004-898735,Tehsildar,Possession Taken,2025-01-17,2025-01-29,12,False
33-031-004-898735,Treasury / PFMS,Possession Taken,2025-01-29,,166,True
27-037-005-386916,Land Acquisition Officer,Possession Taken,2026-08-19,2026-09-09,21,False
27-037-005-386916,District Collector,Possession Taken,2026-09-09,2026-11-27,79,False
27-037-005-386916,Treasury / PFMS,Possession Taken,2026-11-27,,4,True
33-031-012-725380,R&R Cell,Award Declared,2025-12-01,2026-01-20,50,False
33-031-012-725380,Revenue Divisional Officer,Award Declared,2026-01-20,2026-02-15,26,False
33-031-012-725380,Land Acquisition Officer,Award Declared,2026-02-15,2026-05-05,79,False
33-031-012-725380,Legal Cell,Award Declared,2026-05-05,2026-08-07,94,False
33-031-012-725380,Tehsildar,Award Declared,2026-08-07,2026-09-06,30,False
33-031-012-725380,District Collector,Award Declared,2026-09-06,2026-09-15,9,False
33-031-012-725380,Treasury / PFMS,Award Declared,2026-09-15,,186,True
29-007-004-408639,Tehsildar,Award Declared,2025-06-28,2025-10-13,107,False
29-007-004-408639,Legal Cell,Award Declared,2025-10-13,2025-10-22,9,False
29-007-004-408639,Land Acquisition Officer,Award Declared,2025-10-22,2026-01-29,99,False
29-007-004-408639,District Collector,Award Declared,2026-01-29,,129,True
23-028-003-670909,R&R Cell,Possession Taken,2024-09-21,2024-10-17,26,False
23-028-003-670909,Tehsildar,Possession Taken,2024-10-17,2024-11-16,30,False
23-028-003-670909,Legal Cell,Possession Taken,2024-11-16,2024-12-07,21,False
23-028-003-670909,Land Acquisition Officer,Possession Taken,2024-12-07,2024-12-30,23,False
23-028-003-670909,District Collector,Possession Taken,2024-12-30,2025-04-16,107,False
23-028-003-670909,Treasury / PFMS,Possession Taken,2025-04-16,,50,True
36-027-011-634969,Revenue Divisional Officer,SIA Completed,2024-08-05,2024-09-25,51,False
36-027-011-634969,District Collector,SIA Completed,2024-09-25,2024-09-29,4,False
36-027-011-634969,Tehsildar,SIA Completed,2024-09-29,2024-10-08,9,False
36-027-011-634969,Land Acquisition Officer,SIA Completed,2024-10-08,,76,True
23-016-021-062988,Revenue Divisional Officer,Section 11 Notification Issued,2024-11-24,2024-12-09,15,False
23-016-021-062988,R&R Cell,Section 11 Notification Issued,2024-12-09,2024-12-15,6,False
23-016-021-062988,District Collector,Section 11 Notification Issued,2024-12-15,2025-01-09,25,False
23-016-021-062988,Land Acquisition Officer,Section 11 Notification Issued,2025-01-09,2025-01-12,3,False
23-016-021-062988,Treasury / PFMS,Section 11 Notification Issued,2025-01-12,,3,True
21-026-019-308724,Revenue Divisional Officer,Section 11 Notification Issued,2026-03-09,2026-03-16,7,False
21-026-019-308724,R&R Cell,Section 11 Notification Issued,2026-03-16,2026-04-14,29,False
21-026-019-308724,District Collector,Section 11 Notification Issued,2026-04-14,2026-06-22,69,False
21-026-019-308724,Legal Cell,Section 11 Notification Issued,2026-06-22,,66,True
23-016-018-510973,Land Acquisition Officer,Award Declared,2025-09-09,2025-09-20,11,False
23-016-018-510973,Treasury / PFMS,Award Declared,2025-09-20,2025-09-24,4,False
23-016-018-510973,Revenue Divisional Officer,Award Declared,2025-09-24,,112,True
29-022-007-695968,Tehsildar,SIA Completed,2024-10-17,2024-10-19,2,False
29-022-007-695968,Land Acquisition Officer,SIA Completed,2024-10-19,2024-11-12,24,False
29-022-007-695968,R&R Cell,SIA Completed,2024-11-12,2024-12-11,29,False
29-022-007-695968,Revenue Divisional Officer,SIA Completed,2024-12-11,2024-12-27,16,False
29-022-007-695968,District Collector,SIA Completed,2024-12-27,2025-04-04,98,False
29-022-007-695968,Treasury / PFMS,SIA Completed,2025-04-04,2025-05-18,44,False
29-022-007-695968,Legal Cell,SIA Completed,2025-05-18,,437,True
21-012-014-065558,Land Acquisition Officer,SIA Completed,2026-03-16,2026-04-27,42,False
21-012-014-065558,Legal Cell,SIA Completed,2026-04-27,2026-05-15,18,False
21-012-014-065558,Treasury / PFMS,SIA Completed,2026-05-15,2026-05-25,10,False
21-012-014-065558,District Collector,SIA Completed,2026-05-25,2026-09-26,124,False
21-012-014-065558,R&R Cell,SIA Completed,2026-09-26,2026-10-24,28,False
21-012-014-065558,Revenue Divisional Officer,SIA Completed,2026-10-24,,123,True
29-007-006-208822,Land Acquisition Officer,SIA Completed,2025-12-20,2025-12-30,10,False
29-007-006-208822,Tehsildar,SIA Completed,2025-12-30,2026-02-03,35,False
29-007-006-208822,Revenue Divisional Officer,SIA Completed,2026-02-03,,185,True
27-037-016-583331,Tehsildar,SIA Completed,2026-01-11,2026-01-18,7,False
27-037-016-583331,Legal Cell,SIA Completed,2026-01-18,2026-03-08,49,False
27-037-016-583331,District Collector,SIA Completed,2026-03-08,2026-03-13,5,False
27-037-016-583331,Revenue Divisional Officer,SIA Completed,2026-03-13,,146,True
33-045-013-795946,District Collector,Compensation Disbursement,2024-09-07,2024-09-25,18,False
33-045-013-795946,Revenue Divisional Officer,Compensation Disbursement,2024-09-25,2024-10-27,32,False
33-045-013-795946,Treasury / PFMS,Compensation Disbursement,2024-10-27,2025-01-20,85,False
33-045-013-795946,Tehsildar,Compensation Disbursement,2025-01-20,2025-01-22,2,False
33-045-013-795946,Legal Cell,Compensation Disbursement,2025-01-22,2025-01-27,5,False
33-045-013-795946,R&R Cell,Compensation Disbursement,2025-01-27,2025-02-02,6,False
33-045-013-795946,Land Acquisition Officer,Compensation Disbursement,2025-02-02,,88,True
09-044-020-626400,Tehsildar,SIA Completed,2026-06-27,2026-07-23,26,False
09-044-020-626400,Revenue Divisional Officer,SIA Completed,2026-07-23,2026-07-31,8,False
09-044-020-626400,R&R Cell,SIA Completed,2026-07-31,2026-08-12,12,False
09-044-020-626400,Land Acquisition Officer,SIA Completed,2026-08-12,2026-09-13,32,False
09-044-020-626400,Legal Cell,SIA Completed,2026-09-13,,191,True
22-018-006-970351,Land Acquisition Officer,Possession Taken,2025-07-03,2025-07-09,6,False
22-018-006-970351,Treasury / PFMS,Possession Taken,2025-07-09,2025-07-22,13,False
22-018-006-970351,R&R Cell,Possession Taken,2025-07-22,2025-12-19,150,False
22-018-006-970351,Revenue Divisional Officer,Possession Taken,2025-12-19,2025-12-26,7,False
22-018-006-970351,Legal Cell,Possession Taken,2025-12-26,,80,True
36-003-012-548101,Revenue Divisional Officer,Award Declared,2025-12-24,2026-03-28,94,False
36-003-012-548101,District Collector,Award Declared,2026-03-28,2027-03-03,340,False
36-003-012-548101,Treasury / PFMS,Award Declared,2027-03-03,2027-03-08,5,False
36-003-012-548101,Land Acquisition Officer,Award Declared,2027-03-08,2027-03-11,3,False
36-003-012-548101,Legal Cell,Award Declared,2027-03-11,,98,True
21-026-001-694145,Revenue Divisional Officer,R&R Implementation,2025-06-24,2025-07-06,12,False
21-026-001-694145,Treasury / PFMS,R&R Implementation,2025-07-06,2025-08-15,40,False
21-026-001-694145,Tehsildar,R&R Implementation,2025-08-15,2026-01-08,146,False
21-026-001-694145,Land Acquisition Officer,R&R Implementation,2026-01-08,2026-01-21,13,False
21-026-001-694145,Legal Cell,R&R Implementation,2026-01-21,2026-01-30,9,False
21-026-001-694145,District Collector,R&R Implementation,2026-01-30,2026-02-14,15,False
21-026-001-694145,R&R Cell,R&R Implementation,2026-02-14,,209,True
33-031-016-649876,R&R Cell,R&R Implementation,2026-07-05,2026-08-04,30,False
33-031-016-649876,Legal Cell,R&R Implementation,2026-08-04,2026-08-06,2,False
33-031-016-649876,Land Acquisition Officer,R&R Implementation,2026-08-06,,51,True
27-037-006-611238,Legal Cell,Section 11 Notification Issued,2026-06-08,2026-06-22,14,False
27-037-006-611238,Land Acquisition Officer,Section 11 Notification Issued,2026-06-22,2026-07-09,17,False
27-037-006-611238,Revenue Divisional Officer,Section 11 Notification Issued,2026-07-09,2026-09-17,70,False
27-037-006-611238,Treasury / PFMS,Section 11 Notification Issued,2026-09-17,2026-10-31,44,False
27-037-006-611238,District Collector,Section 11 Notification Issued,2026-10-31,2026-11-14,14,False
27-037-006-611238,R&R Cell,Section 11 Notification Issued,2026-11-14,2027-02-06,84,False
27-037-006-611238,Tehsildar,Section 11 Notification Issued,2027-02-06,,3,True
23-016-010-263519,Land Acquisition Officer,SIA Completed,2024-07-27,2024-08-05,9,False
23-016-010-263519,R&R Cell,SIA Completed,2024-08-05,2024-12-29,146,False
23-016-010-263519,Legal Cell,SIA Completed,2024-12-29,2025-03-18,79,False
23-016-010-263519,District Collector,SIA Completed,2025-03-18,2025-03-21,3,False
23-016-010-263519,Tehsildar,SIA Completed,2025-03-21,2026-04-25,400,False
23-016-010-263519,Revenue Divisional Officer,SIA Completed,2026-04-25,2026-05-29,34,False
23-016-010-263519,Treasury / PFMS,SIA Completed,2026-05-29,,132,True
23-004-011-299727,Legal Cell,SIA Completed,2024-12-03,2025-02-04,63,False
23-004-011-299727,Tehsildar,SIA Completed,2025-02-04,2025-07-07,153,False
23-004-011-299727,R&R Cell,SIA Completed,2025-07-07,,5,True
21-005-009-683504,R&R Cell,Possession Taken,2025-04-17,2025-05-20,33,False
21-005-009-683504,Tehsildar,Possession Taken,2025-05-20,2025-07-05,46,False
21-005-009-683504,Land Acquisition Officer,Possession Taken,2025-07-05,2025-07-26,21,False
21-005-009-683504,Revenue Divisional Officer,Possession Taken,2025-07-26,2025-07-28,2,False
21-005-009-683504,Legal Cell,Possession Taken,2025-07-28,2025-11-10,105,False
21-005-009-683504,Treasury / PFMS,Possession Taken,2025-11-10,,211,True
29-009-020-506475,Tehsildar,Award Declared,2026-06-12,2026-08-03,52,False
29-009-020-506475,District Collector,Award Declared,2026-08-03,2026-09-30,58,False
29-009-020-506475,Treasury / PFMS,Award Declared,2026-09-30,2026-12-28,89,False
29-009-020-506475,Revenue Divisional Officer,Award Declared,2026-12-28,,114,True
09-044-023-942817,R&R Cell,Award Declared,2024-08-16,2024-09-17,32,False
09-044-023-942817,District Collector,Award Declared,2024-09-17,2025-02-24,160,False
09-044-023-942817,Treasury / PFMS,Award Declared,2025-02-24,2025-08-17,174,False
09-044-023-942817,Legal Cell,Award Declared,2025-08-17,,166,True
36-019-010-992795,Legal Cell,Award Declared,2025-10-28,2025-11-17,20,False
36-019-010-992795,R&R Cell,Award Declared,2025-11-17,2026-01-06,50,False
36-019-010-992795,Land Acquisition Officer,Award Declared,2026-01-06,,33,True
09-031-020-450629,R&R Cell,Compensation Disbursement,2025-12-13,2026-03-26,103,False
09-031-020-450629,Land Acquisition Officer,Compensation Disbursement,2026-03-26,2026-04-01,6,False
09-031-020-450629,Legal Cell,Compensation Disbursement,2026-04-01,2026-08-13,134,False
09-031-020-450629,Tehsildar,Compensation Disbursement,2026-08-13,2026-09-03,21,False
09-031-020-450629,Revenue Divisional Officer,Compensation Disbursement,2026-09-03,2026-11-26,84,False
09-031-020-450629,District Collector,Compensation Disbursement,2026-11-26,2027-03-21,115,False
09-031-020-450629,Treasury / PFMS,Compensation Disbursement,2027-03-21,,106,True
23-016-022-297348,Legal Cell,Award Declared,2024-11-29,2025-04-22,144,False
23-016-022-297348,Land Acquisition Officer,Award Declared,2025-04-22,2025-06-28,67,False
23-016-022-297348,Treasury / PFMS,Award Declared,2025-06-28,2025-08-27,60,False
23-016-022-297348,R&R Cell,Award Declared,2025-08-27,,147,True
36-027-002-466005,Legal Cell,Compensation Disbursement,2025-01-10,2025-02-21,42,False
36-027-002-466005,Treasury / PFMS,Compensation Disbursement,2025-02-21,2025-04-09,47,False
36-027-002-466005,Tehsildar,Compensation Disbursement,2025-04-09,,43,True
21-019-023-451112,R&R Cell,SIA Completed,2024-06-04,2024-07-16,42,False
21-019-023-451112,Land Acquisition Officer,SIA Completed,2024-07-16,2024-08-14,29,False
21-019-023-451112,Revenue Divisional Officer,SIA Completed,2024-08-14,2024-11-10,88,False
21-019-023-451112,District Collector,SIA Completed,2024-11-10,2025-01-09,60,False
21-019-023-451112,Legal Cell,SIA Completed,2025-01-09,2025-01-11,2,False
21-019-023-451112,Treasury / PFMS,SIA Completed,2025-01-11,,163,True
29-022-016-773029,Legal Cell,R&R Implementation,2024-11-02,2024-11-04,2,False
29-022-016-773029,R&R Cell,R&R Implementation,2024-11-04,2025-10-30,360,False
29-022-016-773029,Revenue Divisional Officer,R&R Implementation,2025-10-30,2025-11-24,25,False
29-022-016-773029,Tehsildar,R&R Implementation,2025-11-24,2026-01-19,56,False
29-022-016-773029,Treasury / PFMS,R&R Implementation,2026-01-19,,181,True
29-009-010-464509,Tehsildar,Section 11 Notification Issued,2025-05-30,2025-06-03,4,False
29-009-010-464509,District Collector,Section 11 Notification Issued,2025-06-03,2025-06-24,21,False
29-009-010-464509,Land Acquisition Officer,Section 11 Notification Issued,2025-06-24,2025-06-28,4,False
29-009-010-464509,Revenue Divisional Officer,Section 11 Notification Issued,2025-06-28,,80,True
09-015-005-629643,Revenue Divisional Officer,SIA Completed,2026-04-26,2026-08-16,112,False
09-015-005-629643,Legal Cell,SIA Completed,2026-08-16,2026-11-29,105,False
09-015-005-629643,District Collector,SIA Completed,2026-11-29,,332,True
21-005-011-147025,Treasury / PFMS,SIA Completed,2024-08-09,2024-12-01,114,False
21-005-011-147025,R&R Cell,SIA Completed,2024-12-01,2025-02-16,77,False
21-005-011-147025,Legal Cell,SIA Completed,2025-02-16,2025-03-18,30,False
21-005-011-147025,Land Acquisition Officer,SIA Completed,2025-03-18,2025-07-12,116,False
21-005-011-147025,District Collector,SIA Completed,2025-07-12,2025-08-07,26,False
21-005-011-147025,Revenue Divisional Officer,SIA Completed,2025-08-07,,235,True
09-015-015-268798,Land Acquisition Officer,Section 11 Notification Issued,2025-07-17,2025-08-16,30,False
09-015-015-268798,Revenue Divisional Officer,Section 11 Notification Issued,2025-08-16,2025-10-30,75,False
09-015-015-268798,District Collector,Section 11 Notification Issued,2025-10-30,2025-11-21,22,False
09-015-015-268798,R&R Cell,Section 11 Notification Issued,2025-11-21,2026-03-26,125,False
09-015-015-268798,Tehsildar,Section 11 Notification Issued,2026-03-26,2026-12-05,254,False
09-015-015-268798,Treasury / PFMS,Section 11 Notification Issued,2026-12-05,2027-01-12,38,False
09-015-015-268798,Legal Cell,Section 11 Notification Issued,2027-01-12,,152,True
23-033-011-737585,Tehsildar,Compensation Disbursement,2025-03-19,2025-03-21,2,False
23-033-011-737585,Legal Cell,Compensation Disbursement,2025-03-21,2025-05-21,61,False
23-033-011-737585,Treasury / PFMS,Compensation Disbursement,2025-05-21,2025-06-06,16,False
23-033-011-737585,Revenue Divisional Officer,Compensation Disbursement,2025-06-06,2025-10-24,140,False
23-033-011-737585,District Collector,Compensation Disbursement,2025-10-24,2025-10-26,2,False
23-033-011-737585,R&R Cell,Compensation Disbursement,2025-10-26,2025-11-03,8,False
23-033-011-737585,Land Acquisition Officer,Compensation Disbursement,2025-11-03,,39,True
36-011-012-562616,Revenue Divisional Officer,Award Declared,2025-07-24,2025-08-23,30,False
36-011-012-562616,Treasury / PFMS,Award Declared,2025-08-23,2025-08-31,8,False
36-011-012-562616,Legal Cell,Award Declared,2025-08-31,,48,True
09-015-018-258288,R&R Cell,R&R Implementation,2024-06-17,2024-07-02,15,False
09-015-018-258288,Tehsildar,R&R Implementation,2024-07-02,2024-07-21,19,False
09-015-018-258288,Legal Cell,R&R Implementation,2024-07-21,2024-09-22,63,False
09-015-018-258288,District Collector,R&R Implementation,2024-09-22,2024-12-04,73,False
09-015-018-258288,Revenue Divisional Officer,R&R Implementation,2024-12-04,2025-03-25,111,False
09-015-018-258288,Treasury / PFMS,R&R Implementation,2025-03-25,,36,True
36-027-010-336564,Land Acquisition Officer,R&R Implementation,2024-06-01,2024-06-27,26,False
36-027-010-336564,Treasury / PFMS,R&R Implementation,2024-06-27,2024-07-16,19,False
36-027-010-336564,Revenue Divisional Officer,R&R Implementation,2024-07-16,,59,True
33-014-014-486337,Treasury / PFMS,Possession Taken,2026-05-21,2026-08-15,86,False
33-014-014-486337,Legal Cell,Possession Taken,2026-08-15,2026-09-21,37,False
33-014-014-486337,Tehsildar,Possession Taken,2026-09-21,2026-11-20,60,False
33-014-014-486337,District Collector,Possession Taken,2026-11-20,2026-12-04,14,False
33-014-014-486337,Land Acquisition Officer,Possession Taken,2026-12-04,2026-12-06,2,False
33-014-014-486337,Revenue Divisional Officer,Possession Taken,2026-12-06,2027-02-14,70,False
33-014-014-486337,R&R Cell,Possession Taken,2027-02-14,,42,True
36-011-002-604648,R&R Cell,R&R Implementation,2026-05-14,2026-08-05,83,False
36-011-002-604648,Legal Cell,R&R Implementation,2026-08-05,2026-08-17,12,False
36-011-002-604648,Land Acquisition Officer,R&R Implementation,2026-08-17,2026-10-20,64,False
36-011-002-604648,District Collector,R&R Implementation,2026-10-20,2026-10-22,2,False
36-011-002-604648,Revenue Divisional Officer,R&R Implementation,2026-10-22,2026-10-27,5,False
36-011-002-604648,Treasury / PFMS,R&R Implementation,2026-10-27,,198,True
33-045-007-583204,Tehsildar,R&R Implementation,2025-05-02,2025-05-25,23,False
33-045-007-583204,District Collector,R&R Implementation,2025-05-25,2025-06-03,9,False
33-045-007-583204,Land Acquisition Officer,R&R Implementation,2025-06-03,2025-07-15,42,False
33-045-007-583204,Legal Cell,R&R Implementation,2025-07-15,2025-08-21,37,False
33-045-007-583204,R&R Cell,R&R Implementation,2025-08-21,2025-10-06,46,False
33-045-007-583204,Treasury / PFMS,R&R Implementation,2025-10-06,,60,True
22-018-015-281782,R&R Cell,Section 11 Notification Issued,2024-06-11,2024-08-22,72,False
22-018-015-281782,Revenue Divisional Officer,Section 11 Notification Issued,2024-08-22,2024-08-24,2,False
22-018-015-281782,Legal Cell,Section 11 Notification Issued,2024-08-24,2024-08-27,3,False
22-018-015-281782,Tehsildar,Section 11 Notification Issued,2024-08-27,,26,True
23-004-009-955041,R&R Cell,Award Declared,2026-01-16,2026-01-29,13,False
23-004-009-955041,Treasury / PFMS,Award Declared,2026-01-29,2026-03-10,40,False
23-004-009-955041,Tehsildar,Award Declared,2026-03-10,2026-07-07,119,False
23-004-009-955041,Land Acquisition Officer,Award Declared,2026-07-07,2026-08-18,42,False
23-004-009-955041,Revenue Divisional Officer,Award Declared,2026-08-18,2026-12-11,115,False
23-004-009-955041,District Collector,Award Declared,2026-12-11,2027-03-16,95,False
23-004-009-955041,Legal Cell,Award Declared,2027-03-16,,17,True
29-022-024-163578,Revenue Divisional Officer,Award Declared,2026-01-06,2026-03-13,66,False
29-022-024-163578,Legal Cell,Award Declared,2026-03-13,2026-03-15,2,False
29-022-024-163578,Land Acquisition Officer,Award Declared,2026-03-15,2026-04-13,29,False
29-022-024-163578,Treasury / PFMS,Award Declared,2026-04-13,2026-05-04,21,False
29-022-024-163578,R&R Cell,Award Declared,2026-05-04,,63,True
23-004-021-604729,Tehsildar,Section 11 Notification Issued,2024-06-09,2024-06-24,15,False
23-004-021-604729,Treasury / PFMS,Section 11 Notification Issued,2024-06-24,2024-07-12,18,False
23-004-021-604729,District Collector,Section 11 Notification Issued,2024-07-12,2024-07-17,5,False
23-004-021-604729,Revenue Divisional Officer,Section 11 Notification Issued,2024-07-17,,4,True
36-011-008-403302,Treasury / PFMS,Compensation Disbursement,2025-02-10,2025-02-18,8,False
36-011-008-403302,District Collector,Compensation Disbursement,2025-02-18,2025-04-04,45,False
36-011-008-403302,R&R Cell,Compensation Disbursement,2025-04-04,2025-04-15,11,False
36-011-008-403302,Legal Cell,Compensation Disbursement,2025-04-15,,8,True
23-033-004-337896,Legal Cell,R&R Implementation,2025-09-26,2026-06-02,249,False
23-033-004-337896,Revenue Divisional Officer,R&R Implementation,2026-06-02,2026-09-19,109,False
23-033-004-337896,District Collector,R&R Implementation,2026-09-19,,19,True
33-014-015-277839,Treasury / PFMS,Section 11 Notification Issued,2025-07-03,2025-09-11,70,False
33-014-015-277839,District Collector,Section 11 Notification Issued,2025-09-11,2025-09-19,8,False
33-014-015-277839,Tehsildar,Section 11 Notification Issued,2025-09-19,2025-10-31,42,False
33-014-015-277839,R&R Cell,Section 11 Notification Issued,2025-10-31,2025-12-16,46,False
33-014-015-277839,Legal Cell,Section 11 Notification Issued,2025-12-16,,113,True
33-045-005-622277,Legal Cell,Section 11 Notification Issued,2024-10-02,2024-10-14,12,False
33-045-005-622277,Land Acquisition Officer,Section 11 Notification Issued,2024-10-14,2024-12-08,55,False
33-045-005-622277,Revenue Divisional Officer,Section 11 Notification Issued,2024-12-08,2025-02-23,77,False
33-045-005-622277,R&R Cell,Section 11 Notification Issued,2025-02-23,,50,True
33-014-004-600270,R&R Cell,Section 11 Notification Issued,2025-09-08,2025-11-13,66,False
33-014-004-600270,Treasury / PFMS,Section 11 Notification Issued,2025-11-13,2025-12-06,23,False
33-014-004-600270,Land Acquisition Officer,Section 11 Notification Issued,2025-12-06,2026-01-01,26,False
33-014-004-600270,Legal Cell,Section 11 Notification Issued,2026-01-01,2026-01-23,22,False
33-014-004-600270,Revenue Divisional Officer,Section 11 Notification Issued,2026-01-23,,162,True
33-045-006-087077,Land Acquisition Officer,R&R Implementation,2026-06-07,2026-06-25,18,False
33-045-006-087077,Treasury / PFMS,R&R Implementation,2026-06-25,2026-07-22,27,False
33-045-006-087077,Tehsildar,R&R Implementation,2026-07-22,2026-11-03,104,False
33-045-006-087077,Legal Cell,R&R Implementation,2026-11-03,,23,True
33-031-005-708302,Land Acquisition Officer,Award Declared,2026-08-13,2026-09-21,39,False
33-031-005-708302,R&R Cell,Award Declared,2026-09-21,2026-11-24,64,False
33-031-005-708302,District Collector,Award Declared,2026-11-24,2026-12-09,15,False
33-031-005-708302,Treasury / PFMS,Award Declared,2026-12-09,2026-12-21,12,False
33-031-005-708302,Tehsildar,Award Declared,2026-12-21,2027-03-16,85,False
33-031-005-708302,Revenue Divisional Officer,Award Declared,2027-03-16,,30,True
33-023-023-868422,Land Acquisition Officer,Possession Taken,2024-10-27,2024-12-07,41,False
33-023-023-868422,District Collector,Possession Taken,2024-12-07,2024-12-31,24,False
33-023-023-868422,Revenue Divisional Officer,Possession Taken,2024-12-31,2025-02-04,35,False
33-023-023-868422,Tehsildar,Possession Taken,2025-02-04,2025-03-08,32,False
33-023-023-868422,Treasury / PFMS,Possession Taken,2025-03-08,2025-04-04,27,False
33-023-023-868422,R&R Cell,Possession Taken,2025-04-04,,132,True
21-012-016-573987,Land Acquisition Officer,Award Declared,2025-05-12,2025-08-02,82,False
21-012-016-573987,Revenue Divisional Officer,Award Declared,2025-08-02,2025-08-25,23,False
21-012-016-573987,Legal Cell,Award Declared,2025-08-25,2025-10-30,66,False
21-012-016-573987,R&R Cell,Award Declared,2025-10-30,2025-11-01,2,False
21-012-016-573987,Treasury / PFMS,Award Declared,2025-11-01,2025-12-22,51,False
21-012-016-573987,District Collector,Award Declared,2025-12-22,,38,True
27-001-013-421750,Treasury / PFMS,Compensation Disbursement,2024-11-29,2025-05-12,164,False
27-001-013-421750,Land Acquisition Officer,Compensation Disbursement,2025-05-12,2025-12-31,233,False
27-001-013-421750,Tehsildar,Compensation Disbursement,2025-12-31,2026-02-28,59,False
27-001-013-421750,Legal Cell,Compensation Disbursement,2026-02-28,2026-03-08,8,False
27-001-013-421750,Revenue Divisional Officer,Compensation Disbursement,2026-03-08,,16,True
23-004-013-037075,Legal Cell,Possession Taken,2026-07-24,2026-07-28,4,False
23-004-013-037075,Tehsildar,Possession Taken,2026-07-28,2026-09-22,56,False
23-004-013-037075,Treasury / PFMS,Possession Taken,2026-09-22,2026-09-24,2,False
23-004-013-037075,Revenue Divisional Officer,Possession Taken,2026-09-24,,122,True
09-044-006-085636,R&R Cell,Award Declared,2025-04-26,2025-09-24,151,False
09-044-006-085636,District Collector,Award Declared,2025-09-24,2025-11-21,58,False
09-044-006-085636,Revenue Divisional Officer,Award Declared,2025-11-21,2026-03-28,127,False
09-044-006-085636,Land Acquisition Officer,Award Declared,2026-03-28,,338,True
22-014-013-660569,Legal Cell,R&R Implementation,2026-07-22,2026-09-20,60,False
22-014-013-660569,Revenue Divisional Officer,R&R Implementation,2026-09-20,2026-09-26,6,False
22-014-013-660569,District Collector,R&R Implementation,2026-09-26,,3,True
22-002-016-709031,Revenue Divisional Officer,Possession Taken,2025-03-08,2025-04-15,38,False
22-002-016-709031,Treasury / PFMS,Possession Taken,2025-04-15,2025-04-18,3,False
22-002-016-709031,Legal Cell,Possession Taken,2025-04-18,2025-08-28,132,False
22-002-016-709031,Land Acquisition Officer,Possession Taken,2025-08-28,2025-11-14,78,False
22-002-016-709031,Tehsildar,Possession Taken,2025-11-14,2026-03-12,118,False
22-002-016-709031,District Collector,Possession Taken,2026-03-12,,128,True
27-037-015-915936,Treasury / PFMS,Section 11 Notification Issued,2025-08-28,2025-12-11,105,False
27-037-015-915936,Land Acquisition Officer,Section 11 Notification Issued,2025-12-11,2025-12-13,2,False
27-037-015-915936,Tehsildar,Section 11 Notification Issued,2025-12-13,2026-01-07,25,False
27-037-015-915936,R&R Cell,Section 11 Notification Issued,2026-01-07,,337,True
33-045-015-960454,Revenue Divisional Officer,R&R Implementation,2024-11-20,2024-12-07,17,False
33-045-015-960454,Land Acquisition Officer,R&R Implementation,2024-12-07,2025-02-02,57,False
33-045-015-960454,Legal Cell,R&R Implementation,2025-02-02,2025-03-17,43,False
33-045-015-960454,Tehsildar,R&R Implementation,2025-03-17,2025-05-13,57,False
33-045-015-960454,Treasury / PFMS,R&R Implementation,2025-05-13,2025-06-04,22,False
33-045-015-960454,R&R Cell,R&R Implementation,2025-06-04,,54,True
09-031-024-799118,District Collector,Compensation Disbursement,2025-11-01,2025-12-26,55,False
09-031-024-799118,Legal Cell,Compensation Disbursement,2025-12-26,2026-08-10,227,False
09-031-024-799118,Tehsildar,Compensation Disbursement,2026-08-10,2026-08-25,15,False
09-031-024-799118,Land Acquisition Officer,Compensation Disbursement,2026-08-25,2026-09-18,24,False
09-031-024-799118,Revenue Divisional Officer,Compensation Disbursement,2026-09-18,2026-10-18,30,False
09-031-024-799118,R&R Cell,Compensation Disbursement,2026-10-18,,3,True
23-004-013-849153,Treasury / PFMS,Compensation Disbursement,2025-07-09,2025-07-20,11,False
23-004-013-849153,Legal Cell,Compensation Disbursement,2025-07-20,2025-07-22,2,False
23-004-013-849153,District Collector,Compensation Disbursement,2025-07-22,2025-08-19,28,False
23-004-013-849153,R&R Cell,Compensation Disbursement,2025-08-19,2025-11-08,81,False
23-004-013-849153,Revenue Divisional Officer,Compensation Disbursement,2025-11-08,2025-12-19,41,False
23-004-013-849153,Tehsildar,Compensation Disbursement,2025-12-19,2025-12-26,7,False
23-004-013-849153,Land Acquisition Officer,Compensation Disbursement,2025-12-26,,3,True
33-031-011-842506,Revenue Divisional Officer,Section 11 Notification Issued,2026-03-24,2026-04-17,24,False
33-031-011-842506,Tehsildar,Section 11 Notification Issued,2026-04-17,2026-04-22,5,False
33-031-011-842506,Legal Cell,Section 11 Notification Issued,2026-04-22,2026-04-25,3,False
33-031-011-842506,Land Acquisition Officer,Section 11 Notification Issued,2026-04-25,2026-05-27,32,False
33-031-011-842506,District Collector,Section 11 Notification Issued,2026-05-27,,356,True
09-044-011-678937,Land Acquisition Officer,SIA Completed,2024-12-04,2025-02-07,65,False
09-044-011-678937,Treasury / PFMS,SIA Completed,2025-02-07,2025-02-18,11,False
09-044-011-678937,Revenue Divisional Officer,SIA Completed,2025-02-18,2025-05-01,72,False
09-044-011-678937,District Collector,SIA Completed,2025-05-01,2025-05-14,13,False
09-044-011-678937,Legal Cell,SIA Completed,2025-05-14,2025-11-05,175,False
09-044-011-678937,R&R Cell,SIA Completed,2025-11-05,,4,True
22-002-022-348266,Legal Cell,Compensation Disbursement,2024-10-08,2024-11-15,38,False
22-002-022-348266,Tehsildar,Compensation Disbursement,2024-11-15,2025-04-11,147,False
22-002-022-348266,Land Acquisition Officer,Compensation Disbursement,2025-04-11,2025-05-08,27,False
22-002-022-348266,Revenue Divisional Officer,Compensation Disbursement,2025-05-08,2025-07-29,82,False
22-002-022-348266,Treasury / PFMS,Compensation Disbursement,2025-07-29,,194,True
21-026-004-937999,R&R Cell,Section 11 Notification Issued,2026-06-18,2026-09-15,89,False
21-026-004-937999,Land Acquisition Officer,Section 11 Notification Issued,2026-09-15,2027-04-19,216,False
21-026-004-937999,Revenue Divisional Officer,Section 11 Notification Issued,2027-04-19,2027-06-05,47,False
21-026-004-937999,Tehsildar,Section 11 Notification Issued,2027-06-05,2027-08-14,70,False
21-026-004-937999,District Collector,Section 11 Notification Issued,2027-08-14,,34,True
09-002-009-306050,Treasury / PFMS,Compensation Disbursement,2026-02-09,2026-02-11,2,False
09-002-009-306050,Legal Cell,Compensation Disbursement,2026-02-11,2026-02-14,3,False
09-002-009-306050,Revenue Divisional Officer,Compensation Disbursement,2026-02-14,2026-03-14,28,False
09-002-009-306050,R&R Cell,Compensation Disbursement,2026-03-14,,92,True
36-019-012-013398,Tehsildar,Compensation Disbursement,2024-11-17,2024-12-24,37,False
36-019-012-013398,Land Acquisition Officer,Compensation Disbursement,2024-12-24,2025-02-21,59,False
36-019-012-013398,R&R Cell,Compensation Disbursement,2025-02-21,2025-02-24,3,False
36-019-012-013398,Revenue Divisional Officer,Compensation Disbursement,2025-02-24,,155,True
22-014-003-019606,District Collector,Award Declared,2025-05-12,2025-05-28,16,False
22-014-003-019606,Land Acquisition Officer,Award Declared,2025-05-28,2025-07-13,46,False
22-014-003-019606,R&R Cell,Award Declared,2025-07-13,2025-07-31,18,False
22-014-003-019606,Legal Cell,Award Declared,2025-07-31,,72,True
21-026-009-098076,Tehsildar,R&R Implementation,2024-11-29,2025-07-27,240,False
21-026-009-098076,Legal Cell,R&R Implementation,2025-07-27,2026-04-09,256,False
21-026-009-098076,Land Acquisition Officer,R&R Implementation,2026-04-09,2026-05-02,23,False
21-026-009-098076,Treasury / PFMS,R&R Implementation,2026-05-02,2026-08-22,112,False
21-026-009-098076,District Collector,R&R Implementation,2026-08-22,,7,True
29-022-018-313731,Revenue Divisional Officer,Possession Taken,2026-07-07,2026-07-09,2,False
29-022-018-313731,Treasury / PFMS,Possession Taken,2026-07-09,2026-08-08,30,False
29-022-018-313731,Legal Cell,Possession Taken,2026-08-08,2026-09-15,38,False
29-022-018-313731,Tehsildar,Possession Taken,2026-09-15,2027-07-25,313,False
29-022-018-313731,Land Acquisition Officer,Possession Taken,2027-07-25,2028-01-09,168,False
29-022-018-313731,R&R Cell,Possession Taken,2028-01-09,,11,True
29-022-003-480081,Tehsildar,Compensation Disbursement,2025-03-28,2025-08-20,145,False
29-022-003-480081,Legal Cell,Compensation Disbursement,2025-08-20,2025-08-23,3,False
29-022-003-480081,Revenue Divisional Officer,Compensation Disbursement,2025-08-23,2025-10-30,68,False
29-022-003-480081,Treasury / PFMS,Compensation Disbursement,2025-10-30,2025-11-09,10,False
29-022-003-480081,R&R Cell,Compensation Disbursement,2025-11-09,2025-12-03,24,False
29-022-003-480081,District Collector,Compensation Disbursement,2025-12-03,2026-02-18,77,False
29-022-003-480081,Land Acquisition Officer,Compensation Disbursement,2026-02-18,,55,True
36-027-006-854589,R&R Cell,SIA Completed,2025-11-30,2025-12-29,29,False
36-027-006-854589,District Collector,SIA Completed,2025-12-29,2026-01-23,25,False
36-027-006-854589,Treasury / PFMS,SIA Completed,2026-01-23,2026-02-08,16,False
36-027-006-854589,Legal Cell,SIA Completed,2026-02-08,,86,True
33-023-009-186086,Revenue Divisional Officer,SIA Completed,2025-05-30,2025-06-10,11,False
33-023-009-186086,Tehsildar,SIA Completed,2025-06-10,2025-07-22,42,False
33-023-009-186086,Land Acquisition Officer,SIA Completed,2025-07-22,2025-08-17,26,False
33-023-009-186086,R&R Cell,SIA Completed,2025-08-17,2025-08-24,7,False
33-023-009-186086,Treasury / PFMS,SIA Completed,2025-08-24,,298,True
21-026-015-050123,Tehsildar,R&R Implementation,2025-01-31,2025-02-05,5,False
21-026-015-050123,Land Acquisition Officer,R&R Implementation,2025-02-05,2025-03-08,31,False
21-026-015-050123,R&R Cell,R&R Implementation,2025-03-08,2025-05-04,57,False
21-026-015-050123,Legal Cell,R&R Implementation,2025-05-04,2025-05-24,20,False
21-026-015-050123,Revenue Divisional Officer,R&R Implementation,2025-05-24,2025-06-04,11,False
21-026-015-050123,Treasury / PFMS,R&R Implementation,2025-06-04,2025-06-21,17,False
21-026-015-050123,District Collector,R&R Implementation,2025-06-21,,7,True
33-014-001-688634,Revenue Divisional Officer,Section 11 Notification Issued,2025-03-20,2025-04-29,40,False
33-014-001-688634,Tehsildar,Section 11 Notification Issued,2025-04-29,2025-05-10,11,False
33-014-001-688634,Legal Cell,Section 11 Notification Issued,2025-05-10,2025-06-06,27,False
33-014-001-688634,District Collector,Section 11 Notification Issued,2025-06-06,,60,True
36-027-021-927366,Revenue Divisional Officer,SIA Completed,2026-07-28,2026-08-08,11,False
36-027-021-927366,Legal Cell,SIA Completed,2026-08-08,2026-08-20,12,False
36-027-021-927366,R&R Cell,SIA Completed,2026-08-20,2026-12-01,103,False
36-027-021-927366,Tehsildar,SIA Completed,2026-12-01,2027-05-02,152,False
36-027-021-927366,Treasury / PFMS,SIA Completed,2027-05-02,2027-05-13,11,False
36-027-021-927366,Land Acquisition Officer,SIA Completed,2027-05-13,,124,True
36-027-012-620266,Tehsildar,R&R Implementation,2024-11-01,2025-01-13,73,False
36-027-012-620266,Land Acquisition Officer,R&R Implementation,2025-01-13,2025-01-23,10,False
36-027-012-620266,Revenue Divisional Officer,R&R Implementation,2025-01-23,2025-02-23,31,False
36-027-012-620266,District Collector,R&R Implementation,2025-02-23,2025-04-03,39,False
36-027-012-620266,Legal Cell,R&R Implementation,2025-04-03,2025-05-30,57,False
36-027-012-620266,Treasury / PFMS,R&R Implementation,2025-05-30,,227,True
33-045-007-735680,Legal Cell,Possession Taken,2026-02-20,2026-03-27,35,False
33-045-007-735680,R&R Cell,Possession Taken,2026-03-27,2026-05-05,39,False
33-045-007-735680,Revenue Divisional Officer,Possession Taken,2026-05-05,2026-05-10,5,False
33-045-007-735680,Land Acquisition Officer,Possession Taken,2026-05-10,2026-09-04,117,False
33-045-007-735680,Treasury / PFMS,Possession Taken,2026-09-04,,69,True
22-002-024-084926,Land Acquisition Officer,Possession Taken,2025-12-21,2026-01-05,15,False
22-002-024-084926,Revenue Divisional Officer,Possession Taken,2026-01-05,2026-01-14,9,False
22-002-024-084926,District Collector,Possession Taken,2026-01-14,2026-01-16,2,False
22-002-024-084926,R&R Cell,Possession Taken,2026-01-16,2026-05-14,118,False
22-002-024-084926,Tehsildar,Possession Taken,2026-05-14,,74,True
33-031-024-214066,Tehsildar,Section 11 Notification Issued,2025-01-02,2025-01-14,12,False
33-031-024-214066,Revenue Divisional Officer,Section 11 Notification Issued,2025-01-14,2025-03-03,48,False
33-031-024-214066,Treasury / PFMS,Section 11 Notification Issued,2025-03-03,,78,True
29-022-018-697458,Treasury / PFMS,Award Declared,2026-03-17,2026-06-22,97,False
29-022-018-697458,R&R Cell,Award Declared,2026-06-22,2026-07-05,13,False
29-022-018-697458,Tehsildar,Award Declared,2026-07-05,2026-11-10,128,False
29-022-018-697458,District Collector,Award Declared,2026-11-10,2027-01-09,60,False
29-022-018-697458,Land Acquisition Officer,Award Declared,2027-01-09,2027-02-03,25,False
29-022-018-697458,Revenue Divisional Officer,Award Declared,2027-02-03,,26,True
27-037-015-638180,District Collector,Award Declared,2026-08-14,2026-10-07,54,False
27-037-015-638180,Legal Cell,Award Declared,2026-10-07,2026-10-09,2,False
27-037-015-638180,Treasury / PFMS,Award Declared,2026-10-09,2026-10-18,9,False
27-037-015-638180,Tehsildar,Award Declared,2026-10-18,2026-11-05,18,False
27-037-015-638180,Revenue Divisional Officer,Award Declared,2026-11-05,2027-01-28,84,False
27-037-015-638180,R&R Cell,Award Declared,2027-01-28,2027-02-20,23,False
27-037-015-638180,Land Acquisition Officer,Award Declared,2027-02-20,,36,True
09-015-020-941039,R&R Cell,Section 11 Notification Issued,2026-01-15,2026-03-16,60,False
09-015-020-941039,Land Acquisition Officer,Section 11 Notification Issued,2026-03-16,2026-03-21,5,False
09-015-020-941039,Treasury / PFMS,Section 11 Notification Issued,2026-03-21,2026-03-31,10,False
09-015-020-941039,District Collector,Section 11 Notification Issued,2026-03-31,2026-11-09,223,False
09-015-020-941039,Tehsildar,Section 11 Notification Issued,2026-11-09,2026-11-15,6,False
09-015-020-941039,Legal Cell,Section 11 Notification Issued,2026-11-15,,7,True
22-009-013-481454,District Collector,SIA Completed,2024-11-01,2024-12-07,36,False
22-009-013-481454,Revenue Divisional Officer,SIA Completed,2024-12-07,2024-12-20,13,False
22-009-013-481454,Land Acquisition Officer,SIA Completed,2024-12-20,2025-01-09,20,False
22-009-013-481454,Legal Cell,SIA Completed,2025-01-09,,99,True
29-022-004-788633,R&R Cell,Section 11 Notification Issued,2024-09-29,2025-04-12,195,False
29-022-004-788633,Land Acquisition Officer,Section 11 Notification Issued,2025-04-12,2025-04-29,17,False
29-022-004-788633,Treasury / PFMS,Section 11 Notification Issued,2025-04-29,2025-10-02,156,False
29-022-004-788633,Tehsildar,Section 11 Notification Issued,2025-10-02,,329,True
33-045-011-531102,Treasury / PFMS,Compensation Disbursement,2025-01-12,2025-01-30,18,False
33-045-011-531102,Revenue Divisional Officer,Compensation Disbursement,2025-01-30,2025-02-07,8,False
33-045-011-531102,District Collector,Compensation Disbursement,2025-02-07,2025-09-11,216,False
33-045-011-531102,Land Acquisition Officer,Compensation Disbursement,2025-09-11,2025-11-08,58,False
33-045-011-531102,R&R Cell,Compensation Disbursement,2025-11-08,,416,True
29-009-022-214448,Land Acquisition Officer,Award Declared,2025-10-17,2025-11-07,21,False
29-009-022-214448,Revenue Divisional Officer,Award Declared,2025-11-07,2025-11-09,2,False
29-009-022-214448,District Collector,Award Declared,2025-11-09,2025-12-09,30,False
29-009-022-214448,Tehsildar,Award Declared,2025-12-09,2026-03-06,87,False
29-009-022-214448,Legal Cell,Award Declared,2026-03-06,,175,True
21-012-024-199195,Land Acquisition Officer,SIA Completed,2025-02-11,2025-09-26,227,False
21-012-024-199195,Legal Cell,SIA Completed,2025-09-26,2025-12-06,71,False
21-012-024-199195,Tehsildar,SIA Completed,2025-12-06,,126,True
22-002-019-299770,Tehsildar,SIA Completed,2024-12-04,2025-04-15,132,False
22-002-019-299770,Treasury / PFMS,SIA Completed,2025-04-15,2025-07-19,95,False
22-002-019-299770,Land Acquisition Officer,SIA Completed,2025-07-19,,5,True
29-009-019-414479,R&R Cell,Award Declared,2024-06-06,2024-07-06,30,False
29-009-019-414479,Land Acquisition Officer,Award Declared,2024-07-06,2024-07-10,4,False
29-009-019-414479,Tehsildar,Award Declared,2024-07-10,2024-08-21,42,False
29-009-019-414479,Legal Cell,Award Declared,2024-08-21,2025-01-16,148,False
29-009-019-414479,District Collector,Award Declared,2025-01-16,2025-01-23,7,False
29-009-019-414479,Revenue Divisional Officer,Award Declared,2025-01-23,2025-02-17,25,False
29-009-019-414479,Treasury / PFMS,Award Declared,2025-02-17,,53,True
27-037-024-592138,Revenue Divisional Officer,Award Declared,2024-07-21,2024-10-15,86,False
27-037-024-592138,Legal Cell,Award Declared,2024-10-15,2025-01-12,89,False
27-037-024-592138,R&R Cell,Award Declared,2025-01-12,,521,True
09-031-016-995048,Legal Cell,Award Declared,2025-09-03,2025-09-19,16,False
09-031-016-995048,District Collector,Award Declared,2025-09-19,2025-10-10,21,False
09-031-016-995048,Land Acquisition Officer,Award Declared,2025-10-10,2025-10-26,16,False
09-031-016-995048,Tehsildar,Award Declared,2025-10-26,2025-11-08,13,False
09-031-016-995048,Revenue Divisional Officer,Award Declared,2025-11-08,2026-05-18,191,False
09-031-016-995048,Treasury / PFMS,Award Declared,2026-05-18,2026-05-30,12,False
09-031-016-995048,R&R Cell,Award Declared,2026-05-30,,131,True
27-001-015-405987,R&R Cell,R&R Implementation,2025-04-30,2025-05-14,14,False
27-001-015-405987,Treasury / PFMS,R&R Implementation,2025-05-14,2025-07-31,78,False
27-001-015-405987,Tehsildar,R&R Implementation,2025-07-31,2025-09-26,57,False
27-001-015-405987,Land Acquisition Officer,R&R Implementation,2025-09-26,2025-11-10,45,False
27-001-015-405987,Legal Cell,R&R Implementation,2025-11-10,2025-12-31,51,False
27-001-015-405987,Revenue Divisional Officer,R&R Implementation,2025-12-31,2026-01-27,27,False
27-001-015-405987,District Collector,R&R Implementation,2026-01-27,,65,True
36-027-010-986859,Land Acquisition Officer,R&R Implementation,2026-07-14,2026-09-02,50,False
36-027-010-986859,Treasury / PFMS,R&R Implementation,2026-09-02,2026-09-10,8,False
36-027-010-986859,R&R Cell,R&R Implementation,2026-09-10,,11,True
23-033-020-797383,Revenue Divisional Officer,SIA Completed,2025-08-29,2025-10-19,51,False
23-033-020-797383,Treasury / PFMS,SIA Completed,2025-10-19,2025-11-11,23,False
23-033-020-797383,Tehsildar,SIA Completed,2025-11-11,2026-01-02,52,False
23-033-020-797383,Legal Cell,SIA Completed,2026-01-02,2026-04-10,98,False
23-033-020-797383,R&R Cell,SIA Completed,2026-04-10,2026-04-15,5,False
23-033-020-797383,Land Acquisition Officer,SIA Completed,2026-04-15,,6,True
22-002-010-708428,Tehsildar,R&R Implementation,2026-02-20,2026-02-27,7,False
22-002-010-708428,Legal Cell,R&R Implementation,2026-02-27,2026-04-26,58,False
22-002-010-708428,R&R Cell,R&R Implementation,2026-04-26,2026-08-03,99,False
22-002-010-708428,District Collector,R&R Implementation,2026-08-03,,159,True
36-027-013-314456,Revenue Divisional Officer,R&R Implementation,2024-08-30,2024-09-18,19,False
36-027-013-314456,R&R Cell,R&R Implementation,2024-09-18,2024-10-28,40,False
36-027-013-314456,Treasury / PFMS,R&R Implementation,2024-10-28,,46,True
23-028-006-699935,Tehsildar,SIA Completed,2025-06-13,2025-06-24,11,False
23-028-006-699935,Legal Cell,SIA Completed,2025-06-24,2025-12-10,169,False
23-028-006-699935,Land Acquisition Officer,SIA Completed,2025-12-10,2026-02-05,57,False
23-028-006-699935,Treasury / PFMS,SIA Completed,2026-02-05,2026-07-20,165,False
23-028-006-699935,District Collector,SIA Completed,2026-07-20,2026-07-25,5,False
23-028-006-699935,Revenue Divisional Officer,SIA Completed,2026-07-25,,189,True
29-009-006-314592,Revenue Divisional Officer,R&R Implementation,2026-07-02,2026-09-02,62,False
29-009-006-314592,Treasury / PFMS,R&R Implementation,2026-09-02,2026-09-15,13,False
29-009-006-314592,Land Acquisition Officer,R&R Implementation,2026-09-15,2026-11-07,53,False
29-009-006-314592,District Collector,R&R Implementation,2026-11-07,2027-04-08,152,False
29-009-006-314592,Tehsildar,R&R Implementation,2027-04-08,,74,True
36-019-011-773030,Treasury / PFMS,SIA Completed,2025-09-16,2025-10-08,22,False
36-019-011-773030,Revenue Divisional Officer,SIA Completed,2025-10-08,2025-10-28,20,False
36-019-011-773030,District Collector,SIA Completed,2025-10-28,,85,True
36-019-018-438600,Land Acquisition Officer,SIA Completed,2025-06-05,2025-11-10,158,False
36-019-018-438600,Legal Cell,SIA Completed,2025-11-10,2026-02-04,86,False
36-019-018-438600,R&R Cell,SIA Completed,2026-02-04,,91,True
33-045-023-585144,District Collector,R&R Implementation,2026-01-20,2026-01-28,8,False
33-045-023-585144,Legal Cell,R&R Implementation,2026-01-28,2026-03-12,43,False
33-045-023-585144,R&R Cell,R&R Implementation,2026-03-12,2026-04-13,32,False
33-045-023-585144,Land Acquisition Officer,R&R Implementation,2026-04-13,2026-05-18,35,False
33-045-023-585144,Revenue Divisional Officer,R&R Implementation,2026-05-18,2026-06-03,16,False
33-045-023-585144,Treasury / PFMS,R&R Implementation,2026-06-03,,45,True
29-022-023-972424,Revenue Divisional Officer,SIA Completed,2024-11-06,2024-11-08,2,False
29-022-023-972424,R&R Cell,SIA Completed,2024-11-08,2024-11-10,2,False
29-022-023-972424,Legal Cell,SIA Completed,2024-11-10,,201,True
23-028-018-479015,Tehsildar,R&R Implementation,2025-03-06,2025-03-27,21,False
23-028-018-479015,District Collector,R&R Implementation,2025-03-27,2025-08-23,149,False
23-028-018-479015,Treasury / PFMS,R&R Implementation,2025-08-23,2025-09-15,23,False
23-028-018-479015,Legal Cell,R&R Implementation,2025-09-15,,40,True
09-031-006-348412,R&R Cell,SIA Completed,2024-07-29,2024-10-22,85,False
09-031-006-348412,District Collector,SIA Completed,2024-10-22,2024-11-20,29,False
09-031-006-348412,Tehsildar,SIA Completed,2024-11-20,2025-02-11,83,False
09-031-006-348412,Legal Cell,SIA Completed,2025-02-11,2025-04-01,49,False
09-031-006-348412,Land Acquisition Officer,SIA Completed,2025-04-01,2025-07-26,116,False
09-031-006-348412,Treasury / PFMS,SIA Completed,2025-07-26,2025-07-31,5,False
09-031-006-348412,Revenue Divisional Officer,SIA Completed,2025-07-31,,236,True
33-031-016-364585,Land Acquisition Officer,Award Declared,2026-05-29,2026-06-14,16,False
33-031-016-364585,Legal Cell,Award Declared,2026-06-14,2026-09-04,82,False
33-031-016-364585,Treasury / PFMS,Award Declared,2026-09-04,,80,True
36-019-005-718976,District Collector,Section 11 Notification Issued,2025-07-10,2025-09-12,64,False
36-019-005-718976,Land Acquisition Officer,Section 11 Notification Issued,2025-09-12,2025-09-18,6,False
36-019-005-718976,R&R Cell,Section 11 Notification Issued,2025-09-18,,239,True
09-044-002-147956,Legal Cell,Award Declared,2025-03-04,2025-05-05,62,False
09-044-002-147956,Revenue Divisional Officer,Award Declared,2025-05-05,2025-08-14,101,False
09-044-002-147956,Treasury / PFMS,Award Declared,2025-08-14,2025-10-02,49,False
09-044-002-147956,Tehsildar,Award Declared,2025-10-02,2025-10-18,16,False
09-044-002-147956,District Collector,Award Declared,2025-10-18,2025-10-20,2,False
09-044-002-147956,R&R Cell,Award Declared,2025-10-20,,102,True
27-013-004-547768,District Collector,R&R Implementation,2024-12-18,2025-01-10,23,False
27-013-004-547768,Treasury / PFMS,R&R Implementation,2025-01-10,2025-03-08,57,False
27-013-004-547768,Revenue Divisional Officer,R&R Implementation,2025-03-08,,96,True
09-031-014-618305,Tehsildar,SIA Completed,2025-05-11,2025-07-03,53,False
09-031-014-618305,Revenue Divisional Officer,SIA Completed,2025-07-03,2025-10-16,105,False
09-031-014-618305,Treasury / PFMS,SIA Completed,2025-10-16,,67,True
22-009-013-311291,Legal Cell,Compensation Disbursement,2025-12-08,2026-01-28,51,False
22-009-013-311291,R&R Cell,Compensation Disbursement,2026-01-28,2026-02-22,25,False
22-009-013-311291,District Collector,Compensation Disbursement,2026-02-22,2026-07-02,130,False
22-009-013-311291,Tehsildar,Compensation Disbursement,2026-07-02,2026-09-17,77,False
22-009-013-311291,Land Acquisition Officer,Compensation Disbursement,2026-09-17,2027-02-22,158,False
22-009-013-311291,Revenue Divisional Officer,Compensation Disbursement,2027-02-22,2027-06-25,123,False
22-009-013-311291,Treasury / PFMS,Compensation Disbursement,2027-06-25,,262,True
27-001-022-863752,R&R Cell,Award Declared,2026-04-05,2026-06-30,86,False
27-001-022-863752,District Collector,Award Declared,2026-06-30,2026-08-02,33,False
27-001-022-863752,Tehsildar,Award Declared,2026-08-02,2026-08-09,7,False
27-001-022-863752,Legal Cell,Award Declared,2026-08-09,2026-08-25,16,False
27-001-022-863752,Land Acquisition Officer,Award Declared,2026-08-25,2026-10-21,57,False
27-001-022-863752,Treasury / PFMS,Award Declared,2026-10-21,2026-12-07,47,False
27-001-022-863752,Revenue Divisional Officer,Award Declared,2026-12-07,,55,True
23-033-018-663495,Revenue Divisional Officer,R&R Implementation,2026-05-14,2027-01-16,247,False
23-033-018-663495,District Collector,R&R Implementation,2027-01-16,2027-01-20,4,False
23-033-018-663495,Legal Cell,R&R Implementation,2027-01-20,2027-03-23,62,False
23-033-018-663495,R&R Cell,R&R Implementation,2027-03-23,2027-04-10,18,False
23-033-018-663495,Tehsildar,R&R Implementation,2027-04-10,2027-07-07,88,False
23-033-018-663495,Treasury / PFMS,R&R Implementation,2027-07-07,2027-09-05,60,False
23-033-018-663495,Land Acquisition Officer,R&R Implementation,2027-09-05,,112,True
27-037-017-162212,R&R Cell,Possession Taken,2026-02-21,2026-03-19,26,False
27-037-017-162212,Legal Cell,Possession Taken,2026-03-19,2026-03-26,7,False
27-037-017-162212,Tehsildar,Possession Taken,2026-03-26,2026-04-14,19,False
27-037-017-162212,Revenue Divisional Officer,Possession Taken,2026-04-14,2026-05-03,19,False
27-037-017-162212,Treasury / PFMS,Possession Taken,2026-05-03,2026-11-20,201,False
27-037-017-162212,Land Acquisition Officer,Possession Taken,2026-11-20,2026-12-18,28,False
27-037-017-162212,District Collector,Possession Taken,2026-12-18,,178,True
36-019-019-740318,Land Acquisition Officer,Compensation Disbursement,2024-09-30,2024-11-02,33,False
36-019-019-740318,Revenue Divisional Officer,Compensation Disbursement,2024-11-02,2024-12-13,41,False
36-019-019-740318,District Collector,Compensation Disbursement,2024-12-13,2025-04-10,118,False
36-019-019-740318,R&R Cell,Compensation Disbursement,2025-04-10,,84,True
27-025-019-655829,District Collector,Compensation Disbursement,2024-11-02,2024-11-30,28,False
27-025-019-655829,Tehsildar,Compensation Disbursement,2024-11-30,2024-12-02,2,False
27-025-019-655829,Revenue Divisional Officer,Compensation Disbursement,2024-12-02,,12,True
33-031-022-233231,Legal Cell,Section 11 Notification Issued,2026-02-20,2026-02-22,2,False
33-031-022-233231,Revenue Divisional Officer,Section 11 Notification Issued,2026-02-22,2026-03-18,24,False
33-031-022-233231,Tehsildar,Section 11 Notification Issued,2026-03-18,2026-04-11,24,False
33-031-022-233231,Treasury / PFMS,Section 11 Notification Issued,2026-04-11,2026-04-26,15,False
33-031-022-233231,R&R Cell,Section 11 Notification Issued,2026-04-26,,3,True
21-012-011-872921,Treasury / PFMS,Compensation Disbursement,2026-05-23,2026-09-25,125,False
21-012-011-872921,Legal Cell,Compensation Disbursement,2026-09-25,2026-10-20,25,False
21-012-011-872921,Land Acquisition Officer,Compensation Disbursement,2026-10-20,,75,True
36-003-019-631474,Revenue Divisional Officer,R&R Implementation,2025-02-26,2025-07-30,154,False
36-003-019-631474,District Collector,R&R Implementation,2025-07-30,2025-09-10,42,False
36-003-019-631474,R&R Cell,R&R Implementation,2025-09-10,2025-11-03,54,False
36-003-019-631474,Treasury / PFMS,R&R Implementation,2025-11-03,2026-02-07,96,False
36-003-019-631474,Legal Cell,R&R Implementation,2026-02-07,2026-02-28,21,False
36-003-019-631474,Tehsildar,R&R Implementation,2026-02-28,2026-03-05,5,False
36-003-019-631474,Land Acquisition Officer,R&R Implementation,2026-03-05,,46,True
27-001-016-928452,R&R Cell,Compensation Disbursement,2025-01-27,2025-04-16,79,False
27-001-016-928452,Land Acquisition Officer,Compensation Disbursement,2025-04-16,2025-07-13,88,False
27-001-016-928452,Treasury / PFMS,Compensation Disbursement,2025-07-13,2026-01-20,191,False
27-001-016-928452,Legal Cell,Compensation Disbursement,2026-01-20,2026-01-22,2,False
27-001-016-928452,Tehsildar,Compensation Disbursement,2026-01-22,,98,True
29-022-006-554201,R&R Cell,Possession Taken,2026-08-20,2026-08-23,3,False
29-022-006-554201,Land Acquisition Officer,Possession Taken,2026-08-23,2026-08-26,3,False
29-022-006-554201,Revenue Divisional Officer,Possession Taken,2026-08-26,,78,True
09-015-018-017810,Land Acquisition Officer,Section 11 Notification Issued,2025-01-05,2025-01-21,16,False
09-015-018-017810,Legal Cell,Section 11 Notification Issued,2025-01-21,2025-02-09,19,False
09-015-018-017810,Treasury / PFMS,Section 11 Notification Issued,2025-02-09,2025-03-14,33,False
09-015-018-017810,Revenue Divisional Officer,Section 11 Notification Issued,2025-03-14,2025-04-27,44,False
09-015-018-017810,Tehsildar,Section 11 Notification Issued,2025-04-27,2025-06-30,64,False
09-015-018-017810,R&R Cell,Section 11 Notification Issued,2025-06-30,2025-10-03,95,False
09-015-018-017810,District Collector,Section 11 Notification Issued,2025-10-03,,106,True
29-018-014-922306,Legal Cell,Possession Taken,2025-11-15,2026-02-02,79,False
29-018-014-922306,Tehsildar,Possession Taken,2026-02-02,2026-02-17,15,False
29-018-014-922306,Land Acquisition Officer,Possession Taken,2026-02-17,2026-07-26,159,False
29-018-014-922306,District Collector,Possession Taken,2026-07-26,2026-07-30,4,False
29-018-014-922306,R&R Cell,Possession Taken,2026-07-30,2027-04-04,248,False
29-018-014-922306,Treasury / PFMS,Possession Taken,2027-04-04,2027-04-07,3,False
29-018-014-922306,Revenue Divisional Officer,Possession Taken,2027-04-07,,66,True
29-018-021-168743,Land Acquisition Officer,Award Declared,2025-11-28,2026-01-03,36,False
29-018-021-168743,Legal Cell,Award Declared,2026-01-03,2026-01-05,2,False
29-018-021-168743,Treasury / PFMS,Award Declared,2026-01-05,2026-02-09,35,False
29-018-021-168743,R&R Cell,Award Declared,2026-02-09,,248,True
36-003-022-552861,R&R Cell,Compensation Disbursement,2026-04-07,2026-10-20,196,False
36-003-022-552861,District Collector,Compensation Disbursement,2026-10-20,2026-12-21,62,False
36-003-022-552861,Tehsildar,Compensation Disbursement,2026-12-21,2026-12-25,4,False
36-003-022-552861,Land Acquisition Officer,Compensation Disbursement,2026-12-25,2027-01-31,37,False
36-003-022-552861,Legal Cell,Compensation Disbursement,2027-01-31,,63,True
36-027-006-486547,District Collector,Possession Taken,2025-03-03,2025-06-20,109,False
36-027-006-486547,Land Acquisition Officer,Possession Taken,2025-06-20,2025-08-05,46,False
36-027-006-486547,Legal Cell,Possession Taken,2025-08-05,2025-08-09,4,False
36-027-006-486547,Treasury / PFMS,Possession Taken,2025-08-09,,194,True
27-001-012-918143,Revenue Divisional Officer,Award Declared,2025-05-09,2025-07-07,59,False
27-001-012-918143,Land Acquisition Officer,Award Declared,2025-07-07,2025-08-08,32,False
27-001-012-918143,Treasury / PFMS,Award Declared,2025-08-08,2025-08-19,11,False
27-001-012-918143,Legal Cell,Award Declared,2025-08-19,2025-09-22,34,False
27-001-012-918143,Tehsildar,Award Declared,2025-09-22,,390,True
36-003-002-248756,District Collector,Possession Taken,2026-05-29,2026-08-06,69,False
36-003-002-248756,Land Acquisition Officer,Possession Taken,2026-08-06,2026-08-30,24,False
36-003-002-248756,Tehsildar,Possession Taken,2026-08-30,2026-09-28,29,False
36-003-002-248756,Revenue Divisional Officer,Possession Taken,2026-09-28,,12,True
09-002-022-794672,Land Acquisition Officer,Compensation Disbursement,2025-10-11,2025-11-07,27,False
09-002-022-794672,Treasury / PFMS,Compensation Disbursement,2025-11-07,2025-12-08,31,False
09-002-022-794672,District Collector,Compensation Disbursement,2025-12-08,2025-12-22,14,False
09-002-022-794672,Legal Cell,Compensation Disbursement,2025-12-22,,76,True
09-044-006-290384,Treasury / PFMS,SIA Completed,2025-08-10,2025-08-26,16,False
09-044-006-290384,Land Acquisition Officer,SIA Completed,2025-08-26,2025-12-29,125,False
09-044-006-290384,Tehsildar,SIA Completed,2025-12-29,2026-03-05,66,False
09-044-006-290384,Revenue Divisional Officer,SIA Completed,2026-03-05,2026-05-03,59,False
09-044-006-290384,District Collector,SIA Completed,2026-05-03,2026-05-24,21,False
09-044-006-290384,Legal Cell,SIA Completed,2026-05-24,2026-06-07,14,False
09-044-006-290384,R&R Cell,SIA Completed,2026-06-07,,125,True
09-044-016-721787,Tehsildar,SIA Completed,2026-06-28,2026-07-15,17,False
09-044-016-721787,Treasury / PFMS,SIA Completed,2026-07-15,2027-05-11,300,False
09-044-016-721787,R&R Cell,SIA Completed,2027-05-11,,84,True
33-014-001-555143,Revenue Divisional Officer,R&R Implementation,2024-12-25,2025-01-25,31,False
33-014-001-555143,R&R Cell,R&R Implementation,2025-01-25,2025-03-18,52,False
33-014-001-555143,Tehsildar,R&R Implementation,2025-03-18,2025-06-27,101,False
33-014-001-555143,Legal Cell,R&R Implementation,2025-06-27,2025-10-05,100,False
33-014-001-555143,District Collector,R&R Implementation,2025-10-05,,47,True
33-014-006-723639,Tehsildar,SIA Completed,2026-07-13,2026-07-25,12,False
33-014-006-723639,Revenue Divisional Officer,SIA Completed,2026-07-25,2026-09-04,41,False
33-014-006-723639,Treasury / PFMS,SIA Completed,2026-09-04,2027-02-05,154,False
33-014-006-723639,Land Acquisition Officer,SIA Completed,2027-02-05,2027-03-09,32,False
33-014-006-723639,District Collector,SIA Completed,2027-03-09,2027-06-20,103,False
33-014-006-723639,Legal Cell,SIA Completed,2027-06-20,2027-06-23,3,False
33-014-006-723639,R&R Cell,SIA Completed,2027-06-23,,57,True
33-045-020-990820,Tehsildar,Section 11 Notification Issued,2026-05-02,2026-05-07,5,False
33-045-020-990820,R&R Cell,Section 11 Notification Issued,2026-05-07,2026-06-01,25,False
33-045-020-990820,Land Acquisition Officer,Section 11 Notification Issued,2026-06-01,2026-08-15,75,False
33-045-020-990820,Treasury / PFMS,Section 11 Notification Issued,2026-08-15,2026-08-17,2,False
33-045-020-990820,Legal Cell,Section 11 Notification Issued,2026-08-17,,14,True
36-019-007-248099,District Collector,SIA Completed,2026-02-17,2026-02-27,10,False
36-019-007-248099,Treasury / PFMS,SIA Completed,2026-02-27,2026-03-08,9,False
36-019-007-248099,Revenue Divisional Officer,SIA Completed,2026-03-08,2026-03-10,2,False
36-019-007-248099,Tehsildar,SIA Completed,2026-03-10,2026-06-19,101,False
36-019-007-248099,Legal Cell,SIA Completed,2026-06-19,2026-09-08,81,False
36-019-007-248099,R&R Cell,SIA Completed,2026-09-08,2026-09-10,2,False
36-019-007-248099,Land Acquisition Officer,SIA Completed,2026-09-10,,36,True
21-012-024-553314,Land Acquisition Officer,R&R Implementation,2026-07-24,2026-08-07,14,False
21-012-024-553314,Legal Cell,R&R Implementation,2026-08-07,2026-09-01,25,False
21-012-024-553314,Tehsildar,R&R Implementation,2026-09-01,,50,True
21-026-015-965730,Legal Cell,Possession Taken,2024-09-22,2024-10-25,33,False
21-026-015-965730,Revenue Divisional Officer,Possession Taken,2024-10-25,2024-11-17,23,False
21-026-015-965730,Treasury / PFMS,Possession Taken,2024-11-17,2024-12-23,36,False
21-026-015-965730,R&R Cell,Possession Taken,2024-12-23,2025-01-06,14,False
21-026-015-965730,Land Acquisition Officer,Possession Taken,2025-01-06,,10,True
22-018-024-953394,Legal Cell,SIA Completed,2025-02-25,2025-04-20,54,False
22-018-024-953394,R&R Cell,SIA Completed,2025-04-20,2025-05-25,35,False
22-018-024-953394,District Collector,SIA Completed,2025-05-25,,62,True
21-005-007-293405,R&R Cell,Compensation Disbursement,2026-07-04,2026-09-18,76,False
21-005-007-293405,District Collector,Compensation Disbursement,2026-09-18,2026-12-01,74,False
21-005-007-293405,Land Acquisition Officer,Compensation Disbursement,2026-12-01,2027-02-18,79,False
21-005-007-293405,Legal Cell,Compensation Disbursement,2027-02-18,2027-05-21,92,False
21-005-007-293405,Tehsildar,Compensation Disbursement,2027-05-21,2027-05-26,5,False
21-005-007-293405,Revenue Divisional Officer,Compensation Disbursement,2027-05-26,,3,True
09-031-010-811785,Revenue Divisional Officer,Section 11 Notification Issued,2026-02-07,2026-03-04,25,False
09-031-010-811785,Tehsildar,Section 11 Notification Issued,2026-03-04,2026-07-24,142,False
09-031-010-811785,Treasury / PFMS,Section 11 Notification Issued,2026-07-24,2026-07-27,3,False
09-031-010-811785,R&R Cell,Section 11 Notification Issued,2026-07-27,2026-09-18,53,False
09-031-010-811785,Land Acquisition Officer,Section 11 Notification Issued,2026-09-18,,26,True
09-015-017-846324,Legal Cell,R&R Implementation,2025-05-17,2025-07-13,57,False
09-015-017-846324,Land Acquisition Officer,R&R Implementation,2025-07-13,2025-07-27,14,False
09-015-017-846324,Revenue Divisional Officer,R&R Implementation,2025-07-27,2025-08-18,22,False
09-015-017-846324,Tehsildar,R&R Implementation,2025-08-18,2025-09-03,16,False
09-015-017-846324,District Collector,R&R Implementation,2025-09-03,2025-11-22,80,False
09-015-017-846324,R&R Cell,R&R Implementation,2025-11-22,,37,True
29-007-015-263678,R&R Cell,Section 11 Notification Issued,2026-02-10,2026-07-20,160,False
29-007-015-263678,Legal Cell,Section 11 Notification Issued,2026-07-20,2026-09-12,54,False
29-007-015-263678,Treasury / PFMS,Section 11 Notification Issued,2026-09-12,2026-09-16,4,False
29-007-015-263678,Tehsildar,Section 11 Notification Issued,2026-09-16,,167,True
09-002-006-963241,Tehsildar,R&R Implementation,2026-03-25,2026-03-30,5,False
09-002-006-963241,R&R Cell,R&R Implementation,2026-03-30,2026-09-26,180,False
09-002-006-963241,Treasury / PFMS,R&R Implementation,2026-09-26,2026-09-28,2,False
09-002-006-963241,Legal Cell,R&R Implementation,2026-09-28,2026-10-21,23,False
09-002-006-963241,District Collector,R&R Implementation,2026-10-21,2026-11-12,22,False
09-002-006-963241,Revenue Divisional Officer,R&R Implementation,2026-11-12,,224,True
09-044-017-574913,Legal Cell,Award Declared,2026-07-25,2026-12-25,153,False
09-044-017-574913,District Collector,Award Declared,2026-12-25,2027-04-07,103,False
09-044-017-574913,Treasury / PFMS,Award Declared,2027-04-07,2027-05-14,37,False
09-044-017-574913,Tehsildar,Award Declared,2027-05-14,2027-08-24,102,False
09-044-017-574913,Revenue Divisional Officer,Award Declared,2027-08-24,2027-09-02,9,False
09-044-017-574913,Land Acquisition Officer,Award Declared,2027-09-02,,130,True
33-031-021-496220,Revenue Divisional Officer,Possession Taken,2025-07-09,2025-07-22,13,False
33-031-021-496220,R&R Cell,Possession Taken,2025-07-22,2025-09-20,60,False
33-031-021-496220,Tehsildar,Possession Taken,2025-09-20,2025-10-26,36,False
33-031-021-496220,Land Acquisition Officer,Possession Taken,2025-10-26,,3,True
36-019-020-135512,Legal Cell,SIA Completed,2026-06-12,2026-06-14,2,False
36-019-020-135512,Land Acquisition Officer,SIA Completed,2026-06-14,2026-07-21,37,False
36-019-020-135512,District Collector,SIA Completed,2026-07-21,,156,True
21-005-020-459268,Revenue Divisional Officer,Section 11 Notification Issued,2026-02-07,2026-02-13,6,False
21-005-020-459268,District Collector,Section 11 Notification Issued,2026-02-13,2026-03-10,25,False
21-005-020-459268,Legal Cell,Section 11 Notification Issued,2026-03-10,2026-04-12,33,False
21-005-020-459268,Tehsildar,Section 11 Notification Issued,2026-04-12,,3,True
09-002-019-518833,District Collector,Section 11 Notification Issued,2025-05-13,2025-06-11,29,False
09-002-019-518833,Revenue Divisional Officer,Section 11 Notification Issued,2025-06-11,2025-06-13,2,False
09-002-019-518833,R&R Cell,Section 11 Notification Issued,2025-06-13,2025-10-11,120,False
09-002-019-518833,Tehsildar,Section 11 Notification Issued,2025-10-11,2025-12-04,54,False
09-002-019-518833,Legal Cell,Section 11 Notification Issued,2025-12-04,2025-12-12,8,False
09-002-019-518833,Treasury / PFMS,Section 11 Notification Issued,2025-12-12,,18,True
36-003-016-652606,Revenue Divisional Officer,SIA Completed,2024-09-13,2024-09-21,8,False
36-003-016-652606,R&R Cell,SIA Completed,2024-09-21,2025-02-25,157,False
36-003-016-652606,Legal Cell,SIA Completed,2025-02-25,2025-03-27,30,False
36-003-016-652606,Land Acquisition Officer,SIA Completed,2025-03-27,2025-04-28,32,False
36-003-016-652606,Treasury / PFMS,SIA Completed,2025-04-28,2025-11-05,191,False
36-003-016-652606,District Collector,SIA Completed,2025-11-05,2025-12-05,30,False
36-003-016-652606,Tehsildar,SIA Completed,2025-12-05,,185,True
21-012-004-001947,District Collector,Section 11 Notification Issued,2025-11-23,2026-01-06,44,False
21-012-004-001947,Treasury / PFMS,Section 11 Notification Issued,2026-01-06,2026-02-05,30,False
21-012-004-001947,Tehsildar,Section 11 Notification Issued,2026-02-05,2026-03-31,54,False
21-012-004-001947,Revenue Divisional Officer,Section 11 Notification Issued,2026-03-31,,210,True
22-014-017-221878,Revenue Divisional Officer,Section 11 Notification Issued,2024-06-04,2024-09-19,107,False
22-014-017-221878,District Collector,Section 11 Notification Issued,2024-09-19,2024-10-07,18,False
22-014-017-221878,Tehsildar,Section 11 Notification Issued,2024-10-07,,497,True
09-031-006-277677,R&R Cell,Possession Taken,2026-01-16,2026-03-22,65,False
09-031-006-277677,Treasury / PFMS,Possession Taken,2026-03-22,2026-03-29,7,False
09-031-006-277677,Land Acquisition Officer,Possession Taken,2026-03-29,,32,True
29-022-021-035895,Tehsildar,Section 11 Notification Issued,2025-08-26,2025-09-18,23,False
29-022-021-035895,Revenue Divisional Officer,Section 11 Notification Issued,2025-09-18,2025-10-09,21,False
29-022-021-035895,R&R Cell,Section 11 Notification Issued,2025-10-09,,309,True
